cd_fcu;tem_risco;n_setores_risco
11000490002;1;1
11000490006;0;0
11001060003;1;1
11001060004;0;0
11001060005;0;0
11001060006;1;1
11002050002;0;0
11002050003;0;0
11002050004;0;0
11002050005;1;1
11002050006;0;0
11002050007;0;0
11002050008;0;0
11002050009;1;1
11002050010;0;0
11002050011;0;0
11002050012;0;0
11002050013;1;1
11002050014;1;1
11002050016;0;0
11002050017;0;0
11002050018;0;0
11002050019;0;0
11002050020;0;0
11002050021;0;0
11002050022;1;1
11002050023;0;0
11002050024;0;0
11002050025;1;1
11002050026;1;1
11002050031;0;0
11002050032;1;1
11002050034;0;0
11002050035;0;0
11002050036;0;0
11002050037;0;0
11002050038;0;0
11002050039;0;0
11002050040;0;0
11002050041;0;0
11002050042;0;0
11002050043;0;0
11002050044;1;1
11002050045;0;0
11002050046;1;1
11002050047;0;0
11002050048;1;1
11002050049;0;0
11002050050;0;0
11002050051;0;0
11002050052;0;0
11002050053;0;0
11002050054;0;0
11002050055;1;1
11002050056;1;1
11002050057;0;0
11002050058;1;1
11002050059;0;0
11002050060;0;0
11002050061;0;0
11002050062;0;0
11002050063;0;0
11002050064;0;0
11002050065;0;0
11002050066;0;0
11002050067;0;0
11002050068;0;0
11002050069;0;0
11002050070;0;0
11002050071;0;0
11002050072;0;0
11002050073;0;0
11002050074;0;0
11002050075;0;0
12001040001;1;1
12001040002;1;1
12001040003;1;1
12001040004;0;0
12001040005;0;0
12001040006;1;1
12001040007;0;0
12001040008;0;0
12001040009;1;1
12001040010;1;1
12002030001;1;1
12002030002;1;1
12002030003;0;0
12002030004;1;1
12002030005;1;1
12002030006;1;1
12002030008;1;1
12002030009;1;1
12002030010;0;0
12002030011;0;0
12002030012;0;0
12002030013;1;1
12002030014;0;0
12002030015;0;0
12002030016;1;1
12002030017;1;1
12002520001;1;1
12002520005;0;0
12002520007;0;0
12002520008;1;1
12002520009;1;1
12002520010;1;1
12004010001;1;1
12004010002;1;1
12004010004;0;0
12004010005;0;0
12004010006;1;1
12004010007;1;1
12004010008;1;1
12004010009;1;1
12004010010;1;1
12004010011;0;0
12004010013;0;0
12004010015;1;1
12004010016;0;0
12004010017;1;1
12004010018;1;1
12004010020;0;0
12004010021;0;0
12004010022;1;1
12004010023;1;1
12004010024;0;0
12004010025;0;0
12004010026;0;0
12004010027;0;0
12004010028;0;0
12004010029;0;0
12004010030;0;0
12004010031;1;1
12004010032;0;0
12004010033;0;0
12004010034;1;1
12004010036;1;1
12004010037;0;0
12004010038;0;0
12004010039;1;1
12004010041;0;0
12004010043;1;1
12004010045;1;1
12004010046;0;0
12004010047;1;1
12004010048;0;0
12004010049;0;0
12004010050;0;0
12004010051;0;0
12004010052;1;1
12004010053;1;1
12004010054;1;1
12004010055;0;0
13000600001;0;0
13000600002;0;0
13001020001;1;1
13001020002;1;1
13001020003;1;1
13004090001;1;1
13004090002;1;1
13004090003;1;1
13005080001;0;0
13006070001;0;0
13006070002;1;1
13006070004;0;0
13006800001;0;0
13006800002;0;0
13007060001;0;0
13007060002;1;1
13007060003;1;1
13007060004;1;1
13010010001;1;1
13010010002;0;0
13012090001;1;1
13012090002;0;0
13012090003;0;0
13012090004;0;0
13012090005;0;0
13012090006;1;1
13012090008;1;1
13012090009;0;0
13012090010;0;0
13012090011;0;0
13013080001;1;1
13013080002;0;0
13013080003;0;0
13013080004;0;0
13013080005;0;0
13014070001;1;1
13014070002;1;1
13014070003;1;1
13014070004;1;1
13015060001;1;1
13016540002;0;0
13018030001;1;1
13018030002;1;1
13018030003;1;1
13018520001;1;1
13018520002;0;0
13018520003;0;0
13018520004;0;0
13018520005;0;0
13018520006;0;0
13018520007;1;1
13018520008;0;0
13018520009;0;0
13018520010;0;0
13018520012;0;0
13019020001;1;1
13019020002;0;0
13019020003;0;0
13019020004;0;0
13019020005;0;0
13019020008;0;0
13019020009;0;0
13019020010;0;0
13019020011;0;0
13019020012;0;0
13019020013;0;0
13019020017;0;0
13019020019;0;0
13019020021;0;0
13019020023;0;0
13019020024;0;0
13019020026;0;0
13024050001;1;1
13024050002;0;0
13024050003;0;0
13024050004;1;1
13024050005;0;0
13024050006;0;0
13024050007;0;0
13025040001;0;0
13025040002;0;0
13025040004;0;0
13025040006;0;0
13025040007;1;1
13025040008;1;1
13025040009;1;1
13025040013;0;0
13025040014;0;0
13025040015;0;0
13025040016;0;0
13025040017;1;1
13025040018;1;1
13025040019;0;0
13026030002;1;1
13026030016;0;0
13026030017;0;0
13026030022;1;1
13026030023;1;1
13026030024;0;0
13026030025;1;1
13026030026;1;1
13026030027;1;1
13026030033;1;1
13026030035;1;1
13026030036;1;1
13026030037;1;1
13026030038;1;1
13026030039;1;1
13026030043;1;1
13026030046;0;0
13026030048;1;1
13026030050;1;1
13026030051;1;1
13026030052;1;1
13026030053;1;1
13026030055;1;1
13026030056;0;0
13026030057;1;1
13026030058;0;0
13026030060;1;1
13026030061;0;0
13026030062;1;1
13026030065;1;1
13026030067;1;1
13026030069;1;1
13026030073;0;0
13026030074;1;1
13026030075;1;1
13026030076;1;1
13026030077;0;0
13026030078;1;1
13026030079;1;1
13026030080;0;0
13026030081;0;0
13026030082;0;0
13026030083;1;1
13026030084;1;1
13026030085;1;1
13026030086;0;0
13026030087;1;1
13026030088;0;0
13026030089;1;1
13026030090;1;1
13026030091;0;0
13026030092;0;0
13026030093;0;0
13026030094;0;0
13026030095;0;0
13026030096;0;0
13026030097;1;1
13026030098;0;0
13026030099;1;1
13026030100;1;1
13026030101;1;1
13026030102;0;0
13026030103;1;1
13026030104;0;0
13026030105;0;0
13026030106;0;0
13026030107;0;0
13026030108;1;1
13026030111;1;1
13026030113;1;1
13026030116;0;0
13026030117;0;0
13026030118;0;0
13026030119;1;1
13026030120;0;0
13026030121;0;0
13026030124;1;1
13026030125;0;0
13026030126;0;0
13026030127;0;0
13026030128;0;0
13026030129;0;0
13026030130;1;1
13026030131;1;1
13026030132;1;1
13026030134;1;1
13026030135;0;0
13026030136;1;1
13026030138;1;1
13026030139;0;0
13026030140;1;1
13026030141;0;0
13026030142;0;0
13026030143;0;0
13026030145;0;0
13026030146;0;0
13026030147;0;0
13026030148;0;0
13026030149;0;0
13026030151;0;0
13026030152;1;1
13026030153;0;0
13026030154;0;0
13026030155;0;0
13026030157;0;0
13026030158;1;1
13026030159;1;1
13026030160;1;1
13026030162;1;1
13026030163;1;1
13026030164;0;0
13026030165;0;0
13026030166;1;1
13026030167;1;1
13026030169;1;1
13026030170;0;0
13026030171;0;0
13026030172;1;1
13026030174;0;0
13026030175;0;0
13026030176;0;0
13026030177;0;0
13026030178;0;0
13026030179;0;0
13026030181;0;0
13026030182;0;0
13026030183;0;0
13026030184;0;0
13026030185;0;0
13026030186;0;0
13026030187;0;0
13026030188;1;1
13026030189;1;1
13026030190;1;1
13026030191;1;1
13026030192;0;0
13026030193;0;0
13026030194;1;1
13026030195;1;1
13026030197;0;0
13026030198;0;0
13026030199;1;1
13026030201;1;1
13026030202;1;1
13026030203;1;1
13026030204;0;0
13026030205;1;1
13026030206;1;1
13026030207;0;0
13026030208;1;1
13026030209;0;0
13026030210;0;0
13026030211;0;0
13026030212;0;0
13026030213;0;0
13026030214;1;1
13026030215;1;1
13026030216;0;0
13026030217;0;0
13026030219;0;0
13026030220;0;0
13026030221;0;0
13026030222;1;1
13026030223;0;0
13026030225;0;0
13026030227;0;0
13026030229;0;0
13026030232;0;0
13026030234;0;0
13026030236;1;1
13026030237;0;0
13026030239;0;0
13026030240;0;0
13026030242;1;1
13026030243;1;1
13026030244;0;0
13026030245;1;1
13026030248;0;0
13026030249;1;1
13026030250;1;1
13026030251;0;0
13026030252;0;0
13026030253;1;1
13026030254;1;1
13026030256;0;0
13026030257;1;1
13026030258;0;0
13026030259;0;0
13026030261;1;1
13026030262;0;0
13026030263;1;1
13026030264;0;0
13026030265;0;0
13026030266;1;1
13026030267;0;0
13026030268;0;0
13026030270;0;0
13026030271;0;0
13026030272;1;1
13026030274;0;0
13026030275;1;1
13026030276;0;0
13026030279;0;0
13026030280;1;1
13026030281;1;1
13026030282;0;0
13026030283;0;0
13026030284;1;1
13026030285;0;0
13026030286;1;1
13026030289;1;1
13026030290;1;1
13026030291;1;1
13026030292;1;1
13026030293;1;1
13026030295;0;0
13026030298;0;0
13026030300;0;0
13026030301;0;0
13026030303;0;0
13026030304;1;1
13026030305;0;0
13026030306;0;0
13026030308;1;1
13026030309;0;0
13026030311;0;0
13026030314;0;0
13026030318;0;0
13026030319;1;1
13026030320;0;0
13026030321;1;1
13026030322;0;0
13026030323;1;1
13026030324;0;0
13026030325;0;0
13026030327;0;0
13029000001;0;0
13032050002;0;0
13032050003;0;0
13034030001;0;0
13034030002;0;0
13034030004;0;0
13034030005;0;0
13034030006;0;0
13034030007;0;0
13034030008;0;0
13034030009;0;0
13034030011;0;0
13034030013;0;0
13034030020;0;0
13034030021;0;0
13034030022;0;0
13034030025;0;0
13034030026;0;0
13034030027;0;0
13035360001;1;1
13035360002;0;0
13035360003;0;0
13035360005;0;0
13035360006;0;0
13035360007;0;0
13035690001;0;0
13035690005;1;1
13035690008;0;0
13035690009;1;1
13035690010;1;1
13037000001;1;1
13037000002;0;0
13037000003;0;0
13037000004;0;0
13037000005;1;1
13037000006;1;1
13040620001;0;0
13040620002;0;0
13040620003;1;1
13040620004;0;0
13040620008;0;0
13040620011;0;0
13040620012;0;0
13040620013;0;0
13040620014;0;0
13040620015;0;0
13042030003;1;1
13042030004;0;0
13042030005;1;1
13042030006;1;1
13042030007;0;0
13042030008;0;0
13042030009;0;0
13042030010;0;0
13042030011;0;0
13042030013;1;1
13042030014;0;0
13042370001;1;1
13042370002;0;0
13043020001;0;0
13044010001;0;0
13044010002;0;0
13044010003;1;1
14001000001;0;0
14001000003;0;0
14001000004;0;0
14001000005;0;0
14001000009;0;0
14001000012;0;0
14001000013;0;0
14001000017;0;0
14001000018;0;0
14001000019;0;0
15001070001;1;1
15001070002;1;1
15002060001;0;0
15002060002;1;1
15002060003;1;1
15002060004;0;0
15002060005;1;1
15002060006;0;0
15002060007;0;0
15002060008;0;0
15003050001;0;0
15005030001;1;1
15005030002;1;1
15006020001;0;0
15006020006;0;0
15006020008;0;0
15006020009;0;0
15006020010;0;0
15006020011;0;0
15008000001;0;0
15008000002;0;0
15008000004;1;1
15008000006;0;0
15008000007;0;0
15008000008;0;0
15008000009;0;0
15008000010;0;0
15008000011;0;0
15008000013;0;0
15008000014;0;0
15008000016;0;0
15008000017;0;0
15008000018;0;0
15008000019;0;0
15008000020;0;0
15008000021;1;1
15008000022;1;1
15008000023;1;1
15008000024;0;0
15008000025;1;1
15008000026;1;1
15008000028;0;0
15008000029;0;0
15008000030;1;1
15008000032;0;0
15008000033;0;0
15008000034;0;0
15008000035;0;0
15008000036;0;0
15008000037;0;0
15008000038;0;0
15008000039;0;0
15008000040;0;0
15008000041;0;0
15008000042;1;1
15008000043;1;1
15008000044;0;0
15008000045;0;0
15008000046;0;0
15008000047;0;0
15008000048;0;0
15008000049;0;0
15008000050;0;0
15008000051;0;0
15008000052;0;0
15008000053;0;0
15008000054;1;1
15008000055;0;0
15008000057;0;0
15008000058;0;0
15008000059;1;1
15008000060;0;0
15008000061;0;0
15008000062;1;1
15008000063;0;0
15008000064;1;1
15008000065;0;0
15008000066;0;0
15008000069;0;0
15008000070;0;0
15008000071;0;0
15008000072;0;0
15008000074;0;0
15008000075;1;1
15008000076;1;1
15008000077;0;0
15008000078;0;0
15008000079;1;1
15008000080;0;0
15008000081;0;0
15008000082;1;1
15008000083;0;0
15008000084;0;0
15008000085;0;0
15008000086;0;0
15008000087;1;1
15008000089;1;1
15008000091;0;0
15008000092;0;0
15008000093;0;0
15008000094;0;0
15008000096;0;0
15008000097;0;0
15008000098;0;0
15008000099;0;0
15008000100;0;0
15008000101;0;0
15008000103;0;0
15008000104;0;0
15008000105;0;0
15008000106;0;0
15008000107;0;0
15008000108;0;0
15008000109;0;0
15008000110;0;0
15008000111;0;0
15008000112;0;0
15008000113;0;0
15008000114;0;0
15008000115;0;0
15008000117;1;1
15008000118;0;0
15008000119;0;0
15008000120;0;0
15008000121;0;0
15008000122;1;1
15008000123;0;0
15008000124;0;0
15008000125;0;0
15008000126;1;1
15008000127;1;1
15008000128;0;0
15008000129;0;0
15008000136;1;1
15008000137;0;0
15008000138;0;0
15008000139;0;0
15008000140;0;0
15008000141;1;1
15008000142;0;0
15008000143;0;0
15008000144;1;1
15008000145;0;0
15011050001;0;0
15013030001;0;0
15013030002;1;1
15013030003;0;0
15013030004;0;0
15013030005;0;0
15013030006;0;0
15014020001;1;1
15014020002;0;0
15014020003;1;1
15014020004;1;1
15014020005;0;0
15014020006;1;1
15014020007;1;1
15014020008;0;0
15014020010;1;1
15014020011;0;0
15014020013;1;1
15014020022;0;0
15014020023;0;0
15014020024;0;0
15014020025;1;1
15014020026;1;1
15014020027;1;1
15014020028;0;0
15014020029;0;0
15014020030;1;1
15014020031;0;0
15014020032;0;0
15014020033;1;1
15014020035;1;1
15014020036;1;1
15014020037;0;0
15014020038;1;1
15014020039;1;1
15014020040;0;0
15014020041;0;0
15014020042;0;0
15014020043;0;0
15014020044;1;1
15014020045;0;0
15014020046;1;1
15014020047;0;0
15014020048;0;0
15014020049;1;1
15014020050;0;0
15014020051;1;1
15014020052;1;1
15014020053;0;0
15014020054;0;0
15014020055;1;1
15014020056;1;1
15014020057;1;1
15014020058;1;1
15014020059;0;0
15014020060;1;1
15014020061;0;0
15014020062;0;0
15014020063;1;1
15014020064;0;0
15014020065;1;1
15014020066;1;1
15014020067;1;1
15014020068;0;0
15014020069;1;1
15014020070;1;1
15014020071;1;1
15014020072;1;1
15014020073;0;0
15014020075;0;0
15014020076;1;1
15014020077;0;0
15014020078;1;1
15014020079;1;1
15014020080;1;1
15014020081;0;0
15014020082;1;1
15014020083;1;1
15014020084;1;1
15014020085;0;0
15014020087;0;0
15014020089;1;1
15014020090;0;0
15014020091;0;0
15014020092;1;1
15014020093;1;1
15014020094;1;1
15014020095;1;1
15014020096;1;1
15014020097;1;1
15014020098;1;1
15014020099;0;0
15014020100;0;0
15014020102;1;1
15014020103;0;0
15014020104;1;1
15014020105;1;1
15014020106;1;1
15014020107;0;0
15014020108;1;1
15014020109;1;1
15014020110;1;1
15014020111;0;0
15014020112;0;0
15014020113;0;0
15014020114;0;0
15014020115;1;1
15014020116;1;1
15014020117;0;0
15014020118;0;0
15014020119;0;0
15014020120;0;0
15014020121;1;1
15014020122;0;0
15014020123;0;0
15014020124;0;0
15014020125;0;0
15014020126;0;0
15014020127;0;0
15014020128;0;0
15014020130;0;0
15014020131;0;0
15014020132;0;0
15014020133;0;0
15014020134;0;0
15014020135;0;0
15014020136;0;0
15014020137;1;1
15014020138;0;0
15014020139;1;1
15014020140;0;0
15014020141;1;1
15014020142;0;0
15014020143;0;0
15014020145;1;1
15014020146;1;1
15014020147;0;0
15014020148;0;0
15014020149;1;1
15014020150;0;0
15014020151;0;0
15014020152;0;0
15014020153;0;0
15014020154;0;0
15014020155;0;0
15014020156;0;0
15014020157;0;0
15014020158;0;0
15014020159;0;0
15014020160;0;0
15014020161;0;0
15014020162;0;0
15014020163;1;1
15014020164;0;0
15014020165;0;0
15014020167;0;0
15014020168;0;0
15014020169;1;1
15014020171;1;1
15014020172;1;1
15014020173;1;1
15014020174;0;0
15014020175;0;0
15014020176;1;1
15014020177;1;1
15014020178;1;1
15014020179;0;0
15014020180;0;0
15014020181;1;1
15014020182;0;0
15014020183;1;1
15014020184;0;0
15014020185;0;0
15014020186;0;0
15014020187;0;0
15014020188;1;1
15014020189;0;0
15014020190;0;0
15014020191;1;1
15014020192;1;1
15014020193;0;0
15014020194;1;1
15014020195;0;0
15014020196;0;0
15014020197;0;0
15014020198;0;0
15014020199;0;0
15014020200;0;0
15014020201;0;0
15014020202;0;0
15014020203;0;0
15014020204;1;1
15014020205;0;0
15014020206;0;0
15014020207;1;1
15014020208;1;1
15014020209;1;1
15014020210;0;0
15014020212;0;0
15014020213;1;1
15014020215;0;0
15014020216;0;0
15014020217;1;1
15014020218;0;0
15014020219;0;0
15014020220;1;1
15014020221;1;1
15014020222;0;0
15014020223;0;0
15014020224;0;0
15014020225;0;0
15014020226;1;1
15014020227;1;1
15014020228;1;1
15014020229;0;0
15014020230;1;1
15014020231;1;1
15014020232;0;0
15014020233;0;0
15014020234;1;1
15014020235;0;0
15015010001;0;0
15015010002;0;0
15015010003;0;0
15015010005;0;0
15015010006;0;0
15015010007;0;0
15015010008;0;0
15015010011;0;0
15015010012;0;0
15015010013;0;0
15015010014;0;0
15015010015;0;0
15015010016;0;0
15015010017;0;0
15015010018;0;0
15015010019;0;0
15015010020;0;0
15015010021;0;0
15015010022;0;0
15015010023;0;0
15015010026;0;0
15015010027;0;0
15015010030;0;0
15015010031;0;0
15015010032;0;0
15015010033;0;0
15015010040;0;0
15017090001;1;1
15017090003;1;1
15017090004;0;0
15017090005;0;0
15017090006;0;0
15017090007;1;1
15017090008;0;0
15017090009;0;0
15017090010;0;0
15017090011;0;0
15017090012;0;0
15017090014;0;0
15017090015;0;0
15017820001;0;0
15017820002;0;0
15017820003;0;0
15017820004;0;0
15017820005;0;0
15017820006;0;0
15018080001;0;0
15018080002;0;0
15018080003;0;0
15018080004;0;0
15018080005;0;0
15021030001;0;0
15021030002;0;0
15021030003;0;0
15021030004;0;0
15021030005;0;0
15021030006;0;0
15021030007;0;0
15021030008;0;0
15021030009;0;0
15021030010;0;0
15021030011;0;0
15022020001;0;0
15022020002;0;0
15022020004;0;0
15022020005;0;0
15022020006;0;0
15022020008;0;0
15022020011;0;0
15022020012;0;0
15022020013;0;0
15022020015;0;0
15022020016;0;0
15022020018;0;0
15022020020;0;0
15022020021;0;0
15022020022;0;0
15024000001;0;0
15024000004;0;0
15024000008;0;0
15024000009;0;0
15024000015;0;0
15024000016;0;0
15024000017;0;0
15024000018;0;0
15024000019;0;0
15024000021;1;1
15024000022;0;0
15024000023;0;0
15024000024;0;0
15024000025;0;0
15024000026;0;0
15024000027;0;0
15024000028;1;1
15024000030;0;0
15024000033;0;0
15024000034;0;0
15024000037;0;0
15024000039;0;0
15029390001;0;0
15033090001;0;0
15033090002;0;0
15034570001;0;0
15036060001;0;0
15036060002;1;1
15036060003;0;0
15037050003;1;1
15037050005;0;0
15038040001;0;0
15038040002;1;1
15038040004;0;0
15038040005;0;0
15038040007;0;0
15038040008;1;1
15038040009;0;0
15038040010;0;0
15042080001;1;1
15042080003;1;1
15042080004;0;0
15042080006;0;0
15042080007;1;1
15042080008;1;1
15042080009;1;1
15042080010;1;1
15042080012;0;0
15042080013;0;0
15042080014;0;0
15042080015;0;0
15042080016;0;0
15042080017;1;1
15042080018;1;1
15042080019;0;0
15042080020;0;0
15042080021;0;0
15042080023;1;1
15042080024;0;0
15042080025;1;1
15044220001;0;0
15044220002;0;0
15044220003;0;0
15044220004;0;0
15044220005;0;0
15044220006;0;0
15044220007;0;0
15044220008;0;0
15044220009;0;0
15044220011;1;1
15044220013;0;0
15044220015;0;0
15044220016;0;0
15044220017;0;0
15044220019;1;1
15044220020;0;0
15044220021;0;0
15044220022;0;0
15044220023;0;0
15044220024;0;0
15044220025;0;0
15044220026;0;0
15044220027;0;0
15044220028;0;0
15044220029;0;0
15044220030;0;0
15044220032;0;0
15044220033;0;0
15044220035;0;0
15044220036;0;0
15044220037;0;0
15044220039;0;0
15044220040;0;0
15044220042;0;0
15044220043;0;0
15044220049;0;0
15044220050;0;0
15044220051;0;0
15044220052;0;0
15044220053;0;0
15044220054;0;0
15044220055;0;0
15044220056;0;0
15044220057;0;0
15044220063;0;0
15044220066;1;1
15044220067;0;0
15044220068;0;0
15045050001;0;0
15047030001;0;0
15047030002;0;0
15047030003;0;0
15048020001;1;1
15048020002;1;1
15048020003;1;1
15048020004;1;1
15048020005;0;0
15048020008;1;1
15048020009;1;1
15048020010;1;1
15048020011;0;0
15051060001;1;1
15053040001;1;1
15055020001;1;1
15055020002;0;0
15055020003;1;1
15055020004;0;0
15055020005;1;1
15055020006;1;1
15055020007;1;1
15055020008;1;1
15055020010;0;0
15055020011;1;1
15055020012;1;1
15055020013;1;1
15055020014;1;1
15055020015;0;0
15055360002;1;1
15055360003;1;1
15055360005;1;1
15055360007;1;1
15055360008;1;1
15055360009;0;0
15055360010;0;0
15055360011;1;1
15055360012;1;1
15055360013;0;0
15055360014;1;1
15055360015;0;0
15055360016;1;1
15055360017;1;1
15055360018;1;1
15055360020;0;0
15055360021;1;1
15055360022;0;0
15055360023;0;0
15055360024;0;0
15055360025;0;0
15060050001;1;1
15061380001;0;0
15061380002;0;0
15061380003;0;0
15061380004;0;0
15061380006;0;0
15061380007;0;0
15061380008;0;0
15061380009;1;1
15061380010;0;0
15061380011;0;0
15063510001;0;0
15063510002;0;0
15063510003;0;0
15063510004;0;0
15063510005;0;0
15065000001;0;0
15065000002;0;0
15065000003;0;0
15065000004;0;0
15065000005;0;0
15065000006;0;0
15065000007;0;0
15065000008;0;0
15065000009;0;0
15065000011;0;0
15065000012;0;0
15065000014;0;0
15065000016;0;0
15065000019;0;0
15065000022;0;0
15068070002;0;0
15068070003;0;0
15068070004;1;1
15068070005;0;0
15068070006;1;1
15068070007;0;0
15068070008;0;0
15068070009;0;0
15068070010;0;0
15068070011;0;0
15068070013;0;0
15068070014;1;1
15068070015;0;0
15068070016;0;0
15068070017;0;0
15068070018;1;1
15068070019;0;0
15068070020;1;1
15068070021;0;0
15068070022;1;1
15068070023;1;1
15068070024;1;1
15068070025;0;0
15068070026;1;1
15068070027;0;0
15068070030;0;0
15068070034;0;0
15068070035;0;0
15068070036;1;1
15068070037;0;0
15068070040;0;0
15068070041;1;1
15068070042;0;0
15068070043;0;0
15068070044;1;1
15068070045;0;0
15068070046;0;0
15068070047;0;0
15068070048;0;0
15070030001;0;0
15070030002;0;0
15070030003;0;0
15070030004;0;0
15073000001;0;0
15076070001;0;0
15076070002;0;0
15076070003;0;0
15076070007;0;0
15076070008;0;0
15076070009;0;0
15076070010;0;0
15076070011;1;1
15076070012;1;1
15076070013;1;1
15076070014;0;0
15080010001;0;0
15080010002;0;0
15080010003;0;0
15080010004;0;0
15080010005;0;0
15080010006;0;0
15080010007;0;0
15080010008;0;0
15080010009;0;0
15080010010;0;0
15081000001;0;0
15081000004;1;1
15081000005;0;0
15081000006;0;0
15081000007;1;1
15081000008;0;0
15081000009;0;0
15081000013;0;0
15081000015;0;0
15081000016;0;0
15081000018;0;0
15081000019;0;0
15081000020;0;0
15081000021;0;0
15081000022;0;0
15081000024;0;0
15081000026;0;0
15081000029;0;0
15081000030;1;1
15081000031;0;0
15081000033;0;0
15082090001;0;0
15082090002;1;1
15082090003;1;1
15082090005;0;0
15082090006;1;1
15083080002;1;1
15083080003;1;1
16001050001;0;0
16002120001;0;0
16002790001;1;1
16002790002;1;1
16002790003;1;1
16002790005;1;1
16002790006;1;1
16002790010;1;1
16003030001;0;0
16003030003;0;0
16003030004;0;0
16003030005;0;0
16003030006;0;0
16003030007;0;0
16003030008;0;0
16003030010;0;0
16003030011;0;0
16003030012;0;0
16003030013;0;0
16003030014;0;0
16003030015;0;0
16003030016;0;0
16003030017;0;0
16003030019;0;0
16003030020;0;0
16003030021;0;0
16003030023;0;0
16003030024;0;0
16003030025;0;0
16003030026;0;0
16003030027;0;0
16003030028;0;0
16003030029;0;0
16003030030;0;0
16003030031;0;0
16003030032;0;0
16003030033;0;0
16003030034;0;0
16003030035;0;0
16003030036;0;0
16003030037;0;0
16003030038;0;0
16003030039;0;0
16003030040;0;0
16003030041;0;0
16003030042;0;0
16003030043;0;0
16003030044;0;0
16003030045;0;0
16003030046;0;0
16003030047;0;0
16003030048;0;0
16003030049;0;0
16003030052;0;0
16003030053;0;0
16003030054;0;0
16003030056;0;0
16003030063;0;0
16003030064;0;0
16003030067;0;0
16003030069;0;0
16003030071;0;0
16003030073;0;0
16003030076;0;0
16003030077;0;0
16003030079;0;0
16003030080;0;0
16003030081;0;0
16003030082;0;0
16003030083;0;0
16003030084;0;0
16003030085;0;0
16003030086;0;0
16003030087;0;0
16003030088;0;0
16003030089;0;0
16003030090;0;0
16003030092;0;0
16003030093;0;0
16003030094;0;0
16003030095;0;0
16003030096;0;0
16003030097;0;0
16003030098;0;0
16003030099;0;0
16003030100;0;0
16003030101;0;0
16003030102;0;0
16003030103;0;0
16003030104;0;0
16003030105;0;0
16006000002;1;1
16006000003;1;1
16006000004;1;1
16006000005;0;0
16006000006;1;1
16006000007;1;1
16006000008;0;0
16006000009;1;1
16006000015;0;0
16006000016;1;1
16006000017;1;1
16006000018;1;1
16006000019;1;1
16006000020;0;0
16006000021;0;0
16006000023;0;0
16006000024;0;0
16006000025;0;0
16006000026;0;0
16006000028;0;0
16006000029;0;0
16006000030;0;0
16006000031;0;0
16006000032;0;0
16006000034;0;0
16008080001;1;1
16008080002;1;1
16008080003;1;1
16008080004;1;1
16008080005;1;1
17021090009;0;0
17021090010;0;0
17021090012;0;0
17021090013;0;0
17021090014;0;0
17021090015;0;0
17021090016;0;0
17021090017;0;0
17021090018;0;0
17021090019;0;0
17021090022;0;0
17021090023;0;0
17090050001;0;0
17095000004;0;0
17095000005;0;0
17165050001;0;0
17210000002;0;0
17210000003;0;0
17210000004;0;0
17210000005;0;0
17210000006;0;0
17210000007;0;0
17210000008;0;0
17210000009;0;0
17210000010;0;0
17210000014;0;0
17210000015;0;0
17210000016;0;0
17210000017;0;0
17210000018;0;0
17210000019;0;0
17210000020;0;0
17210000021;0;0
17210000024;0;0
17210000026;0;0
17210000030;0;0
17210000032;0;0
17210000033;0;0
17221070001;0;0
21000550002;0;0
21000550003;0;0
21023250002;0;0
21030000001;0;0
21030000002;0;0
21030000004;0;0
21053020001;1;1
21053020002;0;0
21053020003;0;0
21053020004;0;0
21053020005;0;0
21053020006;0;0
21053020007;0;0
21054010002;0;0
21054010003;1;1
21075060003;0;0
21075060005;0;0
21075060006;0;0
21075060007;0;0
21075060008;0;0
21075060009;0;0
21075060010;0;0
21075060011;0;0
21075060012;0;0
21075060013;0;0
21075060014;0;0
21075060015;0;0
21075060016;0;0
21075060018;0;0
21075060019;0;0
21075060021;0;0
21075060022;0;0
21075060024;0;0
21075060025;0;0
21075060026;0;0
21075060030;0;0
21075060031;0;0
21075060033;0;0
21075060034;0;0
21075060035;0;0
21075060036;0;0
21075060037;0;0
21075060038;0;0
21075060039;0;0
21075060041;0;0
21075060042;0;0
21075060043;0;0
21086030002;0;0
21094520001;0;0
21094520002;0;0
21094520003;0;0
21094520004;0;0
21094520005;0;0
21094520006;0;0
21094520007;0;0
21094520008;0;0
21094520009;0;0
21094520010;0;0
21094520011;0;0
21094520012;0;0
21099080001;0;0
21099080002;0;0
21112010013;0;0
21112010014;0;0
21112010015;0;0
21112010018;0;0
21112010022;0;0
21112010023;0;0
21112010024;1;1
21112010025;0;0
21112010027;0;0
21112010028;0;0
21112010029;0;0
21112010030;0;0
21112010032;0;0
21112010033;0;0
21112010034;0;0
21112010036;0;0
21112010037;1;1
21112010038;0;0
21112010039;0;0
21112010040;0;0
21112010041;0;0
21112010043;0;0
21112010044;0;0
21112010047;0;0
21112010048;0;0
21112010049;0;0
21112010050;0;0
21112010051;0;0
21112010052;0;0
21112010054;1;1
21113000008;0;0
21113000010;0;0
21113000011;1;1
21113000012;1;1
21113000013;0;0
21113000014;0;0
21113000015;1;1
21113000016;0;0
21113000017;0;0
21113000018;1;1
21113000019;0;0
21113000021;0;0
21113000022;0;0
21113000023;0;0
21113000024;0;0
21113000025;0;0
21113000026;0;0
21113000028;0;0
21113000030;0;0
21113000031;0;0
21113000032;0;0
21113000033;0;0
21113000034;1;1
21113000036;0;0
21113000037;0;0
21113000040;1;1
21113000041;0;0
21113000042;1;1
21113000043;0;0
21113000044;1;1
21113000045;0;0
21113000046;0;0
21113000047;0;0
21113000048;0;0
21113000049;0;0
21113000050;0;0
21113000051;0;0
21113000052;0;0
21113000053;0;0
21113000054;0;0
21113000055;0;0
21113000056;0;0
21113000057;1;1
21113000058;1;1
21113000059;1;1
21113000060;0;0
21113000061;0;0
21113000062;0;0
21113000063;0;0
21113000064;0;0
21113000065;1;1
21113000067;0;0
21113000068;0;0
21113000069;0;0
21113000070;0;0
21113000071;0;0
21113000072;0;0
21113000073;0;0
21113000074;1;1
21113000075;1;1
21113000076;0;0
21113000077;0;0
21113000078;0;0
21113000079;0;0
21113000080;0;0
21113000081;1;1
21113000082;0;0
21113000083;0;0
21113000084;0;0
21113000085;0;0
21113000086;0;0
21113000087;0;0
21113000088;0;0
21113000089;0;0
21113000090;0;0
21113000091;0;0
21113000092;0;0
21113000093;1;1
21113000094;0;0
21113000095;0;0
21113000096;0;0
21113000097;0;0
21113000099;0;0
21113000100;0;0
21113000101;0;0
21113000102;1;1
21113000103;0;0
21113000104;0;0
21113000105;0;0
21113000106;0;0
21113000107;0;0
21113000109;0;0
21113000110;1;1
21113000111;0;0
21113000112;0;0
21113000113;0;0
21113000114;0;0
21113000115;0;0
21113000116;0;0
21113000117;0;0
21122090007;0;0
21122090010;0;0
21125060001;0;0
21125060002;0;0
21140070001;0;0
21140070002;0;0
22077020002;0;0
22080070002;1;1
22080070007;0;0
22110010001;0;0
22110010002;0;0
22110010003;0;0
22110010004;1;1
22110010005;0;0
22110010006;0;0
22110010007;1;1
22110010008;0;0
22110010009;0;0
22110010010;0;0
22110010011;0;0
22110010012;0;0
22110010013;0;0
22110010014;0;0
22110010016;0;0
22110010017;1;1
22110010020;0;0
22110010022;0;0
22110010023;0;0
22110010024;0;0
22110010025;0;0
22110010026;0;0
22110010027;0;0
22110010028;0;0
22110010029;0;0
22110010030;0;0
22110010031;0;0
22110010032;1;1
22110010034;0;0
22110010035;0;0
22110010037;0;0
22110010038;1;1
22110010039;0;0
22110010040;0;0
22110010041;0;0
22110010042;0;0
22110010043;0;0
22110010044;0;0
22110010045;0;0
22110010046;0;0
22110010047;1;1
22110010049;0;0
22110010050;0;0
22110010051;0;0
22110010052;0;0
22110010053;0;0
22110010054;0;0
22110010055;0;0
22110010056;0;0
22110010057;0;0
22110010058;0;0
22110010059;0;0
22110010060;1;1
22110010061;0;0
22110010062;0;0
22110010063;0;0
22110010064;0;0
22110010065;0;0
22110010066;0;0
22110010067;0;0
22110010068;0;0
22110010070;0;0
22110010071;0;0
22110010072;0;0
22110010073;0;0
22110010075;0;0
22110010076;0;0
22110010077;0;0
22110010078;0;0
22110010079;0;0
22110010080;0;0
22110010081;0;0
22110010082;0;0
22110010083;0;0
22110010084;0;0
22110010086;0;0
22110010087;0;0
22110010089;0;0
22110010090;0;0
22110010091;0;0
22110010092;0;0
22110010093;0;0
22110010094;0;0
22110010095;0;0
22110010096;0;0
22110010097;0;0
22110010098;0;0
22110010100;0;0
22110010101;1;1
22110010102;0;0
22110010103;0;0
22110010104;0;0
22110010105;0;0
22110010106;0;0
22110010107;0;0
22110010108;0;0
22110010110;0;0
22110010111;0;0
22110010113;0;0
22110010116;0;0
22110010117;0;0
22110010119;0;0
22110010122;0;0
22110010123;0;0
22110010124;0;0
22110010125;0;0
22110010127;0;0
22110010128;0;0
22110010129;0;0
22110010130;0;0
22110010131;0;0
22110010132;0;0
22110010133;0;0
22110010135;0;0
22110010136;0;0
22110010139;0;0
22110010140;0;0
22110010141;0;0
22110010142;0;0
22110010145;0;0
22110010146;0;0
22110010147;0;0
22110010148;0;0
22110010149;0;0
22110010150;0;0
22110010153;0;0
22110010155;0;0
22110010156;0;0
22110010159;0;0
22110010160;0;0
22110010162;0;0
22110010164;1;1
22110010165;0;0
22110010167;0;0
22110010169;0;0
22110010170;0;0
22110010176;0;0
22110010178;0;0
22110010179;0;0
22110010180;1;1
22110010181;0;0
22110010182;0;0
22110010183;0;0
22110010184;0;0
22110010185;0;0
22110010186;0;0
22110010187;0;0
22110010192;0;0
22110010193;0;0
22110010194;0;0
22110010195;0;0
22110010198;0;0
22110010199;0;0
22110010200;0;0
22110010202;0;0
22110010203;0;0
22110010204;0;0
22110010205;0;0
22110010206;0;0
22110010210;0;0
22110010211;0;0
22110010212;0;0
22110010213;0;0
22110010215;0;0
22110010216;0;0
22110010217;0;0
22110010218;1;1
22110010219;0;0
22110010221;0;0
22110010222;0;0
23002000002;0;0
23002000003;1;1
23002000004;1;1
23010000001;0;0
23010000002;0;0
23010000004;0;0
23010000006;0;0
23010000009;0;0
23010000011;0;0
23011090001;0;0
23011090005;0;0
23011090006;0;0
23011090007;0;0
23011090008;0;0
23011090010;0;0
23011090011;0;0
23019010008;0;0
23019010010;0;0
23019010011;0;0
23019010012;0;0
23019010014;0;0
23019010015;0;0
23019010016;0;0
23028000001;0;0
23028000002;0;0
23028000003;0;0
23028000004;0;0
23028000006;0;0
23028000007;0;0
23032040001;0;0
23037090001;0;0
23037090002;1;1
23037090003;1;1
23037090004;0;0
23037090007;0;0
23037090012;0;0
23037090013;0;0
23037090014;0;0
23037090015;0;0
23037090016;1;1
23037090017;1;1
23037090018;0;0
23037090019;1;1
23037090021;1;1
23037090022;1;1
23037090024;0;0
23037090025;1;1
23037090027;0;0
23037090028;0;0
23037090029;0;0
23037090030;0;0
23037090031;0;0
23037090034;0;0
23037090035;0;0
23037090036;0;0
23037090037;0;0
23037090038;1;1
23037090039;1;1
23037090040;0;0
23037090041;0;0
23037090042;0;0
23037090043;0;0
23037090044;1;1
23037090045;0;0
23037090046;0;0
23037090051;0;0
23037090052;1;1
23037090054;0;0
23037090055;1;1
23037090056;1;1
23037090057;1;1
23037090058;1;1
23037090059;1;1
23037090060;0;0
23037090061;1;1
23037090062;1;1
23037090063;1;1
23037090064;1;1
23037090065;1;1
23037090066;0;0
23037090068;1;1
23037090069;0;0
23041030001;0;0
23041030002;0;0
23042020003;0;0
23042020004;0;0
23042020005;0;0
23042020006;0;0
23042020007;0;0
23042020008;0;0
23042020009;0;0
23042020010;0;0
23042020011;0;0
23042020012;0;0
23042020013;0;0
23042020014;0;0
23042020015;0;0
23042020016;0;0
23042020017;0;0
23042020018;0;0
23042020019;1;1
23042020020;0;0
23042850003;0;0
23042850005;0;0
23042850006;0;0
23042850007;0;0
23042850008;0;0
23042850009;0;0
23044000001;0;0
23044000004;0;0
23044000005;0;0
23044000006;0;0
23044000010;0;0
23044000011;0;0
23044000013;1;1
23044000015;0;0
23044000018;1;1
23044000019;0;0
23044000021;0;0
23044000023;0;0
23044000024;0;0
23044000026;0;0
23044000030;1;1
23044000032;0;0
23044000035;0;0
23044000038;0;0
23044000041;0;0
23044000042;0;0
23044000045;0;0
23044000047;0;0
23044000053;0;0
23044000054;0;0
23044000056;0;0
23044000059;0;0
23044000060;0;0
23044000074;0;0
23044000075;1;1
23044000081;1;1
23044000083;0;0
23044000084;0;0
23044000087;0;0
23044000090;0;0
23044000093;0;0
23044000094;0;0
23044000095;0;0
23044000100;0;0
23044000101;0;0
23044000104;0;0
23044000107;0;0
23044000110;0;0
23044000111;1;1
23044000116;0;0
23044000118;0;0
23044000120;0;0
23044000121;0;0
23044000122;0;0
23044000133;0;0
23044000135;0;0
23044000136;1;1
23044000138;0;0
23044000139;0;0
23044000144;1;1
23044000145;0;0
23044000146;0;0
23044000154;0;0
23044000174;0;0
23044000191;0;0
23044000202;0;0
23044000213;1;1
23044000217;0;0
23044000227;0;0
23044000242;0;0
23044000263;0;0
23044000265;1;1
23044000266;0;0
23044000268;0;0
23044000269;0;0
23044000272;0;0
23044000277;0;0
23044000280;0;0
23044000281;0;0
23044000283;0;0
23044000284;0;0
23044000285;0;0
23044000286;0;0
23044000288;1;1
23044000289;0;0
23044000290;0;0
23044000292;0;0
23044000293;1;1
23044000296;0;0
23044000298;0;0
23044000300;0;0
23044000303;0;0
23044000304;0;0
23044000308;0;0
23044000310;1;1
23044000312;0;0
23044000313;0;0
23044000315;0;0
23044000317;1;1
23044000318;0;0
23044000319;0;0
23044000322;0;0
23044000324;0;0
23044000325;1;1
23044000327;0;0
23044000330;1;1
23044000333;1;1
23044000334;0;0
23044000336;0;0
23044000337;0;0
23044000338;0;0
23044000339;0;0
23044000341;1;1
23044000342;0;0
23044000343;1;1
23044000344;1;1
23044000345;0;0
23044000346;1;1
23044000347;0;0
23044000348;0;0
23044000349;0;0
23044000350;0;0
23044000352;0;0
23044000354;0;0
23044000355;0;0
23044000356;1;1
23044000357;0;0
23044000358;1;1
23044000359;0;0
23044000360;0;0
23044000361;0;0
23044000362;0;0
23044000363;0;0
23044000364;1;1
23044000365;1;1
23044000366;0;0
23044000367;0;0
23044000369;0;0
23044000370;0;0
23044000371;0;0
23044000374;0;0
23044000375;0;0
23044000376;0;0
23044000377;1;1
23044000378;1;1
23044000379;0;0
23044000380;0;0
23044000381;0;0
23044000382;0;0
23044000383;0;0
23044000384;0;0
23044000387;1;1
23044000388;0;0
23044000390;1;1
23044000392;0;0
23044000393;1;1
23044000394;0;0
23044000395;0;0
23044000396;0;0
23044000397;1;1
23044000398;0;0
23044000400;0;0
23044000401;0;0
23044000403;0;0
23044000404;0;0
23044000405;0;0
23044000406;1;1
23044000407;0;0
23044000408;0;0
23044000409;0;0
23044000411;0;0
23044000413;0;0
23044000416;1;1
23044000419;0;0
23044000420;1;1
23044000421;1;1
23044000422;0;0
23044000423;0;0
23044000424;0;0
23044000425;0;0
23044000426;0;0
23044000427;0;0
23044000428;0;0
23044000429;0;0
23044000430;0;0
23044000431;1;1
23044000432;0;0
23044000436;0;0
23044000437;0;0
23044000441;0;0
23044000443;0;0
23044000444;0;0
23044000447;0;0
23044000448;0;0
23044000449;0;0
23044000450;0;0
23044000451;0;0
23044000452;0;0
23044000453;0;0
23044000454;0;0
23044000456;0;0
23044000457;0;0
23044000459;0;0
23044000460;0;0
23044000461;0;0
23044000462;0;0
23044000463;0;0
23044000465;0;0
23044000466;0;0
23044000467;0;0
23044000469;0;0
23044000470;0;0
23044000471;0;0
23044000472;0;0
23044000474;0;0
23044000476;0;0
23044000478;1;1
23044000479;0;0
23044000480;1;1
23044000481;1;1
23044000483;1;1
23044000485;0;0
23044000486;0;0
23044000487;1;1
23044000488;0;0
23044000489;1;1
23044000491;0;0
23044000492;1;1
23044000493;0;0
23044000494;0;0
23044000496;1;1
23044000497;0;0
23044000499;1;1
23044000500;0;0
23044000502;1;1
23044000503;1;1
23044000505;0;0
23044000506;1;1
23044000507;0;0
23044000508;0;0
23044000509;0;0
23044000511;0;0
23044000512;1;1
23044000513;0;0
23044000514;0;0
23044000515;0;0
23044000516;0;0
23044000517;0;0
23044000519;0;0
23044000521;0;0
23044000522;0;0
23044000523;0;0
23044000524;0;0
23044000526;0;0
23044000527;0;0
23044000528;0;0
23044000530;0;0
23044000531;0;0
23044000532;0;0
23044000533;0;0
23044000535;0;0
23044000536;0;0
23044000537;0;0
23044000538;0;0
23044000539;0;0
23044000541;0;0
23044000542;0;0
23044000543;0;0
23044000545;0;0
23044000546;1;1
23044000547;1;1
23044000548;0;0
23044000549;0;0
23044000550;0;0
23044000551;0;0
23044000552;0;0
23044000553;1;1
23044000554;1;1
23044000557;0;0
23044000558;0;0
23044000559;0;0
23044000560;0;0
23044000561;0;0
23044000562;0;0
23044000563;0;0
23044000564;0;0
23044000566;0;0
23044000567;0;0
23044000568;0;0
23044000569;0;0
23044000570;0;0
23044000571;0;0
23044000573;0;0
23044000574;0;0
23044000575;0;0
23044000576;0;0
23044000577;0;0
23044000578;0;0
23044000579;0;0
23044000580;0;0
23044000590;1;1
23044000591;0;0
23044000592;0;0
23044000593;0;0
23044000594;1;1
23044000595;0;0
23044000596;0;0
23044000597;1;1
23044000598;0;0
23044000599;1;1
23044000600;0;0
23044000602;0;0
23044000604;0;0
23044000605;0;0
23044000608;0;0
23044000609;1;1
23044000610;0;0
23044000611;0;0
23044000612;0;0
23044000613;0;0
23044000614;0;0
23044000615;0;0
23044000616;0;0
23044000617;0;0
23044000618;0;0
23044000622;0;0
23044000623;0;0
23044000624;0;0
23044000626;0;0
23044000629;0;0
23044000634;0;0
23044000635;0;0
23044000636;0;0
23044000637;0;0
23044000638;0;0
23044000639;0;0
23044000640;0;0
23044000643;0;0
23044000644;0;0
23044000646;0;0
23044000648;0;0
23044000649;0;0
23044000650;0;0
23044000651;0;0
23044000655;0;0
23044000658;0;0
23044000659;0;0
23044000663;0;0
23044000664;1;1
23044000665;0;0
23044000667;0;0
23044000668;0;0
23044000669;0;0
23044000670;1;1
23044000671;0;0
23044000672;0;0
23044000673;0;0
23044000674;0;0
23044000676;0;0
23044000677;0;0
23044000678;1;1
23044000679;0;0
23044000680;0;0
23044000682;1;1
23044000683;0;0
23044000684;0;0
23044000685;0;0
23044000686;0;0
23044000687;0;0
23044000688;0;0
23044000691;0;0
23044000693;0;0
23044000694;0;0
23044000696;0;0
23044000703;0;0
23044000705;0;0
23044000706;0;0
23044000708;0;0
23044000710;0;0
23044000711;1;1
23044000712;0;0
23044000713;0;0
23044000714;0;0
23044000715;0;0
23044000716;0;0
23044000717;0;0
23044000718;0;0
23044000719;0;0
23044000720;0;0
23044000721;0;0
23044000722;0;0
23044000723;0;0
23044000724;0;0
23044000727;0;0
23044000729;0;0
23044000731;0;0
23044000732;0;0
23044000733;1;1
23044000734;0;0
23044000735;0;0
23044000736;1;1
23044000740;0;0
23044000742;0;0
23044000743;0;0
23044000744;0;0
23044000745;0;0
23044000746;0;0
23044000747;0;0
23044000748;0;0
23044000749;0;0
23044000750;0;0
23044000751;0;0
23044000752;0;0
23044000753;0;0
23044000754;0;0
23044000755;0;0
23044000757;0;0
23044000759;0;0
23044000760;0;0
23044000761;0;0
23044000762;0;0
23044000763;0;0
23044000764;0;0
23044000765;0;0
23044000767;1;1
23044000768;0;0
23044000770;1;1
23044000771;0;0
23044000773;1;1
23044000774;0;0
23044000775;0;0
23044000777;0;0
23044000778;0;0
23044000779;0;0
23044000780;0;0
23044000782;0;0
23044000784;0;0
23044000786;1;1
23044000787;0;0
23044000789;0;0
23044000790;0;0
23044000793;0;0
23044000795;1;1
23044000796;0;0
23044000797;0;0
23044000798;0;0
23044000799;0;0
23044000800;1;1
23044000802;0;0
23044000803;0;0
23044000804;0;0
23044000806;0;0
23044000808;0;0
23044000809;0;0
23044000811;0;0
23044000812;0;0
23044000813;0;0
23044000816;1;1
23044000817;0;0
23044000818;0;0
23044000820;0;0
23044000821;0;0
23044000822;0;0
23044000823;0;0
23044000824;0;0
23044000825;0;0
23044000826;0;0
23044000827;0;0
23044000829;0;0
23044000831;0;0
23044000835;0;0
23044000836;0;0
23044000837;0;0
23044000838;0;0
23044000839;0;0
23044000841;0;0
23044000842;0;0
23044000843;1;1
23044000844;0;0
23044000845;0;0
23044000847;0;0
23044000848;0;0
23044000849;0;0
23044000850;0;0
23044000852;0;0
23044000854;0;0
23044000855;0;0
23044000856;0;0
23044000857;0;0
23044000858;0;0
23044000859;1;1
23044000860;0;0
23044000861;1;1
23044000862;1;1
23044000863;1;1
23044000864;0;0
23044000865;0;0
23044000867;0;0
23044000868;0;0
23044000869;1;1
23044000870;0;0
23044000871;1;1
23044000872;1;1
23044000875;1;1
23044000876;0;0
23044000877;0;0
23044000878;0;0
23044000879;0;0
23044000880;0;0
23047070004;1;1
23049540002;0;0
23049540003;0;0
23049540005;0;0
23058030002;0;0
23058030003;0;0
23059020001;0;0
23059020003;0;0
23062560004;0;0
23064050002;0;0
23064050003;1;1
23064050004;1;1
23064050005;0;0
23064050006;0;0
23064050007;0;0
23064050008;0;0
23064050009;0;0
23064050010;1;1
23064050012;1;1
23064050013;0;0
23064050014;1;1
23064050015;1;1
23064050016;0;0
23073040002;0;0
23073040008;0;0
23073040009;0;0
23073040010;0;0
23073040011;0;0
23073040013;0;0
23076010001;0;0
23076010002;0;0
23076010003;0;0
23076010004;1;1
23076500003;0;0
23076500004;0;0
23076500008;0;0
23076500009;0;0
23076500010;1;1
23076500011;0;0
23076500012;0;0
23076500013;0;0
23076500015;0;0
23076500016;0;0
23076500018;0;0
23076500019;0;0
23076500020;0;0
23076500022;0;0
23076500023;0;0
23076500026;0;0
23077000001;0;0
23077000002;0;0
23077000004;0;0
23077000006;0;0
23077000007;0;0
23077000008;0;0
23077000009;0;0
23077000010;0;0
23077000013;0;0
23077000014;0;0
23077000015;0;0
23077000016;0;0
23077000018;0;0
23077000019;0;0
23087080003;0;0
23087080004;1;1
23096070004;0;0
23096070006;0;0
23096070007;0;0
23096070008;0;0
23097060002;0;0
23097060003;0;0
23097060004;0;0
23097060005;0;0
23097060007;1;1
23107040001;1;1
23107040003;0;0
23107040004;0;0
23107040005;0;0
23113060001;0;0
23113060002;0;0
23124030002;0;0
23129080009;0;0
23129080010;0;0
23129080011;0;0
23129080012;0;0
23129080014;0;0
23129080015;0;0
23129080016;0;0
23134010001;0;0
23135000001;0;0
23135000002;0;0
24032510005;0;0
24032510006;0;0
24032510007;0;0
24032510008;0;0
24032510009;0;0
24032510010;0;0
24036080001;0;0
24080030002;0;0
24080030003;0;0
24080030004;0;0
24080030005;0;0
24080030007;0;0
24080030008;0;0
24080030010;0;0
24080030011;1;1
24080030012;1;1
24080030013;1;1
24080030014;0;0
24080030017;1;1
24081020001;0;0
24081020002;0;0
24081020034;0;0
24081020035;0;0
24081020036;0;0
24081020037;0;0
24081020038;0;0
24081020039;0;0
24081020040;0;0
24081020041;0;0
24081020042;0;0
24081020043;0;0
24081020044;0;0
24081020045;0;0
24081020046;0;0
24081020048;0;0
24081020049;0;0
24081020050;0;0
24081020051;0;0
24081020052;0;0
24081020053;0;0
24081020055;0;0
24081020056;0;0
24081020057;0;0
24081020058;0;0
24081020059;0;0
24081020061;0;0
24081020063;0;0
24081020064;0;0
24081020065;0;0
24081020066;0;0
24081020067;0;0
24081020069;0;0
24081020073;0;0
24081020074;0;0
24081020075;0;0
24081020076;0;0
24081020079;0;0
24081020080;0;0
24081020082;0;0
24081020083;0;0
24081020084;0;0
24081020085;0;0
24081020086;0;0
24081020087;0;0
24081020088;0;0
24081020090;0;0
24081020091;0;0
24081020092;0;0
24081020093;0;0
24081020095;0;0
24081020097;0;0
24081020098;0;0
24081020099;0;0
24081020100;0;0
24081020101;0;0
24081020102;0;0
24081020103;0;0
24081020104;0;0
24081020105;0;0
24081020106;0;0
24081020107;0;0
24081020108;0;0
24081020109;0;0
24081020110;0;0
24081020111;0;0
24081020112;0;0
24081020114;0;0
24081020115;0;0
24081020116;0;0
24081020117;0;0
24081020118;0;0
24081020119;0;0
24120050002;1;1
24120050004;0;0
24120050005;0;0
24120050006;0;0
24120050007;0;0
24120050008;0;0
24120050009;0;0
24120050010;0;0
24120050011;0;0
25018070001;1;1
25018070002;1;1
25018070003;0;0
25018070007;0;0
25018070008;1;1
25018070010;1;1
25018070011;1;1
25018070012;0;0
25018070013;0;0
25018070014;1;1
25018070015;0;0
25018070016;0;0
25018070020;1;1
25018070021;1;1
25018070022;0;0
25018070024;1;1
25018070025;0;0
25018070026;0;0
25018070027;1;1
25018070028;0;0
25018070029;0;0
25018070030;0;0
25018070031;0;0
25032090001;0;0
25032090003;0;0
25032090004;0;0
25032090005;1;1
25032090006;0;0
25032090007;1;1
25032090008;1;1
25032090010;0;0
25032090011;0;0
25032090012;0;0
25032090013;0;0
25032090014;0;0
25032090015;0;0
25032090017;0;0
25032090018;0;0
25032090020;0;0
25032090021;0;0
25032090022;0;0
25032090023;0;0
25032090024;0;0
25032090025;0;0
25032090027;0;0
25032090028;0;0
25032090029;0;0
25032090030;0;0
25037040001;0;0
25037040002;0;0
25037040003;0;0
25037040004;0;0
25037040005;0;0
25037040006;0;0
25037040007;0;0
25037040009;0;0
25040090001;0;0
25040090002;0;0
25040090003;0;0
25040090004;1;1
25040090005;0;0
25040090006;0;0
25040090008;0;0
25040090009;0;0
25040090010;0;0
25040090011;1;1
25040090012;0;0
25040090013;0;0
25040090014;1;1
25040090015;0;0
25040090016;0;0
25040090017;0;0
25040090018;0;0
25040090019;0;0
25040090020;0;0
25040090021;0;0
25040090022;0;0
25040090023;0;0
25040090024;0;0
25046030001;0;0
25046030002;0;0
25046030003;0;0
25046030004;0;0
25046030005;0;0
25046030006;0;0
25046030007;0;0
25049000001;0;0
25049000002;0;0
25049000003;0;0
25049000004;0;0
25049000005;0;0
25049000007;0;0
25075070001;0;0
25075070002;0;0
25075070003;0;0
25075070006;0;0
25075070007;1;1
25075070012;1;1
25075070013;0;0
25075070016;1;1
25075070017;0;0
25075070018;0;0
25075070019;1;1
25075070020;0;0
25075070021;0;0
25075070022;0;0
25075070024;1;1
25075070025;0;0
25075070029;1;1
25075070030;1;1
25075070031;0;0
25075070033;0;0
25075070034;0;0
25075070035;0;0
25075070036;0;0
25075070037;0;0
25075070038;1;1
25075070039;1;1
25075070041;0;0
25075070042;0;0
25075070043;0;0
25075070044;1;1
25075070045;1;1
25075070046;0;0
25075070047;0;0
25075070049;0;0
25075070050;1;1
25075070051;1;1
25075070052;1;1
25075070054;0;0
25075070057;1;1
25075070058;0;0
25075070059;0;0
25075070060;0;0
25075070061;0;0
25075070063;0;0
25075070064;0;0
25075070067;1;1
25075070069;0;0
25075070072;1;1
25075070073;0;0
25075070074;0;0
25075070075;0;0
25075070076;1;1
25075070078;0;0
25075070079;1;1
25075070080;0;0
25075070081;0;0
25075070082;0;0
25075070083;0;0
25075070084;0;0
25075070085;0;0
25075070086;1;1
25075070087;0;0
25075070088;1;1
25075070089;0;0
25075070090;1;1
25075070091;0;0
25075070092;0;0
25075070093;0;0
25075070094;0;0
25075070095;0;0
25075070096;0;0
25075070097;0;0
25075070099;0;0
25075070102;0;0
25075070103;0;0
25075070104;0;0
25075070106;1;1
25075070107;0;0
25075070110;0;0
25075070111;0;0
25075070112;0;0
25075070113;0;0
25075070115;0;0
25075070117;0;0
25075070122;0;0
25075070124;0;0
25075070125;0;0
25075070126;0;0
25075070127;0;0
25075070128;1;1
25075070129;0;0
25075070131;1;1
25075070133;0;0
25075070134;0;0
25075070135;1;1
25075070136;0;0
25075070138;1;1
25075070139;0;0
25075070142;0;0
25075070143;0;0
25075070144;0;0
25075070145;0;0
25075070146;0;0
25075070150;0;0
25075070151;0;0
25075070152;1;1
25075070153;0;0
25075070154;0;0
25075070155;0;0
25075070156;0;0
25075070157;0;0
25075070158;0;0
25075070159;0;0
25075070160;0;0
25075070161;0;0
25075070162;0;0
25075070163;0;0
25075070164;0;0
25075070167;0;0
25075070168;0;0
25075070169;0;0
25075070170;0;0
25075070171;0;0
25075070175;0;0
25075070176;0;0
25075070178;0;0
25075070179;0;0
25075070181;1;1
25075070182;0;0
25075070188;0;0
25075070189;0;0
25075070190;0;0
25075070191;0;0
25075070195;0;0
25075070196;0;0
25075070197;0;0
25075070198;0;0
25075070200;0;0
25075070201;0;0
25075070202;0;0
25075070203;0;0
25075070204;0;0
25075070207;0;0
25075070208;0;0
25075070210;0;0
25075070211;0;0
25075070212;0;0
25075070214;0;0
25075070215;1;1
25075070218;0;0
25075070219;0;0
25075070220;0;0
25075070221;0;0
25075070224;0;0
25075070225;1;1
25075070226;1;1
25075070227;0;0
25079030001;0;0
25086040001;0;0
25086040002;0;0
25086040005;1;1
25086040006;1;1
25108080001;0;0
25108080002;0;0
25108080003;0;0
25108080004;0;0
25108080005;0;0
25108080006;0;0
25108080008;0;0
25137030001;0;0
25137030002;0;0
25137030003;0;0
25137030004;0;0
25137030005;0;0
25137030006;0;0
25137030007;0;0
25137030008;1;1
25137030009;0;0
25137030010;0;0
25137030011;0;0
25162010001;1;1
25162010003;0;0
25162010004;0;0
25162010005;0;0
25162010006;0;0
25162010008;0;0
25162010009;0;0
25162010010;0;0
25162010012;0;0
25162010013;0;0
26000540002;0;0
26000540003;0;0
26000540004;0;0
26000540005;1;1
26000540006;1;1
26000540007;1;1
26000540008;0;0
26000540009;0;0
26000540010;0;0
26000540011;0;0
26000540012;1;1
26000540013;0;0
26000540014;0;0
26000540015;0;0
26010520001;0;0
26010520002;0;0
26010520003;0;0
26010520004;0;0
26010520005;0;0
26012010001;0;0
26012010002;0;0
26012010003;0;0
26012010004;0;0
26017060001;1;1
26017060002;0;0
26017060003;1;1
26017060004;0;0
26017060005;0;0
26017060006;0;0
26019040001;1;1
26019040002;0;0
26019040003;0;0
26019040004;0;0
26029020001;0;0
26029020002;0;0
26029020004;0;0
26029020007;0;0
26029020009;0;0
26029020010;0;0
26029020011;0;0
26029020012;0;0
26029020013;0;0
26029020014;0;0
26029020016;0;0
26029020017;0;0
26029020018;0;0
26029020019;0;0
26029020020;0;0
26029020021;0;0
26029020023;0;0
26029020029;0;0
26029020030;0;0
26029020031;0;0
26029020032;0;0
26029020033;0;0
26029020034;0;0
26029020035;0;0
26029020036;0;0
26029020037;0;0
26029020038;0;0
26029020039;0;0
26029020040;0;0
26029020041;0;0
26029020042;0;0
26029020043;0;0
26029020044;0;0
26029020045;0;0
26029020046;0;0
26029020047;0;0
26029020050;0;0
26029020051;0;0
26029020052;0;0
26029020053;0;0
26029020054;0;0
26029020055;0;0
26029020056;0;0
26029020057;0;0
26029020058;0;0
26029020059;0;0
26029020060;0;0
26029020061;0;0
26029020062;0;0
26029020063;0;0
26029020064;0;0
26029020065;0;0
26029020066;0;0
26029020067;0;0
26029020068;0;0
26029020069;0;0
26029020070;0;0
26029020071;0;0
26029020074;0;0
26034540001;1;1
26034540003;1;1
26034540004;1;1
26034540005;0;0
26034540006;0;0
26034540007;1;1
26034540008;0;0
26034540009;0;0
26034540010;1;1
26034540011;1;1
26034540012;1;1
26034540013;0;0
26034540014;1;1
26034540015;1;1
26034540016;0;0
26034540017;0;0
26034540018;0;0
26034540019;0;0
26034540020;0;0
26034540021;0;0
26034540022;0;0
26034540023;0;0
26034540024;0;0
26034540025;0;0
26036030001;0;0
26040070001;1;1
26040070002;1;1
26040070003;1;1
26041060002;0;0
26041060003;0;0
26041060004;0;0
26041060005;0;0
26041060006;0;0
26041060007;0;0
26041060009;0;0
26041060010;0;0
26041060016;0;0
26041060020;0;0
26041060021;1;1
26041060022;1;1
26041060024;0;0
26041060025;0;0
26041060026;0;0
26041060027;0;0
26041060028;0;0
26041060029;0;0
26041060030;0;0
26041060031;0;0
26041060032;0;0
26041060033;0;0
26041060034;0;0
26041060035;1;1
26041060036;1;1
26041060037;0;0
26041060038;1;1
26041060039;0;0
26041060043;0;0
26041060044;0;0
26041060045;1;1
26041060046;0;0
26041060047;0;0
26052020001;1;1
26052020002;0;0
26052020004;1;1
26052020005;1;1
26052020006;1;1
26052020007;0;0
26052020009;0;0
26052020010;0;0
26052020011;0;0
26052020012;0;0
26052020013;0;0
26060020005;0;0
26060020006;0;0
26062000001;0;0
26062000002;0;0
26062000003;0;0
26062000004;1;1
26062000005;0;0
26062000006;0;0
26062000007;0;0
26062000008;0;0
26064080001;0;0
26064080002;1;1
26064080003;0;0
26064080004;0;0
26064080005;1;1
26064080006;0;0
26068040001;0;0
26068040002;0;0
26068040003;1;1
26068040004;0;0
26068040005;0;0
26068040006;0;0
26068040008;1;1
26068040009;0;0
26068040010;0;0
26068040011;0;0
26068040012;0;0
26068040013;0;0
26068040014;1;1
26068040015;0;0
26068040016;1;1
26068040017;0;0
26068040018;0;0
26068040019;0;0
26068040020;1;1
26068040021;0;0
26068040022;0;0
26068040023;1;1
26068040024;0;0
26068040025;1;1
26068040026;1;1
26072080001;1;1
26072080004;0;0
26072080005;0;0
26072080006;1;1
26072080007;0;0
26072080008;1;1
26072080009;0;0
26072080010;0;0
26072080011;0;0
26072080012;0;0
26072080013;0;0
26072080014;0;0
26076040001;0;0
26076040002;0;0
26076040004;0;0
26076040005;0;0
26076040006;0;0
26076040007;0;0
26076040008;1;1
26076040009;0;0
26076040010;1;1
26076040011;0;0
26077520001;0;0
26077520003;0;0
26079010002;0;0
26079010003;0;0
26079010004;0;0
26079010005;1;1
26079010006;0;0
26079010007;1;1
26079010008;0;0
26079010009;1;1
26079010013;1;1
26079010014;0;0
26079010015;1;1
26079010016;1;1
26079010017;0;0
26079010018;1;1
26079010019;0;0
26079010020;0;0
26079010021;0;0
26079010022;1;1
26079010023;1;1
26079010024;0;0
26079010027;1;1
26079010028;1;1
26079010029;1;1
26079010030;0;0
26079010031;1;1
26079010033;0;0
26079010034;1;1
26079010035;0;0
26079010038;0;0
26079010039;1;1
26079010041;0;0
26079010042;1;1
26079010043;0;0
26079010044;0;0
26079010046;1;1
26079010047;1;1
26079010055;0;0
26079010056;0;0
26079010057;0;0
26079010058;0;0
26079010059;1;1
26079010061;0;0
26079010062;0;0
26079010063;0;0
26079010064;0;0
26079010066;0;0
26079010067;0;0
26079010070;0;0
26079010071;0;0
26079010072;0;0
26079010073;0;0
26079010074;0;0
26079010075;0;0
26079010076;0;0
26079010077;1;1
26079010078;1;1
26079010079;0;0
26079010080;0;0
26079010081;0;0
26079010083;0;0
26079010085;1;1
26079010086;0;0
26079010087;1;1
26079010088;1;1
26079010089;0;0
26079010090;0;0
26079010091;0;0
26079010092;0;0
26079010093;0;0
26079010094;0;0
26079010095;0;0
26079010096;0;0
26079010097;0;0
26079010098;0;0
26079010100;0;0
26079010101;0;0
26079010102;1;1
26079010103;1;1
26079010104;0;0
26079010105;0;0
26079010106;0;0
26079010107;0;0
26079010108;0;0
26079010109;0;0
26079010110;0;0
26079010111;0;0
26079010112;1;1
26079010114;0;0
26079010115;0;0
26079010116;0;0
26079010117;0;0
26079010118;0;0
26079010119;1;1
26079010120;1;1
26079010121;1;1
26079010122;1;1
26079010123;1;1
26079010124;1;1
26079010125;1;1
26079010126;1;1
26079010127;0;0
26079010128;0;0
26079010129;0;0
26079010130;0;0
26079010131;0;0
26079010132;0;0
26079010133;1;1
26079010134;0;0
26079010135;0;0
26079010136;0;0
26079010137;0;0
26079010138;0;0
26079010139;0;0
26079010140;0;0
26079010141;1;1
26079010142;1;1
26079010143;0;0
26079010144;1;1
26079010145;1;1
26079010146;0;0
26079010147;1;1
26079010148;1;1
26079010149;1;1
26079010150;1;1
26079010151;0;0
26079010152;1;1
26079010153;0;0
26079010154;0;0
26079010155;0;0
26079010156;1;1
26079010157;0;0
26079010158;1;1
26089090001;0;0
26089090002;0;0
26089090003;0;0
26089090004;0;0
26089090005;0;0
26094020007;1;1
26094020008;0;0
26094020009;1;1
26094020015;0;0
26094020016;0;0
26094020018;0;0
26094020019;1;1
26094020020;0;0
26094020021;0;0
26094020022;0;0
26094020024;1;1
26094020025;0;0
26094020026;0;0
26094020027;0;0
26094020028;1;1
26094020030;0;0
26094020031;0;0
26094020032;0;0
26094020033;1;1
26094020034;0;0
26096000001;0;0
26096000048;0;0
26096000049;0;0
26096000050;0;0
26096000051;0;0
26096000053;0;0
26096000054;1;1
26096000055;0;0
26096000057;0;0
26096000058;0;0
26096000060;0;0
26096000061;1;1
26096000062;0;0
26096000063;1;1
26096000064;1;1
26096000065;0;0
26096000069;0;0
26096000070;0;0
26096000071;0;0
26096000072;0;0
26096000073;1;1
26096000074;0;0
26096000075;0;0
26096000076;0;0
26096000079;0;0
26096000083;0;0
26096000087;0;0
26096000088;0;0
26096000089;0;0
26096000090;0;0
26096000091;0;0
26096000092;0;0
26096000096;0;0
26096000100;1;1
26096000101;0;0
26096000102;0;0
26096000104;0;0
26096000106;0;0
26096000108;0;0
26096000110;0;0
26096000112;0;0
26096000113;0;0
26096000114;0;0
26096000116;1;1
26096000117;0;0
26096000118;0;0
26096000119;0;0
26096000120;0;0
26096000121;0;0
26096000122;0;0
26096000123;0;0
26096000124;0;0
26096000125;0;0
26096000127;1;1
26096000128;0;0
26096000129;0;0
26096000130;0;0
26096000131;0;0
26096000132;0;0
26096000133;0;0
26096000134;1;1
26096000135;0;0
26096000136;0;0
26096000139;0;0
26096000140;0;0
26096000141;0;0
26100040001;1;1
26100040003;1;1
26100040004;1;1
26100040006;0;0
26100040007;0;0
26106080001;0;0
26106080002;1;1
26106080003;0;0
26106080004;0;0
26106080005;0;0
26106080006;0;0
26106080007;0;0
26106080008;0;0
26106080009;0;0
26106080010;0;0
26106080011;0;0
26106080012;0;0
26106080013;0;0
26106080014;0;0
26107070001;0;0
26107070002;0;0
26107070004;0;0
26107070012;0;0
26107070016;0;0
26107070017;0;0
26107070019;0;0
26107070020;0;0
26107070021;0;0
26107070023;0;0
26107070024;0;0
26107070025;0;0
26107070026;0;0
26107070027;0;0
26107070029;0;0
26107070030;0;0
26107070032;0;0
26107070033;0;0
26107070034;0;0
26107070035;0;0
26107070036;0;0
26107070037;0;0
26107070038;0;0
26107070039;0;0
26107070040;0;0
26107070041;0;0
26107070042;0;0
26107070043;0;0
26107070044;0;0
26107070045;0;0
26107070046;0;0
26107070047;0;0
26107070048;1;1
26107070049;0;0
26107070050;0;0
26107070051;0;0
26107070052;1;1
26107070053;0;0
26107070054;0;0
26107070055;0;0
26107070056;0;0
26111010004;0;0
26111010005;0;0
26111010006;0;0
26111010007;0;0
26111010008;0;0
26111010009;0;0
26111010010;0;0
26111010011;1;1
26111010012;0;0
26111010013;0;0
26111010014;0;0
26111010015;0;0
26111010016;0;0
26116060016;0;0
26116060361;0;0
26116060425;0;0
26116060426;0;0
26116060427;0;0
26116060430;0;0
26116060432;0;0
26116060433;0;0
26116060434;0;0
26116060435;0;0
26116060439;0;0
26116060441;0;0
26116060454;0;0
26116060455;0;0
26116060496;0;0
26116060519;0;0
26116060530;0;0
26116060533;0;0
26116060544;0;0
26116060550;0;0
26116060551;0;0
26116060552;0;0
26116060553;0;0
26116060554;0;0
26116060555;0;0
26116060556;0;0
26116060559;0;0
26116060561;0;0
26116060562;0;0
26116060564;0;0
26116060568;0;0
26116060572;0;0
26116060575;0;0
26116060578;0;0
26116060579;0;0
26116060585;0;0
26116060587;0;0
26116060588;0;0
26116060589;0;0
26116060590;0;0
26116060594;0;0
26116060596;0;0
26116060619;0;0
26116060621;0;0
26116060622;0;0
26116060623;0;0
26116060625;0;0
26116060627;0;0
26116060630;0;0
26116060636;0;0
26116060637;0;0
26116060638;0;0
26116060639;0;0
26116060641;0;0
26116060642;0;0
26116060643;0;0
26116060647;0;0
26116060648;0;0
26116060649;0;0
26116060651;0;0
26116060652;0;0
26116060654;0;0
26116060656;0;0
26116060657;0;0
26116060661;0;0
26116060663;0;0
26116060665;0;0
26116060666;0;0
26116060667;0;0
26116060668;0;0
26116060669;0;0
26116060670;0;0
26116060671;0;0
26116060672;0;0
26116060673;0;0
26116060674;0;0
26116060675;0;0
26116060676;0;0
26116060678;0;0
26116060679;0;0
26116060680;0;0
26116060681;0;0
26116060682;0;0
26116060683;0;0
26116060684;0;0
26116060685;0;0
26116060686;0;0
26116060687;0;0
26116060688;0;0
26116060689;0;0
26116060691;0;0
26116060692;0;0
26116060694;0;0
26116060695;0;0
26116060696;0;0
26116060698;0;0
26116060703;0;0
26116060704;0;0
26116060705;0;0
26116060706;0;0
26116060707;0;0
26116060708;0;0
26116060709;0;0
26116060710;0;0
26116060711;0;0
26116060712;0;0
26116060713;0;0
26116060714;0;0
26116060715;0;0
26116060716;0;0
26116060717;0;0
26116060718;0;0
26116060719;0;0
26116060720;0;0
26116060721;0;0
26116060722;0;0
26116060723;0;0
26116060724;0;0
26116060725;0;0
26116060726;0;0
26116060727;0;0
26116060728;0;0
26116060729;0;0
26116060730;0;0
26116060731;0;0
26116060732;0;0
26116060733;0;0
26116060734;0;0
26116060735;0;0
26116060736;0;0
26116060737;0;0
26116060738;0;0
26116060739;0;0
26116060740;0;0
26116060741;0;0
26116060742;0;0
26116060744;0;0
26116060745;0;0
26116060746;0;0
26116060747;0;0
26116060748;0;0
26116060749;0;0
26116060750;0;0
26116060751;0;0
26116060752;0;0
26116060753;0;0
26116060754;0;0
26116060755;0;0
26116060756;0;0
26116060757;0;0
26116060758;0;0
26116060760;0;0
26116060761;0;0
26116060762;0;0
26116060763;0;0
26116060764;0;0
26116060765;0;0
26116060766;0;0
26116060767;0;0
26116060768;0;0
26116060769;0;0
26116060770;0;0
26116060771;0;0
26116060772;0;0
26116060773;0;0
26116060774;0;0
26116060775;0;0
26116060776;0;0
26116060777;0;0
26116060778;0;0
26116060779;0;0
26116060780;0;0
26116060781;0;0
26116060782;0;0
26116060783;0;0
26116060784;0;0
26116060785;0;0
26116060786;0;0
26116060787;0;0
26116060788;0;0
26116060789;0;0
26116060790;0;0
26116060791;0;0
26116060792;0;0
26116060793;0;0
26116060794;0;0
26116060795;0;0
26116060796;0;0
26116060797;0;0
26116060798;0;0
26116060799;0;0
26116060800;0;0
26116060801;0;0
26116060802;0;0
26116060803;0;0
26116060804;0;0
26116060805;0;0
26116060806;0;0
26116060807;0;0
26116060808;0;0
26116060809;0;0
26116060810;0;0
26116060811;0;0
26116060812;0;0
26116060813;0;0
26116060814;0;0
26116060815;0;0
26116060816;0;0
26116060817;0;0
26116060818;0;0
26116060819;0;0
26116060820;0;0
26116060821;0;0
26116060822;0;0
26116060823;0;0
26116060824;0;0
26116060825;0;0
26116060826;0;0
26116060827;0;0
26116060828;0;0
26116060829;0;0
26116060830;0;0
26116060831;0;0
26116060832;0;0
26116060833;0;0
26116060834;0;0
26116060835;0;0
26116060836;0;0
26116060837;0;0
26116060838;0;0
26116060839;0;0
26116060840;0;0
26116060841;0;0
26116060842;0;0
26116060843;0;0
26116060844;0;0
26116060845;0;0
26116060846;0;0
26116060847;0;0
26116060848;0;0
26116060849;0;0
26116060850;0;0
26116060851;0;0
26116060852;0;0
26116060853;0;0
26116060854;0;0
26116060855;0;0
26116060856;0;0
26116060857;0;0
26116060858;0;0
26116060859;0;0
26116060860;0;0
26116060861;0;0
26116060862;0;0
26116060863;0;0
26116060864;0;0
26116060865;0;0
26116060866;0;0
26116060867;0;0
26116060868;0;0
26116060869;0;0
26116060870;0;0
26116060871;0;0
26116060872;0;0
26116060873;0;0
26116060874;0;0
26116060875;0;0
26116060876;0;0
26116060877;0;0
26116060878;0;0
26116060879;0;0
26116060880;0;0
26116060881;0;0
26116060882;0;0
26116060883;0;0
26116060884;0;0
26116060885;0;0
26116060886;0;0
26116060887;0;0
26116060888;0;0
26116060889;0;0
26116060890;0;0
26116060891;0;0
26116060892;0;0
26116060893;0;0
26116060894;0;0
26116060895;0;0
26116060896;0;0
26116060897;0;0
26116060898;0;0
26116060899;0;0
26116060901;0;0
26116060910;0;0
26116060911;0;0
26116060912;0;0
26125050001;0;0
26125050002;0;0
26125050003;0;0
26125050004;0;0
26125050005;0;0
26125050006;0;0
26125050008;0;0
26137010001;0;0
26137010008;0;0
26137010009;1;1
26137010010;1;1
26137010011;0;0
26137010012;0;0
26137010013;1;1
26137010014;0;0
26137010015;0;0
26138000001;1;1
26153000002;0;0
26153000003;0;0
26153000004;0;0
26154090001;0;0
26154090002;0;0
26154090003;0;0
26164070001;0;0
26164070002;0;0
26164070003;1;1
26164070004;0;0
26164070005;0;0
26164070006;1;1
27003000001;0;0
27003000004;0;0
27003000005;0;0
27003000007;0;0
27003000009;0;0
27003000010;0;0
27003000012;0;0
27003000013;0;0
27003000014;0;0
27005080001;0;0
27005080002;1;1
27005080003;0;0
27005080004;0;0
27005080005;0;0
27005080006;0;0
27005080009;0;0
27023060003;1;1
27024050001;0;0
27036010001;0;0
27036010003;0;0
27043020011;0;0
27043020014;0;0
27043020015;0;0
27043020017;0;0
27043020019;0;0
27043020020;0;0
27043020021;0;0
27043020022;0;0
27043020024;0;0
27043020031;0;0
27043020032;0;0
27043020033;1;1
27043020044;0;0
27043020052;0;0
27043020054;0;0
27043020057;0;0
27043020062;1;1
27043020075;0;0
27043020076;0;0
27043020078;0;0
27043020082;0;0
27043020083;0;0
27043020084;0;0
27043020086;0;0
27043020087;0;0
27043020089;1;1
27043020090;0;0
27043020093;0;0
27043020095;0;0
27043020101;0;0
27043020103;0;0
27043020107;0;0
27043020111;0;0
27043020112;0;0
27043020113;0;0
27043020115;0;0
27043020116;0;0
27043020119;0;0
27043020121;0;0
27043020122;1;1
27043020123;0;0
27043020124;0;0
27043020125;0;0
27043020128;1;1
27043020129;1;1
27043020130;0;0
27043020131;0;0
27043020132;0;0
27043020133;0;0
27043020134;1;1
27043020135;0;0
27043020136;0;0
27043020138;0;0
27043020139;1;1
27043020140;1;1
27043020141;0;0
27043020142;0;0
27043020143;0;0
27043020144;0;0
27043020145;0;0
27043020147;0;0
27043020148;0;0
27043020149;0;0
27043020150;0;0
27043020151;0;0
27043020152;0;0
27043020153;0;0
27043020154;0;0
27043020155;0;0
27043020156;0;0
27043020158;0;0
27043020159;0;0
27043020160;0;0
27043020161;0;0
27043020162;0;0
27043020163;0;0
27043020165;0;0
27043020166;0;0
27043020167;0;0
27043020168;0;0
27043020175;0;0
27043020177;0;0
27043020178;0;0
27043020181;0;0
27043020183;0;0
27043020184;0;0
27043020185;0;0
27043020186;0;0
27043020188;0;0
27043020192;0;0
27043020193;0;0
27043020200;0;0
27043020201;0;0
27043020202;0;0
27043020203;1;1
27043020207;0;0
27043020208;0;0
27043020210;0;0
27043020211;0;0
27043020212;0;0
27043020213;0;0
27043020218;0;0
27043020219;1;1
27043020220;0;0
27043020221;0;0
27043020222;0;0
27043020223;0;0
27043020224;0;0
27043020226;0;0
27043020227;0;0
27043020229;0;0
27043020230;0;0
27043020231;0;0
27043020232;0;0
27043020233;0;0
27043020234;0;0
27043020235;0;0
27043020236;0;0
27043020237;0;0
27043020238;0;0
27043020241;0;0
27043020242;0;0
27043020245;0;0
27043020246;0;0
27043020249;0;0
27043020250;0;0
27043020252;0;0
27043020254;0;0
27043020257;0;0
27043020261;0;0
27043020263;0;0
27043020264;0;0
27043020267;0;0
27043020268;0;0
27043020270;0;0
27043020271;0;0
27043020274;0;0
27043020275;0;0
27043020279;0;0
27043020280;0;0
27043020281;0;0
27043020286;0;0
27043020292;1;1
27043020293;0;0
27043020296;0;0
27043020297;0;0
27043020304;0;0
27043020305;0;0
27043020306;0;0
27043020307;0;0
27043020310;1;1
27043020311;0;0
27043020312;0;0
27043020313;0;0
27043020315;0;0
27043020316;0;0
27043020317;0;0
27043020318;0;0
27043020319;0;0
27043020320;0;0
27043020321;0;0
27043020322;0;0
27043020323;0;0
27043020325;0;0
27043020326;0;0
27043020327;0;0
27043020329;0;0
27043020331;0;0
27043020333;0;0
27043020335;0;0
27043020336;0;0
27043020338;0;0
27043020340;0;0
27043020344;0;0
27043020345;0;0
27043020346;0;0
27043020349;0;0
27043020353;0;0
27043020354;0;0
27043020355;0;0
27043020356;0;0
27043020359;0;0
27043020363;0;0
27043020364;0;0
27043020366;0;0
27043020367;0;0
27043020369;0;0
27043020371;0;0
27043020372;0;0
27043020374;0;0
27043020375;0;0
27043020376;0;0
27045000001;1;1
27045000002;1;1
27045000004;1;1
27045000008;0;0
27045000009;0;0
27045000010;1;1
27047080001;1;1
27047080003;0;0
27047080005;0;0
27047080019;1;1
27047080020;0;0
27051010004;0;0
27063070002;0;0
27063070004;0;0
27064480001;1;1
27067030001;0;0
27067030002;0;0
27067030003;0;0
27073050001;0;0
27074040001;0;0
27074040003;0;0
27074040006;0;0
27077010001;0;0
27077010003;0;0
27077010004;0;0
27077010005;0;0
27077010010;0;0
27077010011;0;0
27077010012;0;0
27077010013;0;0
27085010001;1;1
27085010002;1;1
27085010003;1;1
27085010006;1;1
27085010007;1;1
27085010008;1;1
27085010010;1;1
27085010014;1;1
27087090001;0;0
28003080004;1;1
28003080006;1;1
28003080007;0;0
28003080008;0;0
28003080009;0;0
28003080010;0;0
28003080011;0;0
28003080014;0;0
28003080016;1;1
28003080017;0;0
28003080018;0;0
28003080019;1;1
28003080021;1;1
28003080022;1;1
28003080023;1;1
28003080026;0;0
28003080027;1;1
28003080028;1;1
28003080029;0;0
28003080030;0;0
28003080031;0;0
28003080032;1;1
28003080033;1;1
28003080034;0;0
28003080035;1;1
28003080036;1;1
28003080037;0;0
28003080038;0;0
28003080039;0;0
28003080040;0;0
28003080041;0;0
28003080042;0;0
28003080043;0;0
28003080046;0;0
28003080047;0;0
28003080052;0;0
28003080053;0;0
28003080054;0;0
28003080056;0;0
28003080058;0;0
28003080059;1;1
28003080060;0;0
28003080061;0;0
28003080063;1;1
28003080064;0;0
28003080065;0;0
28003080066;0;0
28003080067;0;0
28003080068;0;0
28003080069;0;0
28003080072;0;0
28003080074;0;0
28003080076;0;0
28003080077;0;0
28003080079;1;1
28003080080;0;0
28003080081;0;0
28003080083;1;1
28003080084;0;0
28003080085;1;1
28003080086;0;0
28003080087;0;0
28003080089;0;0
28003080090;0;0
28003080091;1;1
28003080092;1;1
28003080093;0;0
28003080095;0;0
28003080096;0;0
28003080097;0;0
28003080098;0;0
28003080102;0;0
28003080103;0;0
28003080104;0;0
28003080105;0;0
28003080106;0;0
28003080107;0;0
28003080108;0;0
28003080110;1;1
28003080111;1;1
28003080113;0;0
28003080114;0;0
28003080115;1;1
28003080117;0;0
28003080118;1;1
28003080119;0;0
28003080120;0;0
28003080121;0;0
28003080122;0;0
28003080123;1;1
28003080124;0;0
28003080125;0;0
28003080126;0;0
28003080127;0;0
28003080128;1;1
28006050002;0;0
28006050004;0;0
28006050006;0;0
28006050007;0;0
28006050008;0;0
28015040001;0;0
28021060002;0;0
28021060003;0;0
28021060004;0;0
28021060005;0;0
28021060006;0;0
28021060009;0;0
28021060010;0;0
28036090001;1;1
28036090002;0;0
28036090003;0;0
28036090004;0;0
28036090005;0;0
28036090006;0;0
28036090007;0;0
28036090008;1;1
28040030001;1;1
28040030002;0;0
28040030003;0;0
28044090001;0;0
28048050001;0;0
28048050002;0;0
28048050003;0;0
28048050004;0;0
28048050006;0;0
28048050007;0;0
28048050008;0;0
28048050009;0;0
28048050010;0;0
28048050011;0;0
28048050013;0;0
28048050014;0;0
28048050015;0;0
28048050016;0;0
28048050017;0;0
28048050018;0;0
28048050023;0;0
28048050024;0;0
28048050026;0;0
28048050027;0;0
28048050028;0;0
28048050030;0;0
28048050031;0;0
28048050032;0;0
28048050034;0;0
28048050036;0;0
28048050038;0;0
28048050039;0;0
28048050040;0;0
28048050041;0;0
28048050042;0;0
28048050043;0;0
28048050044;0;0
28048050045;0;0
28048050047;0;0
28048050048;0;0
28048050049;0;0
28048050050;0;0
28048050051;0;0
28048050052;0;0
28048050053;0;0
28048050054;0;0
28048050055;0;0
28048050056;0;0
28059010001;1;1
28059010003;1;1
28059010004;0;0
28061070001;0;0
28061070002;0;0
28061070003;0;0
28066020001;0;0
28067010001;0;0
28067010002;1;1
28067010003;0;0
28067010004;0;0
28067010005;0;0
28067010006;0;0
28067010007;0;0
28067010008;1;1
28067010009;0;0
28067010010;0;0
28067010012;0;0
28067010013;0;0
28067010014;0;0
28067010017;0;0
29021040001;0;0
29021040002;0;0
29032010007;0;0
29032010008;0;0
29032010010;0;0
29032010011;0;0
29032010012;0;0
29032010013;0;0
29032010014;0;0
29032010015;0;0
29032010017;0;0
29057010001;1;1
29057010002;0;0
29057010003;0;0
29057010004;0;0
29057010005;0;0
29057010006;0;0
29057010007;0;0
29057010008;0;0
29057010009;0;0
29057010012;0;0
29057010013;0;0
29057010014;0;0
29057010015;0;0
29057010016;0;0
29057010017;1;1
29057010018;0;0
29057010019;0;0
29057010020;0;0
29057010021;1;1
29057010022;1;1
29057010023;1;1
29057010024;1;1
29057010025;0;0
29057010026;0;0
29057010027;0;0
29057010028;1;1
29057010029;0;0
29057010030;1;1
29057010031;1;1
29057010032;0;0
29057010033;0;0
29057010034;0;0
29057010035;0;0
29057010036;0;0
29057010037;0;0
29057010039;0;0
29057010042;0;0
29057010045;0;0
29057010046;0;0
29057010048;0;0
29057010049;0;0
29057010050;0;0
29057010051;0;0
29057010053;0;0
29057010054;1;1
29057010055;0;0
29057010058;0;0
29060060001;0;0
29065010009;1;1
29065010011;1;1
29065010012;0;0
29065010013;1;1
29065010014;0;0
29065010017;0;0
29065010018;1;1
29065010019;1;1
29065010020;1;1
29072020001;0;0
29072020002;0;0
29075090003;0;0
29075090006;0;0
29107270001;0;0
29107270002;1;1
29107270003;0;0
29107270004;1;1
29107270005;0;0
29107270006;1;1
29107270007;0;0
29107270008;0;0
29107270010;0;0
29107270012;0;0
29107270013;1;1
29107270014;1;1
29107270015;0;0
29107270016;0;0
29107270019;1;1
29107270020;1;1
29107270021;1;1
29107270022;1;1
29107270023;0;0
29107270024;1;1
29107270025;0;0
29107270026;1;1
29107270027;0;0
29108000002;0;0
29108000003;0;0
29108000004;0;0
29108000005;0;0
29108000006;0;0
29108000007;0;0
29108000008;0;0
29108000009;0;0
29108000010;0;0
29108000011;0;0
29108000012;0;0
29108000013;0;0
29108000014;0;0
29108000015;0;0
29108000016;0;0
29108000018;0;0
29108000019;0;0
29108000021;0;0
29108000022;0;0
29108000023;0;0
29108000024;0;0
29108000025;0;0
29108000028;0;0
29108000029;0;0
29108000031;0;0
29108000032;0;0
29108000033;0;0
29108000034;0;0
29108000036;0;0
29108000037;0;0
29108000038;0;0
29108000039;0;0
29108000040;0;0
29108000041;0;0
29108000042;0;0
29108000044;0;0
29108000047;0;0
29108000048;0;0
29108000049;0;0
29108000050;0;0
29108000051;0;0
29108000056;0;0
29108000057;0;0
29108000058;0;0
29108000063;0;0
29108000064;0;0
29108000066;0;0
29108000069;0;0
29108000071;0;0
29136060001;0;0
29136060002;1;1
29136060003;1;1
29136060004;0;0
29136060005;0;0
29136060006;1;1
29136060007;1;1
29136060008;1;1
29136060009;1;1
29136060010;1;1
29136060012;0;0
29136060013;0;0
29136060014;0;0
29136060016;0;0
29136060017;1;1
29136060018;1;1
29136060019;0;0
29136060020;0;0
29136060021;1;1
29136060022;0;0
29136060023;0;0
29136060024;1;1
29147030001;0;0
29147030003;0;0
29147030004;0;0
29147030005;0;0
29148020008;0;0
29148020011;0;0
29148020012;1;1
29148020013;0;0
29148020014;0;0
29148020015;0;0
29148020016;1;1
29148020017;0;0
29148020018;1;1
29148020019;1;1
29148020022;1;1
29148020023;0;0
29148020024;1;1
29148020026;0;0
29148020027;0;0
29148020028;0;0
29148020029;0;0
29148020030;1;1
29148020031;0;0
29148020032;0;0
29148020034;0;0
29148020035;1;1
29148020036;0;0
29148020037;0;0
29148020038;1;1
29148020039;0;0
29148020040;1;1
29148020041;0;0
29148020042;0;0
29148020043;0;0
29148020044;0;0
29148020045;1;1
29148020047;1;1
29148020048;0;0
29156010004;0;0
29156010006;0;0
29161040001;0;0
29161040003;0;0
29161040004;0;0
29175080002;1;1
29175080003;1;1
29175080005;0;0
29175080006;1;1
29175080007;0;0
29175080008;0;0
29180010002;0;0
29180010003;0;0
29180010004;0;0
29180010005;0;0
29180010006;0;0
29180010007;1;1
29180010008;0;0
29180010011;0;0
29180010012;0;0
29180010014;0;0
29180010017;0;0
29180010018;0;0
29180010019;0;0
29180010021;0;0
29192070001;1;1
29192070005;0;0
29192070010;0;0
29192070012;0;0
29192070013;0;0
29192070014;1;1
29192070016;0;0
29192070017;0;0
29192070018;0;0
29192070019;0;0
29192070020;0;0
29192070021;0;0
29192070023;0;0
29192070025;0;0
29192070027;0;0
29192070028;0;0
29192070030;0;0
29192070034;0;0
29192070036;0;0
29192070037;0;0
29192070038;0;0
29192070041;0;0
29192070042;1;1
29192070043;0;0
29192070044;0;0
29192070046;0;0
29192070051;0;0
29192070052;0;0
29192070053;0;0
29192070065;0;0
29192070068;0;0
29192070076;0;0
29192070077;0;0
29192070078;0;0
29192070079;0;0
29199260001;0;0
29253030003;0;0
29274080001;0;0
29274080002;0;0
29274080003;0;0
29274080005;0;0
29274080008;0;0
29274080009;0;0
29274080010;0;0
29274080020;0;0
29274080022;0;0
29274080044;0;0
29274080048;0;0
29274080049;0;0
29274080054;0;0
29274080102;0;0
29274080122;0;0
29274080124;0;0
29274080129;0;0
29274080146;0;0
29274080149;0;0
29274080151;0;0
29274080152;0;0
29274080153;0;0
29274080154;0;0
29274080155;0;0
29274080156;0;0
29274080157;0;0
29274080158;0;0
29274080159;0;0
29274080160;0;0
29274080161;0;0
29274080162;0;0
29274080163;0;0
29274080164;0;0
29274080165;0;0
29274080167;0;0
29274080168;0;0
29274080169;0;0
29274080170;0;0
29274080172;0;0
29274080173;0;0
29274080177;0;0
29274080178;0;0
29274080179;0;0
29274080180;0;0
29274080181;0;0
29274080182;0;0
29274080185;0;0
29274080186;0;0
29274080187;0;0
29274080189;0;0
29274080190;0;0
29274080191;0;0
29274080193;1;1
29274080194;0;0
29274080195;0;0
29274080196;0;0
29274080197;0;0
29274080198;0;0
29274080199;0;0
29274080200;0;0
29274080201;0;0
29274080202;0;0
29274080203;0;0
29274080204;0;0
29274080206;0;0
29274080207;0;0
29274080208;0;0
29274080209;0;0
29274080210;0;0
29274080211;0;0
29274080212;0;0
29274080213;0;0
29274080214;0;0
29274080215;0;0
29274080216;0;0
29274080217;0;0
29274080218;0;0
29274080220;0;0
29274080221;0;0
29274080222;0;0
29274080223;0;0
29274080224;0;0
29274080225;0;0
29274080226;0;0
29274080227;0;0
29274080228;0;0
29274080229;0;0
29274080231;0;0
29274080232;0;0
29274080233;0;0
29274080234;0;0
29274080235;0;0
29274080236;0;0
29274080237;0;0
29274080238;0;0
29274080239;0;0
29274080240;0;0
29274080241;0;0
29274080242;0;0
29274080243;0;0
29274080244;0;0
29274080245;0;0
29274080246;0;0
29274080248;0;0
29274080249;0;0
29274080250;0;0
29274080251;0;0
29274080252;0;0
29274080253;0;0
29274080254;0;0
29274080255;0;0
29274080256;0;0
29274080257;0;0
29274080258;0;0
29274080259;0;0
29274080260;0;0
29274080261;0;0
29274080262;0;0
29274080263;0;0
29274080264;0;0
29274080265;0;0
29274080266;0;0
29274080267;0;0
29274080268;0;0
29274080269;0;0
29274080270;0;0
29274080271;0;0
29274080272;0;0
29274080273;0;0
29274080274;0;0
29274080275;0;0
29274080276;0;0
29274080278;0;0
29274080279;0;0
29274080280;0;0
29274080281;0;0
29274080282;0;0
29274080283;0;0
29274080284;0;0
29274080286;0;0
29274080287;0;0
29274080289;0;0
29274080290;0;0
29274080291;0;0
29274080293;0;0
29274080294;0;0
29274080295;0;0
29274080296;0;0
29274080297;0;0
29274080298;0;0
29274080299;0;0
29274080300;0;0
29274080301;0;0
29274080302;0;0
29274080303;0;0
29274080304;0;0
29274080305;0;0
29274080306;0;0
29274080307;0;0
29274080308;0;0
29274080309;0;0
29274080310;0;0
29274080311;0;0
29274080312;0;0
29274080314;0;0
29274080315;0;0
29274080316;0;0
29274080318;0;0
29274080319;0;0
29274080321;0;0
29274080322;0;0
29274080323;0;0
29274080324;0;0
29274080325;0;0
29274080326;0;0
29274080327;0;0
29274080329;0;0
29274080330;0;0
29274080331;0;0
29274080332;0;0
29274080333;0;0
29274080335;0;0
29274080336;0;0
29274080337;0;0
29274080338;0;0
29274080339;0;0
29274080340;0;0
29274080341;0;0
29274080342;0;0
29274080343;0;0
29274080344;0;0
29274080347;0;0
29274080349;0;0
29274080350;0;0
29274080351;0;0
29274080352;0;0
29274080353;0;0
29274080354;0;0
29274080355;0;0
29274080356;0;0
29274080357;0;0
29274080358;0;0
29274080359;0;0
29274080360;0;0
29274080361;0;0
29274080362;0;0
29274080363;0;0
29274080365;0;0
29274080366;0;0
29274080367;0;0
29274080368;0;0
29274080369;0;0
29274080370;0;0
29274080371;0;0
29274080372;0;0
29274080373;0;0
29274080374;0;0
29274080375;0;0
29274080376;0;0
29274080377;0;0
29274080378;0;0
29274080379;0;0
29274080380;0;0
29274080381;0;0
29274080382;0;0
29274080383;0;0
29274080384;0;0
29274080385;0;0
29274080386;0;0
29274080387;0;0
29274080388;0;0
29274080389;0;0
29274080390;0;0
29274080391;0;0
29274080392;0;0
29274080394;0;0
29274080397;0;0
29274080398;0;0
29274080400;0;0
29274080401;0;0
29274080402;0;0
29274080403;0;0
29274080404;0;0
29274080405;0;0
29274080406;0;0
29274080407;0;0
29274080408;0;0
29274080409;0;0
29274080410;0;0
29274080411;0;0
29274080412;0;0
29274080414;0;0
29274080415;0;0
29274080416;0;0
29274080417;0;0
29274080418;0;0
29274080419;0;0
29274080420;0;0
29274080421;0;0
29274080422;0;0
29274080426;0;0
29274080428;0;0
29286040001;0;0
29286040002;1;1
29286040003;1;1
29286040004;0;0
29287030001;0;0
29287030002;0;0
29287030003;0;0
29287030005;0;0
29287030006;0;0
29287030007;0;0
29287030008;0;0
29287030009;0;0
29287030010;0;0
29292060002;0;0
29307090007;0;0
29307090008;0;0
29307090009;0;0
29307090010;0;0
29307090011;0;0
29307090012;0;0
29307090013;0;0
29307090014;0;0
29307090015;0;0
29307090016;0;0
29307090017;0;0
29307090018;1;1
29313500001;0;0
29313500002;0;0
29313500003;0;0
29313500005;0;0
29319050004;0;0
29329030003;1;1
29329030004;1;1
29329030005;0;0
29329030006;0;0
29329030007;1;1
29332080001;0;0
29332080003;0;0
29332080004;0;0
29332080006;0;0
29332080007;0;0
29332080009;0;0
29332080011;0;0
29332080012;0;0
31015080001;1;1
31015080002;1;1
31015080003;1;1
31015080005;1;1
31015080006;1;1
31015080007;1;1
31015080009;0;0
31015080010;1;1
31017060002;0;0
31052020001;0;0
31056080002;0;0
31056080003;0;0
31056080004;1;1
31056080005;1;1
31062000001;0;0
31062000002;0;0
31062000004;0;0
31062000007;0;0
31062000008;0;0
31062000009;0;0
31062000011;0;0
31062000014;0;0
31062000015;0;0
31062000017;0;0
31062000019;0;0
31062000022;0;0
31062000024;0;0
31062000031;0;0
31062000032;0;0
31062000037;0;0
31062000039;0;0
31062000042;0;0
31062000043;0;0
31062000045;0;0
31062000046;0;0
31062000047;0;0
31062000049;0;0
31062000051;0;0
31062000052;0;0
31062000055;0;0
31062000061;0;0
31062000063;0;0
31062000064;0;0
31062000066;0;0
31062000069;0;0
31062000071;0;0
31062000072;0;0
31062000073;0;0
31062000077;0;0
31062000078;0;0
31062000081;0;0
31062000082;0;0
31062000084;0;0
31062000087;0;0
31062000088;0;0
31062000089;0;0
31062000090;0;0
31062000093;0;0
31062000094;0;0
31062000095;0;0
31062000096;0;0
31062000097;0;0
31062000099;0;0
31062000107;0;0
31062000111;0;0
31062000113;0;0
31062000115;0;0
31062000123;0;0
31062000130;0;0
31062000133;0;0
31062000141;0;0
31062000143;0;0
31062000152;0;0
31062000158;0;0
31062000166;0;0
31062000169;0;0
31062000170;0;0
31062000172;0;0
31062000173;0;0
31062000176;0;0
31062000183;0;0
31062000185;0;0
31062000194;0;0
31062000196;0;0
31062000197;0;0
31062000198;0;0
31062000199;0;0
31062000201;0;0
31062000202;0;0
31062000203;0;0
31062000204;0;0
31062000208;0;0
31062000209;0;0
31062000210;0;0
31062000214;0;0
31062000215;0;0
31062000216;0;0
31062000217;0;0
31062000219;0;0
31062000222;0;0
31062000223;0;0
31062000225;0;0
31062000227;0;0
31062000228;0;0
31062000229;0;0
31062000230;0;0
31062000231;0;0
31062000233;0;0
31062000234;0;0
31062000235;0;0
31062000236;0;0
31062000237;0;0
31062000238;0;0
31062000239;0;0
31062000240;0;0
31062000243;0;0
31062000245;0;0
31062000246;0;0
31062000248;0;0
31062000249;0;0
31062000250;0;0
31062000251;0;0
31062000252;0;0
31062000253;0;0
31062000254;0;0
31062000257;0;0
31062000258;0;0
31062000259;0;0
31062000260;0;0
31062000263;0;0
31062000265;0;0
31062000266;0;0
31062000268;0;0
31062000269;0;0
31062000270;0;0
31062000272;0;0
31062000273;0;0
31062000274;0;0
31062000275;0;0
31062000276;0;0
31062000277;0;0
31062000278;0;0
31062000281;0;0
31062000283;0;0
31062000284;0;0
31062000286;0;0
31062000287;0;0
31062000288;0;0
31062000289;0;0
31062000290;0;0
31062000291;0;0
31062000292;0;0
31062000293;0;0
31062000294;0;0
31062000295;0;0
31062000297;0;0
31062000298;0;0
31062000299;0;0
31062000301;0;0
31062000302;0;0
31062000303;0;0
31062000304;0;0
31062000306;0;0
31062000307;0;0
31062000309;0;0
31062000310;0;0
31062000311;0;0
31062000312;0;0
31062000313;0;0
31062000314;0;0
31062000315;0;0
31062000316;0;0
31062000317;0;0
31062000318;0;0
31062000319;0;0
31062000320;0;0
31062000321;0;0
31062000322;0;0
31062000323;0;0
31062000324;0;0
31062000325;0;0
31062000326;0;0
31062000327;0;0
31062000328;0;0
31062000329;0;0
31062000330;0;0
31062000333;0;0
31062000334;0;0
31062000335;0;0
31062000336;0;0
31062000337;0;0
31062000338;0;0
31062000339;0;0
31062000340;0;0
31062000342;0;0
31062000343;0;0
31062000344;0;0
31062000345;0;0
31062000346;0;0
31062000347;0;0
31062000349;0;0
31062000350;0;0
31062000351;0;0
31062000352;0;0
31062000353;0;0
31062000354;0;0
31062000356;0;0
31062000357;0;0
31062000358;0;0
31062000360;0;0
31062000361;0;0
31062000362;0;0
31062000363;0;0
31062000364;0;0
31062000366;0;0
31062000369;0;0
31062000370;0;0
31062000371;0;0
31062000372;0;0
31062000374;0;0
31062000375;0;0
31062000378;0;0
31062000379;0;0
31062000385;0;0
31062000386;0;0
31062000387;0;0
31062000390;0;0
31062000391;0;0
31062000392;0;0
31062000396;0;0
31062000397;0;0
31062000398;0;0
31063090001;0;0
31067050001;0;0
31067050002;1;1
31067050003;0;0
31067050004;0;0
31067050005;0;0
31067050006;0;0
31067050008;0;0
31067050009;0;0
31067050012;0;0
31067050013;1;1
31067050014;1;1
31067050015;0;0
31067050016;0;0
31067050017;1;1
31067050018;1;1
31067050019;0;0
31067050020;0;0
31067050021;0;0
31067050022;0;0
31067050024;0;0
31067050025;0;0
31067050026;0;0
31067050032;1;1
31067050033;0;0
31067050034;0;0
31067050035;0;0
31067050036;0;0
31067050037;0;0
31067050039;0;0
31067050040;1;1
31067050041;0;0
31067050043;1;1
31067050044;0;0
31078020001;0;0
31078020002;0;0
31173060001;0;0
31183040001;1;1
31183040002;1;1
31186010002;0;0
31186010007;0;0
31186010008;0;0
31186010009;0;0
31186010010;0;0
31186010011;0;0
31186010012;0;0
31186010014;0;0
31186010016;0;0
31186010017;0;0
31186010020;1;1
31186010022;0;0
31186010029;0;0
31186010030;0;0
31186010032;0;0
31186010038;0;0
31186010042;0;0
31186010044;0;0
31186010045;1;1
31186010046;0;0
31186010047;1;1
31186010048;0;0
31186010049;1;1
31186010050;0;0
31186010051;0;0
31186010053;1;1
31186010054;0;0
31186010056;0;0
31186010058;0;0
31186010059;0;0
31186010060;1;1
31186010061;0;0
31186010062;1;1
31186010063;0;0
31186010064;1;1
31186010068;1;1
31186010069;0;0
31186010072;0;0
31186010074;0;0
31186010075;0;0
31186010076;0;0
31186010077;0;0
31186010079;0;0
31186010082;0;0
31186010083;0;0
31186010085;0;0
31186010088;0;0
31186010090;0;0
31186010094;0;0
31194010001;1;1
31194010002;1;1
31194010004;1;1
31194010006;1;1
31194010007;0;0
31194010008;0;0
31194010009;0;0
31194010010;1;1
31194010011;0;0
31194010012;1;1
31194010013;0;0
31194010014;0;0
31194010015;1;1
31194010017;1;1
31194010018;1;1
31194010019;0;0
31194010020;0;0
31194010022;1;1
31194010023;0;0
31194010024;0;0
31209040001;0;0
31212580001;0;0
31212580002;0;0
31216050012;0;0
31216050013;0;0
31216050014;0;0
31216050015;0;0
31216050016;0;0
31223060001;0;0
31223060002;0;0
31223060004;0;0
31223060005;0;0
31241040003;0;0
31241040007;0;0
31241040008;0;0
31241040009;0;0
31241040011;0;0
31241040013;0;0
31241040014;0;0
31241040016;0;0
31246090001;0;0
31277010001;0;0
31277010002;0;0
31277010003;0;0
31277010004;0;0
31277010005;0;0
31277010006;0;0
31277010009;0;0
31277010010;0;0
31277010011;0;0
31277010012;0;0
31298060001;1;1
31298060002;1;1
31298060003;1;1
31298060004;0;0
31298060005;0;0
31298060006;0;0
31298060007;1;1
31298060008;1;1
31298060009;0;0
31298060010;0;0
31298060011;1;1
31298060012;0;0
31298060013;0;0
31298060015;1;1
31298060017;0;0
31298060019;0;0
31298060020;1;1
31298060022;1;1
31298060023;0;0
31298060024;1;1
31298060025;1;1
31298060026;1;1
31298060028;1;1
31298060030;0;0
31301010001;0;0
31301010002;0;0
31301010003;0;0
31301010004;0;0
31313070001;0;0
31313070006;1;1
31313070007;1;1
31313070012;1;1
31313070013;1;1
31313070015;1;1
31313070017;1;1
31313070018;1;1
31313070020;1;1
31313070022;0;0
31313070023;0;0
31313070024;0;0
31313070025;0;0
31313070026;1;1
31313070027;1;1
31313070029;1;1
31313070030;1;1
31313070031;0;0
31313070033;0;0
31317030001;1;1
31317030002;0;0
31317030003;0;0
31319010001;0;0
31319010002;0;0
31324040002;1;1
31324040003;0;0
31327010001;1;1
31337090001;0;0
31338080001;0;0
31350500001;0;0
31352090001;1;1
31352090002;1;1
31352090003;1;1
31366520001;0;0
31367020003;1;1
31367020004;0;0
31367020006;0;0
31367020007;1;1
31367020008;0;0
31367020010;0;0
31367020011;0;0
31367020014;0;0
31367020017;0;0
31367020022;1;1
31367020023;0;0
31367020025;0;0
31367020026;1;1
31367020032;0;0
31367020033;1;1
31367020034;1;1
31367020035;1;1
31367020036;1;1
31367020037;1;1
31367020038;0;0
31367020039;0;0
31367020040;0;0
31367020041;0;0
31367020042;0;0
31367020045;0;0
31367020046;1;1
31367020047;0;0
31367020048;1;1
31367020050;0;0
31367020052;0;0
31367020053;0;0
31367020054;1;1
31367020055;0;0
31367020056;1;1
31367020057;0;0
31367020058;0;0
31367020064;1;1
31400010001;0;0
31400010002;0;0
31408030001;0;0
31411080002;0;0
31411080003;0;0
31433020002;0;0
31433020003;0;0
31433020006;0;0
31433020009;0;0
31433020014;0;0
31433020016;0;0
31433020018;0;0
31433020019;0;0
31433020022;0;0
31433020023;0;0
31433020024;0;0
31433020025;0;0
31433020026;1;1
31433020027;0;0
31433020028;0;0
31433020030;0;0
31433020031;0;0
31433020032;0;0
31433020033;0;0
31433020034;0;0
31433020035;0;0
31433020036;0;0
31433020037;0;0
31433020038;0;0
31433020039;0;0
31433020040;0;0
31433020048;0;0
31448050002;0;0
31448050003;1;1
31448050004;1;1
31448050005;1;1
31448050006;0;0
31448050007;0;0
31448050008;1;1
31448050009;0;0
31448050010;0;0
31448050011;0;0
31448050012;0;0
31448050013;0;0
31448050014;0;0
31479070001;0;0
31487070001;0;0
31493090001;0;0
31493090002;0;0
31493090004;0;0
31493090005;0;0
31493090006;0;0
31511070001;0;0
31519090002;0;0
31522040002;0;0
31522040003;0;0
31522040004;0;0
31528080001;0;0
31546060001;0;0
31546060005;0;0
31546060006;0;0
31546060008;0;0
31546060009;0;0
31546060010;0;0
31546060011;0;0
31546060013;0;0
31546060014;0;0
31546060015;0;0
31546060016;0;0
31546060017;0;0
31546060018;0;0
31546060019;0;0
31546060020;0;0
31546060021;0;0
31546060022;0;0
31546060023;0;0
31546060024;0;0
31546060025;0;0
31546060026;1;1
31546060027;0;0
31546060028;0;0
31546060029;1;1
31546060030;0;0
31546060031;0;0
31546060032;0;0
31546060033;0;0
31546060034;1;1
31546060035;0;0
31546060036;0;0
31546060037;0;0
31546060038;0;0
31546060039;0;0
31546060040;1;1
31546060041;0;0
31546060043;0;0
31548040001;0;0
31548040002;0;0
31567000003;1;1
31567000004;0;0
31567000008;0;0
31567000009;0;0
31567000010;0;0
31567000011;1;1
31578070001;0;0
31578070002;1;1
31578070003;0;0
31578070004;0;0
31578070005;0;0
31578070006;1;1
31578070007;0;0
31578070008;0;0
31578070009;1;1
31578070010;1;1
31578070011;1;1
31578070012;0;0
31578070015;1;1
31578070016;0;0
31578070017;1;1
31596050001;0;0
31629220001;0;0
31629220002;0;0
31629220003;0;0
31629550001;0;0
31655370001;0;0
31672020002;0;0
31686060005;1;1
31686060007;1;1
31686060008;0;0
31686060009;0;0
31686060010;0;0
31686060011;0;0
31686060012;1;1
31686060013;0;0
31686060014;1;1
31687050001;0;0
31687050002;0;0
31687050003;0;0
31687050004;1;1
31687050005;0;0
31687050006;0;0
31701070011;0;0
31701070012;0;0
31701070013;0;0
31701070014;0;0
31701070015;0;0
31701070016;0;0
31701070017;0;0
31701070018;0;0
31701070019;0;0
31701070020;0;0
31702060001;0;0
31702060003;0;0
31702060004;0;0
31702060005;0;0
31702060006;0;0
31702060008;0;0
31702060010;0;0
31702060011;0;0
31702060012;0;0
31702060013;0;0
31702060014;0;0
31702060015;0;0
31702060016;0;0
31702060017;0;0
31702060018;0;0
31702060019;0;0
31702060020;0;0
31702060022;0;0
31702060023;0;0
31702060024;0;0
31702060025;0;0
31702060026;0;0
31702060028;0;0
31702060029;0;0
31712040001;1;1
31712040002;1;1
31712040003;1;1
31712040004;0;0
31712040005;0;0
31712040006;1;1
31712040007;1;1
31712040008;0;0
31713030001;1;1
32001020001;1;1
32001020002;1;1
32001020006;1;1
32001020009;0;0
32001690002;0;0
32002010002;0;0
32002010007;0;0
32002010014;0;0
32002010026;1;1
32003590002;0;0
32003590004;0;0
32004090001;0;0
32004090005;0;0
32006070001;1;1
32006070003;1;1
32006070004;0;0
32006070009;0;0
32006070014;0;0
32006070015;0;0
32006070021;0;0
32007060001;1;1
32007060002;1;1
32007060003;1;1
32008050004;1;1
32008050005;1;1
32008050006;1;1
32008050009;0;0
32009040001;1;1
32009040002;1;1
32009040003;1;1
32009040004;1;1
32009040005;0;0
32009040006;1;1
32009040007;0;0
32009040008;1;1
32009040009;0;0
32009040010;1;1
32009040011;0;0
32009040012;1;1
32009040013;0;0
32011000001;1;1
32011000002;1;1
32011000003;0;0
32012090001;1;1
32012090002;0;0
32012090004;1;1
32012090006;1;1
32012090008;1;1
32012090009;0;0
32012090010;1;1
32012090012;0;0
32012090013;1;1
32012090014;1;1
32012090015;1;1
32012090016;0;0
32012090017;1;1
32012090020;1;1
32012090023;1;1
32012090024;0;0
32012090025;0;0
32012090027;0;0
32012090029;1;1
32012090031;0;0
32012090033;0;0
32012090034;0;0
32012090036;0;0
32012090037;0;0
32012090039;0;0
32012090040;0;0
32012090041;0;0
32012090042;0;0
32012090043;1;1
32012090044;0;0
32012090048;0;0
32012090050;1;1
32012090051;0;0
32012090053;0;0
32012090054;1;1
32012090055;0;0
32012090056;0;0
32012090057;1;1
32013080002;0;0
32013080003;0;0
32013080005;1;1
32013080006;0;0
32013080007;0;0
32013080008;0;0
32013080012;1;1
32013080013;1;1
32013080014;0;0
32013080015;0;0
32013080016;0;0
32013080017;0;0
32013080021;0;0
32013080023;0;0
32013080027;0;0
32013080028;0;0
32013080029;0;0
32013080031;0;0
32013080032;1;1
32013080033;0;0
32013080034;0;0
32013080035;0;0
32013080036;1;1
32013080037;0;0
32013080038;1;1
32013080039;1;1
32013080040;0;0
32013080041;1;1
32013080042;1;1
32013080043;0;0
32013080044;1;1
32013080045;1;1
32013080047;0;0
32013080049;1;1
32013080050;1;1
32013080052;1;1
32013080053;0;0
32013080054;0;0
32013080056;0;0
32013080057;1;1
32013080060;0;0
32013080062;0;0
32013080063;1;1
32013080065;0;0
32013080067;1;1
32013080068;0;0
32013080069;0;0
32013080071;0;0
32013080072;0;0
32013080073;1;1
32013080075;0;0
32013080076;0;0
32013080077;1;1
32013080082;1;1
32013080084;0;0
32013080086;0;0
32013080088;1;1
32013080089;1;1
32013080091;0;0
32013080101;1;1
32013080102;1;1
32013080103;0;0
32013080104;1;1
32013080105;1;1
32013080106;0;0
32013080107;0;0
32013080108;0;0
32013080110;0;0
32013080111;0;0
32013080112;0;0
32013080113;0;0
32013080114;1;1
32013080115;0;0
32013080116;1;1
32013080117;1;1
32013080118;0;0
32013080120;0;0
32013080137;1;1
32013080139;0;0
32014070001;1;1
32015060001;0;0
32015060002;0;0
32015060003;1;1
32015060004;1;1
32015060005;1;1
32015060006;1;1
32015060007;0;0
32015060009;1;1
32015060010;1;1
32015060011;1;1
32015060012;1;1
32015060015;1;1
32015060016;1;1
32015060017;0;0
32015060018;1;1
32015060019;0;0
32015060020;1;1
32015060022;0;0
32015060023;0;0
32015060024;1;1
32015060025;1;1
32015060037;1;1
32015060038;0;0
32015060040;1;1
32015060041;1;1
32015060042;0;0
32015060046;0;0
32016050001;0;0
32016050002;0;0
32016050003;0;0
32016050004;0;0
32016050005;0;0
32016050006;0;0
32016050007;0;0
32017040001;0;0
32021080001;0;0
32021080002;0;0
32021080003;1;1
32021080015;0;0
32021080018;0;0
32021080019;0;0
32022070001;1;1
32022070002;1;1
32022070004;1;1
32022070005;1;1
32022070007;1;1
32023060006;1;1
32023060008;1;1
32023060012;0;0
32024050001;1;1
32024050002;1;1
32024050003;1;1
32024050004;1;1
32024050005;1;1
32024050006;1;1
32024050007;1;1
32024050008;1;1
32024050010;0;0
32024050013;0;0
32024050014;1;1
32024050017;0;0
32024050018;0;0
32024050019;0;0
32024050021;0;0
32024050022;0;0
32024050028;0;0
32024050029;0;0
32024050031;0;0
32024050032;0;0
32024050033;0;0
32024050034;0;0
32024050038;0;0
32024540001;1;1
32024540002;0;0
32027020001;1;1
32028010002;1;1
32028010003;0;0
32028010005;0;0
32028010006;0;0
32030070001;1;1
32030560001;1;1
32030560002;1;1
32030560003;0;0
32031300001;1;1
32032050001;0;0
32032050002;0;0
32032050003;0;0
32032050004;0;0
32032050005;0;0
32032050006;0;0
32032050008;0;0
32032050009;0;0
32032050012;0;0
32032050013;0;0
32032050014;1;1
32032050015;0;0
32032050016;1;1
32032050017;0;0
32032050018;0;0
32032050020;0;0
32032050028;0;0
32033200001;0;0
32033200002;1;1
32033200003;1;1
32033200004;1;1
32033200005;0;0
32033200006;0;0
32033200007;0;0
32033460001;1;1
32035020001;0;0
32038090001;0;0
32038090003;1;1
32039080001;1;1
32039080002;0;0
32039080003;0;0
32039080004;0;0
32039080005;0;0
32040050002;1;1
32040050003;1;1
32040050004;1;1
32040050005;1;1
32040050006;0;0
32040050007;1;1
32040540001;0;0
32041040002;0;0
32041040003;0;0
32042030001;0;0
32042030002;1;1
32042030004;1;1
32042030007;1;1
32042030011;0;0
32044010001;1;1
32044010002;1;1
32045590001;0;0
32046090004;1;1
32046580001;1;1
32046580003;0;0
32047080004;0;0
32048070001;0;0
32048070002;1;1
32049060002;0;0
32049060003;0;0
32049060004;0;0
32049060005;0;0
32049060007;0;0
32049060009;0;0
32049060011;0;0
32049060012;0;0
32049060013;0;0
32049060014;0;0
32049060015;1;1
32049060016;1;1
32049060017;1;1
32049060018;0;0
32049060020;1;1
32049060021;0;0
32049060022;1;1
32049060023;0;0
32049060024;0;0
32049060025;0;0
32049060026;0;0
32049060027;0;0
32049060028;0;0
32049060029;0;0
32049060030;0;0
32049060031;0;0
32049060035;0;0
32049060036;0;0
32049550001;1;1
32049550002;1;1
32050020001;1;1
32050020003;0;0
32050020004;0;0
32050020005;0;0
32050020006;1;1
32050020007;0;0
32050020008;0;0
32050020009;0;0
32050020011;0;0
32050020012;0;0
32050020013;0;0
32050020014;0;0
32050020015;0;0
32050020017;0;0
32050020018;1;1
32050020019;0;0
32050020022;0;0
32050020024;1;1
32050020025;0;0
32050020026;0;0
32050020028;0;0
32050020031;0;0
32050020032;0;0
32050020033;0;0
32050020037;0;0
32050020042;0;0
32050020043;0;0
32050020047;1;1
32050020048;0;0
32050020049;0;0
32050020050;0;0
32050020051;0;0
32050020052;0;0
32050020053;0;0
32050020054;0;0
32050020056;1;1
32050020057;1;1
32050020059;0;0
32050020060;0;0
32050020064;0;0
32050020067;0;0
32050020068;0;0
32050020069;0;0
32050020070;0;0
32050020071;0;0
32050020073;0;0
32050020074;0;0
32050020075;0;0
32050020076;0;0
32050020077;0;0
32050020080;0;0
32050020084;0;0
32050020086;0;0
32050020090;0;0
32050020092;1;1
32050020093;0;0
32050020095;1;1
32050020096;0;0
32050020098;0;0
32050020102;0;0
32050020105;0;0
32050020106;0;0
32050020109;0;0
32050020112;0;0
32050020113;0;0
32050020115;0;0
32050020117;1;1
32050020118;0;0
32051010003;1;1
32051010008;1;1
32051010009;0;0
32051010010;0;0
32051010011;1;1
32051010012;0;0
32051010014;1;1
32051010015;1;1
32051010016;0;0
32051010017;0;0
32051010018;0;0
32051010019;1;1
32051760001;1;1
32052000001;0;0
32052000003;0;0
32052000007;0;0
32052000008;1;1
32052000009;0;0
32052000010;0;0
32052000011;0;0
32052000013;1;1
32052000014;0;0
32052000015;0;0
32052000016;0;0
32052000017;1;1
32052000020;1;1
32052000021;0;0
32052000022;0;0
32052000023;0;0
32052000024;0;0
32052000025;0;0
32052000026;0;0
32052000027;1;1
32052000028;1;1
32052000029;0;0
32052000030;1;1
32052000031;0;0
32052000032;1;1
32052000034;0;0
32052000035;0;0
32052000038;0;0
32052000040;0;0
32052000041;0;0
32052000043;0;0
32052000044;1;1
32052000047;0;0
32052000048;0;0
32052000049;0;0
32052000050;0;0
32052000051;0;0
32052000057;0;0
32052000058;1;1
32052000059;0;0
32052000060;0;0
32052000062;1;1
32052000063;0;0
32052000064;0;0
32052000067;0;0
32052000068;0;0
32052000069;1;1
32052000070;0;0
32052000071;1;1
32052000072;1;1
32052000073;0;0
32052000077;1;1
32052000078;0;0
32052000080;0;0
32052000081;0;0
32052000082;0;0
32052000083;0;0
32052000088;0;0
32052000089;0;0
32052000090;0;0
32052000097;0;0
32053090001;0;0
32053090006;0;0
32053090007;0;0
32053090008;0;0
32053090010;0;0
32053090011;0;0
32053090013;0;0
32053090014;0;0
32053090015;0;0
32053090016;0;0
32053090017;0;0
32053090018;0;0
32053090019;0;0
32053090020;0;0
32053090021;0;0
32053090023;0;0
32053090024;0;0
32053090025;0;0
32053090026;0;0
32053090028;0;0
32053090029;0;0
32053090034;0;0
32053090035;0;0
32053090037;0;0
32053090038;0;0
32053090039;0;0
32053090040;0;0
32053090052;0;0
32053090056;0;0
32053090057;0;0
32053090058;0;0
32053090059;0;0
32053090062;0;0
32053090063;0;0
32053090065;0;0
32053090066;0;0
32053090068;0;0
32053090070;0;0
32053090071;0;0
32053090072;0;0
32053090073;0;0
32053090074;0;0
32053090075;0;0
33001000001;1;1
33001000002;1;1
33001000003;1;1
33001000004;1;1
33001000006;1;1
33001000008;1;1
33001000010;1;1
33001000011;0;0
33001000013;0;0
33001000014;0;0
33001000015;1;1
33001000016;0;0
33001000017;1;1
33001000019;1;1
33001000021;1;1
33001000022;1;1
33001000023;0;0
33001000025;1;1
33001000026;1;1
33001000027;1;1
33001000028;1;1
33001000029;0;0
33001000031;0;0
33001000032;1;1
33001000033;0;0
33001000034;1;1
33001000035;1;1
33001000036;1;1
33001000037;1;1
33001000038;1;1
33001000039;0;0
33001000040;0;0
33001000041;1;1
33001000043;0;0
33001000044;1;1
33001000045;1;1
33001000046;1;1
33001000047;1;1
33001000048;0;0
33001000049;1;1
33001000050;1;1
33001000051;1;1
33001000052;1;1
33001000053;1;1
33001000054;1;1
33001000055;1;1
33001000056;1;1
33001000057;1;1
33001000058;1;1
33001000059;1;1
33001000060;0;0
33001000061;0;0
33001000062;1;1
33001000063;0;0
33001000064;0;0
33002090001;0;0
33002090003;0;0
33002090004;0;0
33002090005;0;0
33002090006;0;0
33002090007;0;0
33002090008;0;0
33002090009;0;0
33002090010;0;0
33002090011;0;0
33002090012;0;0
33002090013;0;0
33002090014;0;0
33002090015;0;0
33002090017;0;0
33002090018;0;0
33002090019;0;0
33002090020;0;0
33002090022;0;0
33002090023;0;0
33002090024;0;0
33002090025;0;0
33002090026;0;0
33002090027;0;0
33002090028;0;0
33002090029;0;0
33002090031;0;0
33002090032;0;0
33002090033;0;0
33002090034;0;0
33002090035;0;0
33002090037;0;0
33002090040;0;0
33002090042;0;0
33002090043;0;0
33002090044;0;0
33002090045;0;0
33002330001;0;0
33002330002;0;0
33002330003;0;0
33002330004;0;0
33002580001;0;0
33002580002;0;0
33002580003;0;0
33002580004;0;0
33002580005;0;0
33002580006;0;0
33002580007;0;0
33002580008;0;0
33002580009;0;0
33003080001;0;0
33003080002;0;0
33003080003;0;0
33003080004;0;0
33004070002;0;0
33004070006;0;0
33004070007;0;0
33004070009;0;0
33004070010;0;0
33004070011;0;0
33004070012;0;0
33004070013;0;0
33004070014;0;0
33004070016;0;0
33004070019;0;0
33004070020;0;0
33004070021;0;0
33004070023;0;0
33004070024;0;0
33004070026;0;0
33004070027;0;0
33004070028;0;0
33004070039;0;0
33004070045;0;0
33004560012;0;0
33004560030;0;0
33004560031;0;0
33004560032;0;0
33004560033;0;0
33004560034;0;0
33004560035;0;0
33004560036;0;0
33004560037;0;0
33004560038;0;0
33004560039;0;0
33004560040;0;0
33004560041;0;0
33004560042;0;0
33004560043;0;0
33004560044;0;0
33004560045;0;0
33004560046;0;0
33004560047;0;0
33004560048;0;0
33004560049;0;0
33004560050;0;0
33004560051;0;0
33004560052;0;0
33004560053;0;0
33004560054;0;0
33004560055;0;0
33004560056;0;0
33004560057;0;0
33004560058;0;0
33004560059;0;0
33004560060;0;0
33004560061;0;0
33004560062;0;0
33004560063;0;0
33004560065;0;0
33004560067;0;0
33004560068;0;0
33004560069;0;0
33004560070;0;0
33004560071;0;0
33004560072;0;0
33004560073;0;0
33004560074;0;0
33004560075;0;0
33004560077;0;0
33004560078;0;0
33004560079;0;0
33004560080;0;0
33004560081;0;0
33007040001;0;0
33007040002;0;0
33007040003;0;0
33007040005;0;0
33007040006;0;0
33007040007;0;0
33007040008;0;0
33007040009;0;0
33007040010;0;0
33007040011;0;0
33007040012;0;0
33007040013;0;0
33007040014;0;0
33007040015;0;0
33007040016;0;0
33007040018;0;0
33007040019;0;0
33007040021;0;0
33007040022;0;0
33007040023;0;0
33007040024;0;0
33007040025;0;0
33007040026;0;0
33007040027;0;0
33007040028;0;0
33007040029;0;0
33007040031;0;0
33007040032;0;0
33007040033;0;0
33007040034;0;0
33007040035;0;0
33007040037;0;0
33007040038;0;0
33007040040;0;0
33007040041;0;0
33007040042;0;0
33007040043;0;0
33007040044;0;0
33007040045;0;0
33007040046;0;0
33007040047;0;0
33007040048;0;0
33008030001;0;0
33008030003;0;0
33008030005;0;0
33010090002;0;0
33010090003;0;0
33010090005;0;0
33010090006;0;0
33010090007;0;0
33010090008;0;0
33010090009;0;0
33010090010;0;0
33010090011;0;0
33010090013;0;0
33010090014;0;0
33010090015;0;0
33010090016;0;0
33010090019;0;0
33010090021;0;0
33010090022;0;0
33010090025;0;0
33010090028;0;0
33010090029;0;0
33010090032;0;0
33010090033;0;0
33010090035;0;0
33010090038;0;0
33010090039;0;0
33010090040;0;0
33010090041;0;0
33010090042;0;0
33010090043;0;0
33010090044;0;0
33010090045;0;0
33011570001;0;0
33013060004;0;0
33013060007;0;0
33014050001;0;0
33014050002;0;0
33017020001;0;0
33017020002;0;0
33017020003;0;0
33017020004;0;0
33017020013;0;0
33017020016;0;0
33017020018;0;0
33017020022;0;0
33017020023;0;0
33017020024;0;0
33017020025;0;0
33017020026;0;0
33017020027;0;0
33017020032;0;0
33017020033;0;0
33017020035;0;0
33017020036;0;0
33017020037;0;0
33017020038;0;0
33017020039;0;0
33017020040;0;0
33017020054;0;0
33017020055;0;0
33017020056;0;0
33017020057;0;0
33017020058;0;0
33017020060;0;0
33017020061;0;0
33017020062;0;0
33017020063;0;0
33017020064;0;0
33017020065;0;0
33017020066;0;0
33017020068;0;0
33017020069;0;0
33017020071;0;0
33017020072;0;0
33017020073;0;0
33017020074;0;0
33017020075;0;0
33017020076;0;0
33017020077;0;0
33017020078;0;0
33017020079;0;0
33017020080;0;0
33017020082;0;0
33017020083;0;0
33017020084;0;0
33017020087;0;0
33017020089;0;0
33017020090;0;0
33017020091;0;0
33017020092;0;0
33017020093;0;0
33017020094;0;0
33018010003;0;0
33018760001;0;0
33019000001;0;0
33019000002;0;0
33019000003;0;0
33019000004;0;0
33019000005;0;0
33019000006;0;0
33019000007;0;0
33019000008;0;0
33019000009;0;0
33019000011;0;0
33019000012;0;0
33019000013;0;0
33019000014;0;0
33020070001;0;0
33020070002;0;0
33020070003;0;0
33020070005;0;0
33020070006;0;0
33020070007;0;0
33020070008;0;0
33020070009;0;0
33020070010;0;0
33020070012;0;0
33020070015;0;0
33020070016;0;0
33020070017;0;0
33020070018;0;0
33022540001;0;0
33022540002;0;0
33022540004;0;0
33022540005;0;0
33022540006;0;0
33022540007;0;0
33022540008;0;0
33022540009;0;0
33022700001;0;0
33022700005;0;0
33022700007;0;0
33022700008;0;0
33022700009;0;0
33022700010;0;0
33022700011;0;0
33024030001;0;0
33024030002;0;0
33024030003;0;0
33024030004;0;0
33024030005;0;0
33024030006;0;0
33024030007;0;0
33024030008;0;0
33024030009;0;0
33024030010;0;0
33024030011;0;0
33024030012;0;0
33024030013;0;0
33024030015;0;0
33024030017;0;0
33024030019;0;0
33024030020;0;0
33024030021;0;0
33024030022;0;0
33024030023;0;0
33024030024;0;0
33024030026;0;0
33024030028;0;0
33024030029;0;0
33024030032;0;0
33024030033;0;0
33025020001;0;0
33025020002;0;0
33025020003;0;0
33025020004;0;0
33025020006;0;0
33025020007;0;0
33025020008;0;0
33025020009;0;0
33025020010;0;0
33025020014;0;0
33025020015;0;0
33025020016;0;0
33025020017;0;0
33025020018;0;0
33025020019;0;0
33025020020;0;0
33025020021;0;0
33025020022;0;0
33025020023;0;0
33025020025;0;0
33025020028;0;0
33025020030;0;0
33025020031;0;0
33025020034;0;0
33025020035;0;0
33026010001;0;0
33026010008;0;0
33026010012;0;0
33026010013;0;0
33026010014;0;0
33026010016;0;0
33026010019;0;0
33026010020;0;0
33026010021;0;0
33026010022;0;0
33026010023;0;0
33026010024;0;0
33027000001;0;0
33027000003;0;0
33027000006;0;0
33027000008;0;0
33027000010;0;0
33027000015;0;0
33027000016;0;0
33027000017;0;0
33027000019;0;0
33027000023;0;0
33028090001;0;0
33028580001;0;0
33028580002;0;0
33028580004;0;0
33028580008;0;0
33032030004;0;0
33032030005;0;0
33032030008;0;0
33032030009;0;0
33033020001;0;0
33033020002;0;0
33033020003;0;0
33033020004;0;0
33033020006;0;0
33033020007;0;0
33033020008;0;0
33033020010;0;0
33033020013;0;0
33033020015;0;0
33033020017;0;0
33033020018;0;0
33033020019;0;0
33033020021;0;0
33033020022;0;0
33033020023;0;0
33033020024;0;0
33033020027;0;0
33033020028;0;0
33033020029;0;0
33033020030;0;0
33033020031;0;0
33033020032;0;0
33033020033;0;0
33033020034;0;0
33033020035;0;0
33033020036;0;0
33033020037;0;0
33033020038;0;0
33033020039;0;0
33033020040;0;0
33033020041;0;0
33033020042;0;0
33033020043;0;0
33033020044;0;0
33033020045;0;0
33033020046;0;0
33033020047;0;0
33033020048;0;0
33033020049;0;0
33033020050;0;0
33033020051;0;0
33033020052;0;0
33033020053;0;0
33033020054;0;0
33033020055;0;0
33033020056;0;0
33033020057;0;0
33033020058;0;0
33033020059;0;0
33033020060;0;0
33033020061;0;0
33033020062;0;0
33033020063;0;0
33033020064;0;0
33033020066;0;0
33033020067;0;0
33033020068;0;0
33033020069;0;0
33033020070;0;0
33033020071;0;0
33033020073;0;0
33033020075;0;0
33033020076;0;0
33033020077;0;0
33033020078;0;0
33033020079;0;0
33033020080;0;0
33033020082;0;0
33033020083;0;0
33033020087;0;0
33033020088;0;0
33033020089;0;0
33033020090;0;0
33033020091;0;0
33033020092;0;0
33033020093;0;0
33033020094;0;0
33033020095;0;0
33033020096;0;0
33033020097;0;0
33033020098;0;0
33033020099;0;0
33034010001;0;0
33034010002;1;1
33034010003;1;1
33034010004;0;0
33034010005;1;1
33034010006;0;0
33034010007;1;1
33035000008;0;0
33035000095;0;0
33035000100;0;0
33035000102;0;0
33035000104;0;0
33035000106;0;0
33035000110;0;0
33035000111;0;0
33035000116;0;0
33035000119;0;0
33035000120;0;0
33035000121;0;0
33035000122;0;0
33035000123;0;0
33035000124;0;0
33035000125;0;0
33035000126;0;0
33035000129;0;0
33035000130;0;0
33035000132;0;0
33035000133;0;0
33035000135;0;0
33035000136;0;0
33035000137;0;0
33035000138;0;0
33035000141;0;0
33035000146;0;0
33035000148;0;0
33035000153;0;0
33035000155;0;0
33035000156;0;0
33035000157;0;0
33035000158;0;0
33035000159;0;0
33035000160;0;0
33035000161;0;0
33035000162;0;0
33035000163;0;0
33035000164;0;0
33035000165;0;0
33035000166;0;0
33035000167;0;0
33035000168;0;0
33035000170;0;0
33035000171;0;0
33035000172;0;0
33035000175;0;0
33035000178;0;0
33035000179;0;0
33035000180;0;0
33035000182;0;0
33035000183;0;0
33035000184;0;0
33035000185;0;0
33035000186;0;0
33035000187;0;0
33035000191;0;0
33035000192;0;0
33036090004;0;0
33036090005;0;0
33036090006;0;0
33036090007;0;0
33036090008;0;0
33036090009;0;0
33036090010;0;0
33036090011;0;0
33039060002;0;0
33039060003;0;0
33039060004;0;0
33039060005;0;0
33039060006;0;0
33039060007;0;0
33039060008;0;0
33039060009;0;0
33039060010;0;0
33039060011;0;0
33039060012;0;0
33039060013;0;0
33039060014;0;0
33039060015;0;0
33039060016;0;0
33039060018;0;0
33039060019;0;0
33039060020;0;0
33039060021;0;0
33039060022;0;0
33039060024;0;0
33039060025;0;0
33039060026;0;0
33039060027;0;0
33039060028;0;0
33039060029;0;0
33039060030;0;0
33039060031;0;0
33039060032;0;0
33039060033;0;0
33039060034;0;0
33039060035;0;0
33039060037;0;0
33039060038;0;0
33039060039;0;0
33039060040;0;0
33039060041;0;0
33039060042;0;0
33039060043;0;0
33039060044;0;0
33039060045;0;0
33039060052;0;0
33039550001;0;0
33040030001;0;0
33040030002;0;0
33040030003;0;0
33041440001;0;0
33041440004;0;0
33041440005;0;0
33041440006;0;0
33041440007;0;0
33041440008;0;0
33041440009;0;0
33041440011;0;0
33042010001;0;0
33042010002;0;0
33042010003;0;0
33042010004;0;0
33043000001;0;0
33043000003;0;0
33043000004;0;0
33044090003;0;0
33044090007;0;0
33045240007;0;0
33045240008;0;0
33045240009;0;0
33045240010;0;0
33045240011;0;0
33045240012;0;0
33045240014;0;0
33045240015;0;0
33045240016;0;0
33045570001;0;0
33045570002;0;0
33045570003;0;0
33045570004;0;0
33045570005;0;0
33045570007;0;0
33045570008;0;0
33045570009;0;0
33045570012;0;0
33045570013;0;0
33045570014;0;0
33045570017;0;0
33045570018;0;0
33045570019;0;0
33045570021;0;0
33045570022;0;0
33045570023;0;0
33045570024;0;0
33045570025;0;0
33045570026;0;0
33045570027;0;0
33045570028;0;0
33045570031;0;0
33045570035;0;0
33045570036;0;0
33045570038;0;0
33045570039;0;0
33045570040;0;0
33045570041;0;0
33045570042;0;0
33045570044;0;0
33045570046;0;0
33045570047;0;0
33045570048;0;0
33045570049;0;0
33045570050;0;0
33045570051;0;0
33045570052;0;0
33045570053;0;0
33045570055;0;0
33045570056;0;0
33045570060;0;0
33045570061;0;0
33045570063;0;0
33045570064;0;0
33045570066;0;0
33045570067;0;0
33045570068;0;0
33045570069;0;0
33045570071;0;0
33045570072;0;0
33045570073;0;0
33045570074;0;0
33045570075;0;0
33045570076;0;0
33045570077;0;0
33045570078;0;0
33045570079;0;0
33045570081;0;0
33045570082;0;0
33045570086;0;0
33045570088;0;0
33045570089;0;0
33045570090;0;0
33045570091;0;0
33045570092;0;0
33045570093;0;0
33045570095;0;0
33045570097;0;0
33045570098;0;0
33045570099;0;0
33045570100;0;0
33045570101;0;0
33045570103;0;0
33045570104;0;0
33045570105;0;0
33045570106;0;0
33045570109;0;0
33045570110;0;0
33045570111;0;0
33045570114;0;0
33045570115;0;0
33045570117;0;0
33045570119;0;0
33045570120;0;0
33045570121;0;0
33045570122;0;0
33045570124;0;0
33045570125;0;0
33045570126;0;0
33045570127;0;0
33045570128;0;0
33045570129;0;0
33045570130;0;0
33045570132;0;0
33045570133;0;0
33045570134;0;0
33045570135;0;0
33045570136;0;0
33045570137;0;0
33045570138;0;0
33045570139;0;0
33045570142;0;0
33045570143;0;0
33045570145;0;0
33045570146;0;0
33045570147;0;0
33045570148;0;0
33045570149;0;0
33045570150;0;0
33045570152;0;0
33045570154;0;0
33045570155;0;0
33045570156;0;0
33045570159;0;0
33045570160;0;0
33045570161;0;0
33045570163;0;0
33045570165;0;0
33045570167;0;0
33045570168;0;0
33045570170;0;0
33045570171;0;0
33045570172;0;0
33045570174;0;0
33045570178;0;0
33045570180;0;0
33045570182;0;0
33045570185;0;0
33045570186;0;0
33045570187;0;0
33045570189;0;0
33045570190;0;0
33045570193;0;0
33045570194;0;0
33045570195;0;0
33045570196;0;0
33045570197;0;0
33045570198;0;0
33045570200;0;0
33045570201;0;0
33045570202;0;0
33045570203;0;0
33045570204;0;0
33045570205;0;0
33045570206;0;0
33045570209;0;0
33045570210;0;0
33045570212;0;0
33045570214;0;0
33045570216;0;0
33045570219;0;0
33045570221;0;0
33045570226;0;0
33045570227;0;0
33045570228;0;0
33045570229;0;0
33045570230;0;0
33045570231;0;0
33045570232;0;0
33045570233;0;0
33045570234;0;0
33045570235;0;0
33045570237;0;0
33045570238;0;0
33045570240;0;0
33045570241;0;0
33045570242;0;0
33045570244;0;0
33045570245;0;0
33045570246;0;0
33045570247;0;0
33045570248;0;0
33045570249;0;0
33045570250;0;0
33045570252;0;0
33045570253;0;0
33045570254;0;0
33045570255;0;0
33045570256;0;0
33045570257;0;0
33045570258;0;0
33045570260;0;0
33045570261;0;0
33045570263;0;0
33045570267;0;0
33045570268;0;0
33045570270;0;0
33045570274;0;0
33045570278;0;0
33045570279;0;0
33045570284;0;0
33045570286;0;0
33045570287;0;0
33045570289;0;0
33045570290;0;0
33045570291;0;0
33045570294;0;0
33045570295;0;0
33045570297;0;0
33045570298;0;0
33045570299;0;0
33045570300;0;0
33045570301;0;0
33045570302;0;0
33045570304;0;0
33045570306;0;0
33045570307;0;0
33045570308;0;0
33045570309;0;0
33045570310;0;0
33045570313;0;0
33045570315;0;0
33045570318;0;0
33045570319;0;0
33045570326;0;0
33045570331;0;0
33045570335;0;0
33045570336;0;0
33045570337;0;0
33045570339;0;0
33045570340;0;0
33045570341;0;0
33045570342;0;0
33045570343;0;0
33045570354;0;0
33045570356;0;0
33045570358;0;0
33045570360;0;0
33045570361;0;0
33045570362;0;0
33045570364;0;0
33045570371;0;0
33045570372;0;0
33045570374;0;0
33045570379;0;0
33045570380;0;0
33045570381;0;0
33045570382;0;0
33045570383;0;0
33045570384;0;0
33045570386;0;0
33045570387;0;0
33045570388;0;0
33045570390;0;0
33045570393;0;0
33045570395;0;0
33045570396;0;0
33045570397;0;0
33045570399;0;0
33045570400;0;0
33045570401;0;0
33045570402;0;0
33045570405;0;0
33045570406;0;0
33045570407;0;0
33045570409;0;0
33045570410;0;0
33045570411;0;0
33045570412;0;0
33045570413;0;0
33045570414;0;0
33045570415;0;0
33045570503;0;0
33045570505;0;0
33045570507;0;0
33045570508;0;0
33045570509;0;0
33045570510;0;0
33045570511;0;0
33045570513;0;0
33045570514;0;0
33045570515;0;0
33045570517;0;0
33045570518;0;0
33045570519;0;0
33045570520;0;0
33045570521;0;0
33045570522;0;0
33045570523;0;0
33045570524;0;0
33045570525;0;0
33045570526;0;0
33045570527;0;0
33045570528;0;0
33045570529;0;0
33045570530;0;0
33045570531;0;0
33045570536;0;0
33045570539;0;0
33045570540;0;0
33045570541;0;0
33045570542;0;0
33045570543;0;0
33045570544;0;0
33045570545;0;0
33045570546;0;0
33045570547;0;0
33045570548;0;0
33045570549;0;0
33045570550;0;0
33045570551;0;0
33045570552;0;0
33045570553;0;0
33045570554;0;0
33045570555;0;0
33045570557;0;0
33045570558;0;0
33045570559;0;0
33045570560;0;0
33045570562;0;0
33045570564;0;0
33045570565;0;0
33045570566;0;0
33045570567;0;0
33045570568;0;0
33045570569;0;0
33045570570;0;0
33045570571;0;0
33045570572;0;0
33045570573;0;0
33045570575;0;0
33045570576;0;0
33045570577;0;0
33045570578;0;0
33045570579;0;0
33045570580;0;0
33045570581;0;0
33045570582;0;0
33045570583;0;0
33045570585;0;0
33045570586;0;0
33045570587;0;0
33045570588;0;0
33045570589;0;0
33045570590;0;0
33045570591;0;0
33045570592;0;0
33045570593;0;0
33045570595;0;0
33045570596;0;0
33045570597;0;0
33045570602;0;0
33045570603;0;0
33045570604;0;0
33045570605;0;0
33045570606;0;0
33045570607;0;0
33045570608;0;0
33045570609;0;0
33045570610;0;0
33045570612;0;0
33045570613;0;0
33045570614;0;0
33045570616;0;0
33045570617;0;0
33045570618;0;0
33045570620;0;0
33045570621;0;0
33045570622;0;0
33045570623;0;0
33045570624;0;0
33045570625;0;0
33045570626;0;0
33045570627;0;0
33045570629;0;0
33045570630;0;0
33045570631;0;0
33045570633;0;0
33045570635;0;0
33045570636;0;0
33045570637;0;0
33045570639;0;0
33045570641;0;0
33045570642;0;0
33045570643;0;0
33045570644;0;0
33045570648;0;0
33045570649;0;0
33045570650;0;0
33045570651;0;0
33045570652;0;0
33045570653;0;0
33045570654;0;0
33045570655;0;0
33045570656;0;0
33045570657;0;0
33045570658;0;0
33045570659;0;0
33045570660;0;0
33045570661;0;0
33045570662;0;0
33045570663;0;0
33045570665;0;0
33045570666;0;0
33045570670;0;0
33045570671;0;0
33045570672;0;0
33045570673;0;0
33045570674;0;0
33045570675;0;0
33045570676;0;0
33045570677;0;0
33045570678;0;0
33045570679;0;0
33045570680;0;0
33045570681;0;0
33045570682;0;0
33045570683;0;0
33045570684;0;0
33045570685;0;0
33045570686;0;0
33045570687;0;0
33045570688;0;0
33045570689;0;0
33045570690;0;0
33045570691;0;0
33045570692;0;0
33045570693;0;0
33045570694;0;0
33045570695;0;0
33045570697;0;0
33045570698;0;0
33045570699;0;0
33045570700;0;0
33045570702;0;0
33045570706;0;0
33045570707;0;0
33045570710;0;0
33045570711;0;0
33045570712;0;0
33045570713;0;0
33045570714;0;0
33045570715;0;0
33045570716;0;0
33045570717;0;0
33045570720;0;0
33045570721;0;0
33045570722;0;0
33045570723;0;0
33045570724;0;0
33045570725;0;0
33045570726;0;0
33045570727;0;0
33045570728;0;0
33045570729;0;0
33045570730;0;0
33045570731;0;0
33045570732;0;0
33045570733;0;0
33045570734;0;0
33045570735;0;0
33045570736;0;0
33045570737;0;0
33045570738;0;0
33045570743;0;0
33045570744;0;0
33045570745;0;0
33045570747;0;0
33045570748;0;0
33045570749;0;0
33045570750;0;0
33045570751;0;0
33045570752;0;0
33045570754;0;0
33045570755;0;0
33045570756;0;0
33045570757;0;0
33045570758;0;0
33045570759;0;0
33045570760;0;0
33045570763;0;0
33045570764;0;0
33045570766;0;0
33045570767;0;0
33045570768;0;0
33045570769;0;0
33045570770;0;0
33045570772;0;0
33045570774;0;0
33045570775;0;0
33045570776;0;0
33045570778;0;0
33045570782;0;0
33045570783;0;0
33045570784;0;0
33045570785;0;0
33045570786;0;0
33045570787;0;0
33045570789;0;0
33045570791;0;0
33045570792;0;0
33045570793;0;0
33045570794;0;0
33045570796;0;0
33045570797;0;0
33045570800;0;0
33045570803;0;0
33045570804;0;0
33045570806;0;0
33045570807;0;0
33045570808;0;0
33045570809;0;0
33045570810;0;0
33045570812;0;0
33045570813;0;0
33045570814;0;0
33045570815;0;0
33045570816;0;0
33045570817;0;0
33045570818;0;0
33045570819;0;0
33045570821;0;0
33045570822;0;0
33045570825;0;0
33045570827;0;0
33045570828;0;0
33045570829;0;0
33045570830;0;0
33045570831;0;0
33045570832;0;0
33045570833;0;0
33045570834;0;0
33045570835;0;0
33045570838;0;0
33045570840;0;0
33045570845;0;0
33045570846;0;0
33045570848;0;0
33045570850;0;0
33045570851;0;0
33045570852;0;0
33045570856;0;0
33045570857;0;0
33045570858;0;0
33045570859;0;0
33045570860;0;0
33045570864;0;0
33045570867;0;0
33045570868;0;0
33045570871;0;0
33045570872;0;0
33045570873;0;0
33045570874;0;0
33045570875;0;0
33045570876;0;0
33045570881;0;0
33045570883;0;0
33045570884;0;0
33045570885;0;0
33045570886;0;0
33045570887;0;0
33045570889;0;0
33045570891;0;0
33045570893;0;0
33045570894;0;0
33045570896;0;0
33045570897;0;0
33045570899;0;0
33045570900;0;0
33045570901;0;0
33045570902;0;0
33045570904;0;0
33045570905;0;0
33045570910;0;0
33045570911;0;0
33045570912;0;0
33045570913;0;0
33045570914;0;0
33045570915;0;0
33045570916;0;0
33045570919;0;0
33045570920;0;0
33045570921;0;0
33045570922;0;0
33045570923;0;0
33045570924;0;0
33045570925;0;0
33045570926;0;0
33045570927;0;0
33045570929;0;0
33045570930;0;0
33045570931;0;0
33045570932;0;0
33045570933;0;0
33045570934;0;0
33045570935;0;0
33045570936;0;0
33045570937;0;0
33045570938;0;0
33045570939;0;0
33045570940;0;0
33045570941;0;0
33045570942;0;0
33045570943;0;0
33045570944;0;0
33045570945;0;0
33045570946;0;0
33045570947;0;0
33045570949;0;0
33045570951;0;0
33045570952;0;0
33045570954;0;0
33045570955;0;0
33045570956;0;0
33045570957;0;0
33045570958;0;0
33045570960;0;0
33045570961;0;0
33045570962;0;0
33045570963;0;0
33045570966;0;0
33045570967;0;0
33045570971;0;0
33045570975;0;0
33045570980;0;0
33045570981;0;0
33045570983;0;0
33045570984;0;0
33045570985;0;0
33045570986;0;0
33045570987;0;0
33045570988;0;0
33045570989;0;0
33045570990;0;0
33045570991;0;0
33045570992;0;0
33045570993;0;0
33045570994;0;0
33045570995;0;0
33045570996;0;0
33045570997;0;0
33045570998;0;0
33045570999;0;0
33045571000;0;0
33045571001;0;0
33045571003;0;0
33045571004;0;0
33045571005;0;0
33045571006;0;0
33045571007;0;0
33045571008;0;0
33045571009;0;0
33045571010;0;0
33045571011;0;0
33045571012;0;0
33045571013;0;0
33045571014;0;0
33045571015;0;0
33045571017;0;0
33045571018;0;0
33045571019;0;0
33045571020;0;0
33045571021;0;0
33045571022;0;0
33045571024;0;0
33045571026;0;0
33045571027;0;0
33045571030;0;0
33045571031;0;0
33045571032;0;0
33045571033;0;0
33045571035;0;0
33045571036;0;0
33045571037;0;0
33045571039;0;0
33045571040;0;0
33045571041;0;0
33045571042;0;0
33045571044;0;0
33045571047;0;0
33045571048;0;0
33045571049;0;0
33045571050;0;0
33045571051;0;0
33045571052;0;0
33045571053;0;0
33045571054;0;0
33045571055;0;0
33045571056;0;0
33045571057;0;0
33045571058;0;0
33045571059;0;0
33045571060;0;0
33045571061;0;0
33045571062;0;0
33045571063;0;0
33045571064;0;0
33045571065;0;0
33045571066;0;0
33045571067;0;0
33045571068;0;0
33045571069;0;0
33045571070;0;0
33045571071;0;0
33045571072;0;0
33045571074;0;0
33045571075;0;0
33045571077;0;0
33045571078;0;0
33045571079;0;0
33045571082;0;0
33045571083;0;0
33045571084;0;0
33045571085;0;0
33045571086;0;0
33045571087;0;0
33045571089;0;0
33045571090;0;0
33045571091;0;0
33045571092;0;0
33045571094;0;0
33045571095;0;0
33045571096;0;0
33045571097;0;0
33045571099;0;0
33045571100;0;0
33045571103;0;0
33045571104;0;0
33045571105;0;0
33045571106;0;0
33045571109;0;0
33045571110;0;0
33045571111;0;0
33045571112;0;0
33045571113;0;0
33045571114;0;0
33045571118;0;0
33045571119;0;0
33045571120;0;0
33045571121;0;0
33045571123;0;0
33045571126;0;0
33045571127;0;0
33045571128;0;0
33045571129;0;0
33045571130;0;0
33045571131;0;0
33045571132;0;0
33045571136;0;0
33045571137;0;0
33045571139;0;0
33045571140;0;0
33045571141;0;0
33045571142;0;0
33045571144;0;0
33045571145;0;0
33045571146;0;0
33045571147;0;0
33045571148;0;0
33045571149;0;0
33045571150;0;0
33045571151;0;0
33045571152;0;0
33045571153;0;0
33045571154;0;0
33045571161;0;0
33045571162;0;0
33045571167;0;0
33045571170;0;0
33045571171;0;0
33045571172;0;0
33045571175;0;0
33045571176;0;0
33045571177;0;0
33045571179;0;0
33045571180;0;0
33045571181;0;0
33045571182;0;0
33045571183;0;0
33045571187;0;0
33045571188;0;0
33045571193;0;0
33045571194;0;0
33045571195;0;0
33045571196;0;0
33045571198;0;0
33045571199;0;0
33045571201;0;0
33045571202;0;0
33045571203;0;0
33045571204;0;0
33045571219;0;0
33045571220;0;0
33045571221;0;0
33045571230;0;0
33045571231;0;0
33045571232;0;0
33045571233;0;0
33045571235;0;0
33045571240;0;0
33045571245;0;0
33045571252;0;0
33045571260;0;0
33045571262;0;0
33045571267;0;0
33045571270;0;0
33045571276;0;0
33045571279;0;0
33045571280;0;0
33045571283;0;0
33045571288;0;0
33045571290;0;0
33045571296;0;0
33045571298;0;0
33045571300;0;0
33045571301;0;0
33045571302;0;0
33045571305;0;0
33045571306;0;0
33045571307;0;0
33045571308;0;0
33045571309;0;0
33047550001;0;0
33047550002;0;0
33047550003;0;0
33047550005;0;0
33047550006;0;0
33049040002;0;0
33049040003;0;0
33049040004;0;0
33049040005;0;0
33049040006;0;0
33049040007;0;0
33049040008;0;0
33049040009;0;0
33049040010;0;0
33049040011;0;0
33049040012;0;0
33049040013;0;0
33049040014;0;0
33049040015;0;0
33049040016;0;0
33049040017;0;0
33049040018;0;0
33049040019;0;0
33049040020;0;0
33049040021;0;0
33049040022;0;0
33049040024;0;0
33049040025;0;0
33049040026;0;0
33049040027;0;0
33049040028;0;0
33049040029;0;0
33049040030;0;0
33049040032;0;0
33049040033;0;0
33049040034;0;0
33049040035;0;0
33049040036;0;0
33049040037;0;0
33049040038;0;0
33049040039;0;0
33049040040;0;0
33049040041;0;0
33049040042;0;0
33049040043;0;0
33049040044;0;0
33049040045;0;0
33049040047;0;0
33049040048;0;0
33049040049;0;0
33049040050;0;0
33049040051;0;0
33049040052;0;0
33049040053;0;0
33049040054;0;0
33049040055;0;0
33049040057;0;0
33049040059;0;0
33049040062;0;0
33049040063;0;0
33049040065;0;0
33049040066;0;0
33049040069;0;0
33049040070;0;0
33049040071;0;0
33049040072;0;0
33049040073;0;0
33049040074;0;0
33050000001;0;0
33051090002;0;0
33051090003;0;0
33051090004;0;0
33051090005;0;0
33051090006;0;0
33051090007;0;0
33051090008;0;0
33051090010;0;0
33051090011;0;0
33051090012;0;0
33051090013;0;0
33051090017;0;0
33051090020;0;0
33051090021;0;0
33051090022;0;0
33051090023;0;0
33051090025;0;0
33051090026;0;0
33051090027;0;0
33051090028;0;0
33051090029;0;0
33051090030;0;0
33051090031;0;0
33051090033;0;0
33051090034;0;0
33051090037;0;0
33051090038;0;0
33051090039;0;0
33051090040;0;0
33051090041;0;0
33051090043;0;0
33051090044;0;0
33051090049;0;0
33051090053;0;0
33051090054;0;0
33052080001;0;0
33052080003;0;0
33052080004;0;0
33052080008;0;0
33052080009;0;0
33052080010;0;0
33052080011;0;0
33052080012;0;0
33052080013;0;0
33055050001;0;0
33055050002;0;0
33055050004;0;0
33055050005;0;0
33055050006;0;0
33055050008;0;0
33055540005;0;0
33055540006;0;0
33055540007;0;0
33056040001;0;0
33056040002;0;0
33057520001;0;0
33057520002;0;0
33058020001;0;0
33058020002;0;0
33058020003;0;0
33058020004;0;0
33058020005;0;0
33058020006;0;0
33058020007;0;0
33058020008;0;0
33058020009;0;0
33058020010;0;0
33058020011;0;0
33058020012;0;0
33058020014;0;0
33058020015;0;0
33058020016;0;0
33058020017;0;0
33058020019;0;0
33058020020;0;0
33058020021;0;0
33058020024;0;0
33058020025;0;0
33058020026;0;0
33058020027;0;0
33058020028;0;0
33058020029;0;0
33058020030;0;0
33058020031;0;0
33058020032;0;0
33058020033;0;0
33058020034;0;0
33058020035;0;0
33058020037;0;0
33058020038;0;0
33058020039;0;0
33058020040;0;0
33058020041;0;0
33058020042;0;0
33058020043;0;0
33058020044;0;0
33058020046;0;0
33058020048;0;0
33058020049;0;0
33058020050;0;0
33058020051;0;0
33058020052;0;0
33058020053;0;0
33058020054;0;0
33058020055;0;0
33058020056;0;0
33061070003;0;0
33061070004;0;0
33061070005;0;0
33061070006;0;0
33061070008;0;0
33061070009;0;0
33061070010;0;0
33061070011;0;0
33062060002;0;0
33063050002;0;0
33063050003;0;0
33063050004;0;0
33063050007;0;0
33063050008;0;0
33063050009;0;0
33063050012;0;0
33063050013;0;0
33063050014;0;0
33063050015;0;0
33063050016;0;0
33063050017;0;0
33063050018;0;0
33063050019;0;0
33063050020;0;0
33063050021;0;0
33063050022;0;0
33063050024;0;0
33063050027;0;0
33063050034;0;0
33063050035;0;0
33063050037;0;0
33063050038;0;0
33063050042;0;0
33063050046;0;0
33063050047;0;0
33063050048;0;0
33063050049;0;0
33063050051;0;0
33063050052;0;0
33063050053;0;0
33063050054;0;0
33063050056;0;0
33063050057;0;0
33063050058;0;0
33063050060;0;0
33063050064;0;0
33063050065;0;0
33063050066;0;0
33063050069;0;0
33063050072;0;0
33063050073;0;0
33063050076;0;0
33063050078;0;0
33063050079;0;0
33063050080;0;0
33063050081;0;0
33063050084;0;0
33063050087;0;0
33063050090;0;0
33063050091;0;0
33063050092;0;0
33063050094;0;0
33063050095;0;0
33063050096;0;0
33063050097;0;0
33063050098;0;0
33063050183;0;0
33063050184;0;0
35016080007;0;0
35019050001;1;1
35039010001;0;0
35039010002;0;0
35039010006;0;0
35039010007;0;0
35041070001;0;0
35041070002;1;1
35041070003;0;0
35041070004;0;0
35041070005;0;0
35041070008;0;0
35041070009;0;0
35041070010;1;1
35041070012;0;0
35041070013;0;0
35041070015;0;0
35045030001;0;0
35049090001;0;0
35049090002;0;0
35057080005;0;0
35057080029;0;0
35057080032;0;0
35057080033;0;0
35057080034;0;0
35057080035;0;0
35057080037;0;0
35057080038;0;0
35057080041;0;0
35057080042;0;0
35057080043;0;0
35057080045;0;0
35057080046;0;0
35057080050;0;0
35060030001;1;1
35060030002;1;1
35060030008;0;0
35060030010;0;0
35060030013;1;1
35060030014;0;0
35060030017;0;0
35060030018;0;0
35060030019;0;0
35060030020;0;0
35060030021;1;1
35060030022;0;0
35060030023;0;0
35060030024;0;0
35060030025;0;0
35063590003;0;0
35063590006;0;0
35063590011;0;0
35063590012;0;0
35063590015;0;0
35063590016;0;0
35063590018;0;0
35063590019;0;0
35063590020;0;0
35063590021;0;0
35063590022;0;0
35063590023;0;0
35063590025;0;0
35063590026;0;0
35063590028;0;0
35063590029;0;0
35063590030;0;0
35063590032;0;0
35063590033;0;0
35063590034;0;0
35063590035;0;0
35063590036;0;0
35063590037;0;0
35063590038;0;0
35066070001;0;0
35066070002;0;0
35066070005;0;0
35066070006;0;0
35075060001;0;0
35075060002;0;0
35076050001;0;0
35084050003;0;0
35084050005;0;0
35084050006;0;0
35084050008;0;0
35085040002;0;0
35090070002;0;0
35090070003;0;0
35090070005;0;0
35090070006;0;0
35090070007;0;0
35090070008;0;0
35090070010;0;0
35090070011;0;0
35090070012;0;0
35090070014;0;0
35092050001;0;0
35092050002;0;0
35092050004;0;0
35092050006;0;0
35092050007;0;0
35092050008;0;0
35092050009;0;0
35092050011;0;0
35092050012;0;0
35092050013;0;0
35092050014;0;0
35092050015;0;0
35092050016;0;0
35092050017;0;0
35092050025;0;0
35092050026;0;0
35092050028;0;0
35092050029;0;0
35092050032;0;0
35092050033;0;0
35092050034;0;0
35095020001;0;0
35095020004;0;0
35095020005;1;1
35095020006;1;1
35095020009;0;0
35095020010;0;0
35095020011;0;0
35095020013;0;0
35095020019;0;0
35095020022;0;0
35095020023;0;0
35095020025;0;0
35095020028;0;0
35095020029;0;0
35095020033;0;0
35095020035;1;1
35095020037;0;0
35095020038;0;0
35095020041;0;0
35095020043;1;1
35095020044;1;1
35095020045;0;0
35095020046;0;0
35095020047;0;0
35095020048;0;0
35095020050;0;0
35095020051;0;0
35095020052;0;0
35095020053;0;0
35095020054;1;1
35095020055;0;0
35095020056;1;1
35095020057;0;0
35095020058;0;0
35095020062;0;0
35095020063;1;1
35095020064;0;0
35095020065;0;0
35095020068;0;0
35095020072;0;0
35095020073;0;0
35095020074;0;0
35095020076;0;0
35095020077;1;1
35095020078;0;0
35095020079;0;0
35095020084;0;0
35095020087;0;0
35095020088;0;0
35095020090;0;0
35095020095;0;0
35095020096;1;1
35095020097;1;1
35095020098;0;0
35095020101;0;0
35095020102;1;1
35095020103;0;0
35095020104;1;1
35095020105;0;0
35095020106;0;0
35095020107;1;1
35095020108;0;0
35095020109;0;0
35095020111;0;0
35095020112;0;0
35095020114;0;0
35095020118;0;0
35095020119;1;1
35095020122;0;0
35095020124;0;0
35095020125;0;0
35095020126;0;0
35095020128;0;0
35095020129;0;0
35095020130;0;0
35095020131;1;1
35095020133;0;0
35095020134;0;0
35095020135;1;1
35095020136;0;0
35095020137;0;0
35095020140;0;0
35095020141;0;0
35095020142;0;0
35095020143;0;0
35095020144;0;0
35095020145;0;0
35095020148;0;0
35095020149;0;0
35095020150;0;0
35095020151;0;0
35095020152;0;0
35095020154;0;0
35095020155;0;0
35095020156;0;0
35095020157;0;0
35095020158;0;0
35095020159;0;0
35095020160;0;0
35095020166;0;0
35095020167;0;0
35095020168;0;0
35095020169;0;0
35095020170;0;0
35095020171;0;0
35095020172;0;0
35095020173;0;0
35095020174;0;0
35095020176;0;0
35095020177;0;0
35095020178;0;0
35095020179;0;0
35095020180;0;0
35095020181;1;1
35095020183;0;0
35095020185;0;0
35095020186;1;1
35095020187;1;1
35096010001;0;0
35096010003;0;0
35096010004;0;0
35096010005;0;0
35096010007;0;0
35097000002;0;0
35097000003;0;0
35097000005;0;0
35097000008;0;0
35097000010;0;0
35097000011;0;0
35097000014;0;0
35097000017;0;0
35097000021;0;0
35097000023;0;0
35097000024;0;0
35104010001;1;1
35104010004;1;1
35104010005;0;0
35105000001;0;0
35105000002;0;0
35105000003;0;0
35105000005;0;0
35105000006;0;0
35105000008;0;0
35105000009;0;0
35105000010;0;0
35105000011;0;0
35105000012;0;0
35105000013;0;0
35105000014;0;0
35106090001;0;0
35106090002;0;0
35106090006;0;0
35106090009;0;0
35106090010;0;0
35106090027;0;0
35106090029;0;0
35106090030;1;1
35106090033;0;0
35106090035;0;0
35106090037;0;0
35106090038;0;0
35106090039;0;0
35106090042;0;0
35106090044;0;0
35106090047;0;0
35106090048;0;0
35106090049;0;0
35106090051;0;0
35106090052;0;0
35106090061;0;0
35106090063;0;0
35106090065;0;0
35106090067;0;0
35106090069;0;0
35106090070;0;0
35106090071;0;0
35106090072;1;1
35106090073;0;0
35106090076;0;0
35106090077;0;0
35106090078;0;0
35106090079;0;0
35106090080;0;0
35106090082;0;0
35106090083;0;0
35106090084;0;0
35106090085;0;0
35106090086;0;0
35106090087;0;0
35106090088;0;0
35106090089;0;0
35106090090;0;0
35106090091;1;1
35106090092;0;0
35106090093;0;0
35106090094;0;0
35106090095;0;0
35106090097;0;0
35106090098;0;0
35106090099;0;0
35106090102;0;0
35106090104;0;0
35106090105;0;0
35106090107;0;0
35106090109;0;0
35106090111;0;0
35106090112;0;0
35106090113;0;0
35106090114;0;0
35106090115;0;0
35106090117;0;0
35106090118;0;0
35106090119;0;0
35106090120;0;0
35106090121;0;0
35124070002;0;0
35124070003;0;0
35128030001;0;0
35128030006;0;0
35128030007;0;0
35128030009;0;0
35130090001;0;0
35130090002;0;0
35130090003;0;0
35130090005;0;0
35130090006;0;0
35130090009;0;0
35130090010;0;0
35130090011;0;0
35130090012;0;0
35130090013;0;0
35130090014;0;0
35130090017;0;0
35130090018;0;0
35130090020;0;0
35130090021;0;0
35130090022;0;0
35130090023;0;0
35130090024;0;0
35130090026;0;0
35134050001;0;0
35134050002;0;0
35134050004;0;0
35134050005;0;0
35135040002;0;0
35135040007;0;0
35135040012;0;0
35135040013;0;0
35135040014;0;0
35135040016;0;0
35135040020;0;0
35135040022;0;0
35135040024;0;0
35135040025;0;0
35135040026;0;0
35135040027;0;0
35138010002;0;0
35138010005;0;0
35138010006;0;0
35138010008;0;0
35138010010;0;0
35138010011;0;0
35138010012;0;0
35138010013;0;0
35138010014;0;0
35138010015;0;0
35138010021;0;0
35138010022;0;0
35138010023;0;0
35138010024;0;0
35138010025;0;0
35138010026;0;0
35138010027;0;0
35138010028;0;0
35138010029;0;0
35138010030;0;0
35138010032;0;0
35138010034;0;0
35138010035;0;0
35138010037;0;0
35138010039;0;0
35138010041;0;0
35138010046;0;0
35138010048;0;0
35138010049;0;0
35138010053;0;0
35138010054;0;0
35138010055;0;0
35138010056;0;0
35138010061;0;0
35138010067;0;0
35138010072;0;0
35138010073;0;0
35138010077;0;0
35138010078;0;0
35138010082;0;0
35138010088;0;0
35138010090;0;0
35138010093;0;0
35138010094;0;0
35138010100;0;0
35138010101;0;0
35138010104;0;0
35138010111;0;0
35138010114;0;0
35138010117;0;0
35138010122;0;0
35138010127;0;0
35138010128;0;0
35138010129;0;0
35138010130;0;0
35138010135;0;0
35138010136;0;0
35138010140;0;0
35138010143;0;0
35138010145;0;0
35138010147;0;0
35138010151;0;0
35138010154;0;0
35138010157;0;0
35138010159;0;0
35138010164;0;0
35138010165;0;0
35138010166;0;0
35138010173;0;0
35138010177;0;0
35138010178;0;0
35138010179;0;0
35138010181;0;0
35138010183;0;0
35138010184;0;0
35138010185;0;0
35138010188;0;0
35138010190;0;0
35138010191;0;0
35138010197;0;0
35138010198;0;0
35138010199;0;0
35138010201;0;0
35138010202;0;0
35138010203;0;0
35138010204;0;0
35138010206;0;0
35138010207;0;0
35138010209;0;0
35138010211;0;0
35138010212;0;0
35138010214;0;0
35138010215;0;0
35138010219;0;0
35138010222;0;0
35138010225;0;0
35138010228;0;0
35138010233;0;0
35138010242;0;0
35138010243;0;0
35138010244;0;0
35138010245;0;0
35138010246;0;0
35138010247;0;0
35138010248;0;0
35138010251;0;0
35138010252;0;0
35138010253;0;0
35138010254;0;0
35150040001;1;1
35150040002;0;0
35150040003;0;0
35150040005;0;0
35150040006;0;0
35150040007;0;0
35150040010;0;0
35150040011;0;0
35150040012;1;1
35150040013;0;0
35150040017;0;0
35150040019;0;0
35150040020;0;0
35150040023;0;0
35150040027;0;0
35150040031;0;0
35150040033;1;1
35150040034;0;0
35150040035;1;1
35150040036;0;0
35150040039;0;0
35150040040;0;0
35150040041;0;0
35150040042;0;0
35150040045;1;1
35150040046;0;0
35150040047;0;0
35150040048;1;1
35150040049;0;0
35150040050;1;1
35150040051;0;0
35150040052;1;1
35150040053;0;0
35150040054;0;0
35150040055;0;0
35150040056;1;1
35150040057;0;0
35150040058;0;0
35150040059;0;0
35150040060;0;0
35150040061;0;0
35150040063;0;0
35150040064;0;0
35150040065;1;1
35150040066;1;1
35150040067;0;0
35150040068;0;0
35150040074;0;0
35150040075;1;1
35150040077;0;0
35150040078;0;0
35150040079;0;0
35150040080;0;0
35150040081;0;0
35150040082;0;0
35150040084;0;0
35150040085;0;0
35150040086;0;0
35150040087;0;0
35151030001;0;0
35151030002;1;1
35151030003;0;0
35151030004;0;0
35157070001;0;0
35157070002;0;0
35157070004;0;0
35157070005;0;0
35157070006;0;0
35157070007;0;0
35157070008;0;0
35157070009;0;0
35157070010;0;0
35157070011;0;0
35157070013;0;0
35157070014;0;0
35157070015;0;0
35157070016;0;0
35157070017;0;0
35157070018;0;0
35157070019;0;0
35157070020;0;0
35157070021;0;0
35157070022;0;0
35157070023;0;0
35157070024;0;0
35157070025;0;0
35157070028;0;0
35157070029;0;0
35157070030;0;0
35157070031;0;0
35157070032;0;0
35157070033;0;0
35157070034;0;0
35157070035;0;0
35157070036;0;0
35157070040;0;0
35157070042;0;0
35157070045;0;0
35157070046;0;0
35157070051;0;0
35157070052;0;0
35163090001;1;1
35163090003;1;1
35163090006;1;1
35163090008;1;1
35163090009;1;1
35163090015;1;1
35163090016;1;1
35163090017;0;0
35163090018;0;0
35163090019;1;1
35163090020;1;1
35163090022;0;0
35163090023;1;1
35163090024;1;1
35163090025;0;0
35163090026;1;1
35163090027;1;1
35163090028;0;0
35163090030;0;0
35163090031;0;0
35163090032;0;0
35163090033;0;0
35163090034;1;1
35163090035;0;0
35163090036;0;0
35163090037;1;1
35163090039;1;1
35163090042;1;1
35163090043;0;0
35163090044;1;1
35163090046;1;1
35163090047;0;0
35163090048;0;0
35163090049;1;1
35163090050;1;1
35163090051;1;1
35164080002;0;0
35164080004;0;0
35164080006;0;0
35164080007;0;0
35164080009;0;0
35164080010;0;0
35164080012;0;0
35164080013;0;0
35164080014;0;0
35164080015;0;0
35164080017;0;0
35164080018;0;0
35164080019;0;0
35164080022;0;0
35164080023;0;0
35164080024;0;0
35164080027;0;0
35164080028;0;0
35164080029;0;0
35164080030;0;0
35164080031;0;0
35164080032;0;0
35164080033;0;0
35164080034;0;0
35164080036;0;0
35184040001;0;0
35187010004;0;0
35187010005;0;0
35187010006;0;0
35187010007;0;0
35187010008;0;0
35187010009;0;0
35187010010;0;0
35187010011;0;0
35187010013;0;0
35187010015;0;0
35187010016;0;0
35187010017;0;0
35187010018;0;0
35187010019;0;0
35187010021;0;0
35187010023;0;0
35187010025;0;0
35187010028;0;0
35187010029;0;0
35187010030;0;0
35187010031;0;0
35187010032;0;0
35187010034;0;0
35187010035;0;0
35187010036;0;0
35187010039;0;0
35187010040;0;0
35187010043;0;0
35187010045;0;0
35187010046;0;0
35187010047;0;0
35187010050;0;0
35187010053;0;0
35187010056;0;0
35187010057;0;0
35187010059;0;0
35187010060;0;0
35187010062;0;0
35187010065;0;0
35187010066;0;0
35187010069;0;0
35187010072;0;0
35187010073;0;0
35187010075;0;0
35187010076;0;0
35187010077;0;0
35187010078;0;0
35187010079;0;0
35187010080;0;0
35187010081;0;0
35187010084;0;0
35187010085;0;0
35187010086;0;0
35187010087;0;0
35187010088;0;0
35188000001;0;0
35188000004;1;1
35188000005;0;0
35188000006;0;0
35188000007;0;0
35188000008;1;1
35188000009;0;0
35188000011;1;1
35188000012;0;0
35188000013;1;1
35188000014;0;0
35188000016;1;1
35188000017;0;0
35188000018;1;1
35188000019;1;1
35188000022;1;1
35188000023;0;0
35188000024;1;1
35188000025;0;0
35188000026;0;0
35188000027;1;1
35188000028;0;0
35188000030;1;1
35188000031;0;0
35188000032;1;1
35188000036;0;0
35188000038;0;0
35188000041;1;1
35188000043;1;1
35188000044;1;1
35188000045;0;0
35188000046;0;0
35188000047;1;1
35188000048;0;0
35188000049;0;0
35188000051;0;0
35188000052;1;1
35188000053;1;1
35188000054;1;1
35188000055;0;0
35188000056;0;0
35188000057;0;0
35188000058;0;0
35188000059;1;1
35188000060;0;0
35188000061;0;0
35188000062;0;0
35188000064;1;1
35188000065;1;1
35188000066;1;1
35188000067;0;0
35188000069;0;0
35188000070;1;1
35188000071;0;0
35188000072;1;1
35188000073;0;0
35188000074;0;0
35188000076;0;0
35188000077;0;0
35188000078;0;0
35188000081;0;0
35188000082;0;0
35188000083;0;0
35188000084;1;1
35188000087;1;1
35188000088;1;1
35188000089;0;0
35188000090;1;1
35188000092;0;0
35188000093;0;0
35188000094;1;1
35188000095;0;0
35188000096;1;1
35188000098;0;0
35188000099;0;0
35188000100;0;0
35188000105;1;1
35188000106;0;0
35188000107;0;0
35188000110;0;0
35188000111;1;1
35188000113;1;1
35188000114;1;1
35188000115;1;1
35188000116;1;1
35188000117;0;0
35188000118;0;0
35188000119;0;0
35188000122;0;0
35188000123;1;1
35188000124;0;0
35188000125;0;0
35188000127;0;0
35188000128;0;0
35188000130;0;0
35188000131;0;0
35188000132;1;1
35188000133;0;0
35188000134;0;0
35188000136;0;0
35188000137;1;1
35188000138;1;1
35188000139;0;0
35188000140;0;0
35188000141;0;0
35188000142;0;0
35188000143;1;1
35188000147;1;1
35188000148;0;0
35188000149;0;0
35188000150;1;1
35188000151;0;0
35188000152;0;0
35188000156;1;1
35188000158;0;0
35188000159;0;0
35188000161;0;0
35188000164;0;0
35188000167;1;1
35188000169;1;1
35188000170;0;0
35188000173;0;0
35188000174;1;1
35188000175;0;0
35188000177;0;0
35188000178;0;0
35188000180;0;0
35188000181;0;0
35188000183;0;0
35188000184;1;1
35188000185;1;1
35188000186;0;0
35188000189;1;1
35188000190;0;0
35188000194;0;0
35188000196;0;0
35188000197;0;0
35188000198;0;0
35188000199;0;0
35188000200;0;0
35188000201;0;0
35188000202;1;1
35188000203;1;1
35188000204;0;0
35188000205;0;0
35188000207;0;0
35188000208;0;0
35188000210;0;0
35188000211;0;0
35188000212;1;1
35188000213;0;0
35188000215;0;0
35188000216;0;0
35188000217;1;1
35188000218;0;0
35188000220;1;1
35188000221;0;0
35188000222;0;0
35188000223;0;0
35188000225;0;0
35188000227;0;0
35188000228;0;0
35188000229;0;0
35188000230;0;0
35188000231;1;1
35188000232;0;0
35188000233;0;0
35188000234;1;1
35188000235;0;0
35188000236;1;1
35190710008;0;0
35190710009;0;0
35190710010;0;0
35190710012;0;0
35190710013;0;0
35190710016;0;0
35190710018;0;0
35195010001;0;0
35197090001;0;0
35197090002;0;0
35197090003;0;0
35204000001;0;0
35204000002;0;0
35204000005;0;0
35204000006;0;0
35204000007;0;0
35204000009;0;0
35204000010;0;0
35204000014;0;0
35204000015;0;0
35204000016;0;0
35204000017;0;0
35204000018;0;0
35204000019;0;0
35221090001;0;0
35221090002;0;0
35221090003;0;0
35222080001;1;1
35222080004;0;0
35222080008;0;0
35222080009;0;0
35222080010;0;0
35222080011;0;0
35222080014;1;1
35222080015;0;0
35222080016;0;0
35222080017;0;0
35222080018;0;0
35222080019;0;0
35222080020;0;0
35222080021;0;0
35222080022;0;0
35222080023;0;0
35222080024;0;0
35222080025;0;0
35222080026;0;0
35222080027;0;0
35225050001;0;0
35225050003;0;0
35225050005;0;0
35225050006;0;0
35225050007;0;0
35225050008;0;0
35225050009;0;0
35225050010;0;0
35225050012;0;0
35225050013;0;0
35225050014;0;0
35225050015;0;0
35225050016;0;0
35225050018;0;0
35225050019;0;0
35225050020;0;0
35225050021;0;0
35225050022;0;0
35225050026;0;0
35225050027;0;0
35231070002;0;0
35231070003;1;1
35231070004;1;1
35231070005;1;1
35231070006;0;0
35231070007;1;1
35231070008;0;0
35231070009;1;1
35231070010;1;1
35231070011;1;1
35231070012;1;1
35231070013;1;1
35231070014;1;1
35231070016;1;1
35231070022;0;0
35231070023;1;1
35231070025;0;0
35231070029;1;1
35231070030;1;1
35231070031;0;0
35231070032;1;1
35231070038;1;1
35231070039;0;0
35231070042;0;0
35231070043;0;0
35231070044;0;0
35231070045;0;0
35231070047;0;0
35231070049;0;0
35231070050;0;0
35231070051;0;0
35231070052;1;1
35231070053;0;0
35231070054;1;1
35231070055;0;0
35231070057;0;0
35231070058;1;1
35231070059;0;0
35231070063;0;0
35231070064;0;0
35231070065;1;1
35231070066;0;0
35231070067;1;1
35231070068;1;1
35231070070;0;0
35231070071;1;1
35231070073;1;1
35231070074;1;1
35231070075;0;0
35231070077;0;0
35231070080;0;0
35231070081;0;0
35231070082;0;0
35231070083;0;0
35231070084;0;0
35231070085;1;1
35231070086;0;0
35231070089;0;0
35231070090;0;0
35231070093;0;0
35231070094;0;0
35231070096;0;0
35231070097;0;0
35231070098;0;0
35231070099;0;0
35231070100;0;0
35231070103;0;0
35231070104;0;0
35231070105;0;0
35236020001;0;0
35236020002;1;1
35239090002;0;0
35239090003;0;0
35239090004;0;0
35239090005;0;0
35239090006;0;0
35239090007;1;1
35244020001;0;0
35244020002;0;0
35244020004;0;0
35244020006;0;0
35244020009;0;0
35244020011;0;0
35244020016;0;0
35244020017;0;0
35244020020;0;0
35244020021;0;0
35250030001;1;1
35250030003;1;1
35250030004;1;1
35250030005;0;0
35250030006;0;0
35250030007;0;0
35250030008;1;1
35250030014;0;0
35259040001;1;1
35259040005;1;1
35259040022;0;0
35259040023;0;0
35259040024;0;0
35259040025;1;1
35259040027;0;0
35259040029;0;0
35259040030;1;1
35272070001;0;0
35273060001;0;0
35284030001;0;0
35284030002;0;0
35285020001;0;0
35285020005;0;0
35285020006;0;0
35285020007;0;0
35285020008;1;1
35285020010;1;1
35285020011;1;1
35285020012;1;1
35285020013;0;0
35285020015;0;0
35285020017;0;0
35290050001;1;1
35290050002;0;0
35290050005;1;1
35290050006;0;0
35290050007;1;1
35290050008;0;0
35290050010;1;1
35290050011;0;0
35290050013;0;0
35290050016;1;1
35290050018;0;0
35290050019;0;0
35290050020;1;1
35294010001;0;0
35294010003;0;0
35294010004;0;0
35294010007;0;0
35294010009;0;0
35294010010;0;0
35294010012;0;0
35294010013;0;0
35294010014;0;0
35294010017;0;0
35294010023;0;0
35294010024;0;0
35294010025;0;0
35294010027;0;0
35294010028;0;0
35294010029;0;0
35294010030;0;0
35294010031;0;0
35294010032;0;0
35294010033;0;0
35294010034;0;0
35294010037;0;0
35294010038;0;0
35294010039;0;0
35294010043;0;0
35294010044;0;0
35294010045;0;0
35294010046;0;0
35294010047;0;0
35294010048;0;0
35294010049;0;0
35294010050;0;0
35294010051;0;0
35294010052;0;0
35294010054;0;0
35294010055;0;0
35294010056;0;0
35294010057;0;0
35294010058;0;0
35294010059;0;0
35294010060;0;0
35294010061;0;0
35294010062;0;0
35294010063;0;0
35294010064;0;0
35294010065;0;0
35294010066;0;0
35294010067;0;0
35294010068;0;0
35294010069;0;0
35294010070;0;0
35294010071;0;0
35294010072;0;0
35294010073;0;0
35294010074;0;0
35294010076;0;0
35294010077;0;0
35294010078;0;0
35294010081;0;0
35294010088;0;0
35306070001;0;0
35306070002;0;0
35306070003;0;0
35306070005;0;0
35306070006;0;0
35306070007;0;0
35306070008;0;0
35306070009;0;0
35306070012;0;0
35306070016;0;0
35306070017;0;0
35306070018;0;0
35306070019;0;0
35306070021;0;0
35306070023;0;0
35306070024;0;0
35344010001;0;0
35344010002;0;0
35344010004;0;0
35344010005;0;0
35344010007;0;0
35344010008;0;0
35344010011;0;0
35344010014;0;0
35344010016;0;0
35344010019;0;0
35344010021;0;0
35344010022;0;0
35344010029;0;0
35344010030;0;0
35344010033;0;0
35344010034;0;0
35344010035;0;0
35344010037;0;0
35344010039;0;0
35344010042;0;0
35344010044;0;0
35344010045;0;0
35344010046;0;0
35344010048;0;0
35344010050;0;0
35344010051;0;0
35344010053;0;0
35344010054;0;0
35344010055;0;0
35344010063;0;0
35344010065;0;0
35344010068;0;0
35344010070;0;0
35344010072;0;0
35344010074;0;0
35344010076;0;0
35344010078;0;0
35344010079;0;0
35344010084;0;0
35344010085;0;0
35344010091;0;0
35344010099;0;0
35344010110;0;0
35344010115;0;0
35344010122;0;0
35344010126;0;0
35344010131;0;0
35344010132;0;0
35344010135;0;0
35344010136;0;0
35344010137;0;0
35344010139;0;0
35344010141;0;0
35344010142;0;0
35344010144;0;0
35344010149;0;0
35344010151;0;0
35344010152;0;0
35344010153;0;0
35344010154;0;0
35344010155;0;0
35344010156;0;0
35344010157;0;0
35344010158;0;0
35344010161;0;0
35344010163;0;0
35344010164;0;0
35344010166;0;0
35344010167;0;0
35344010168;0;0
35344010169;0;0
35344010170;0;0
35344010171;0;0
35344010173;0;0
35344010174;0;0
35344010175;0;0
35344010176;0;0
35344010177;0;0
35344010178;0;0
35344010180;0;0
35344010181;0;0
35344010183;0;0
35344010184;0;0
35344010185;0;0
35367030002;0;0
35376020002;0;0
35380060002;0;0
35387090002;0;0
35387090006;0;0
35387090013;0;0
35387090015;0;0
35387090042;0;0
35387090043;1;1
35387090046;0;0
35387090047;1;1
35387090048;0;0
35387090049;1;1
35387090050;0;0
35387090053;0;0
35387090055;0;0
35387090058;0;0
35387090059;0;0
35387090061;0;0
35391030001;0;0
35391030002;0;0
35391030003;0;0
35391030004;0;0
35398060001;0;0
35398060002;0;0
35398060003;0;0
35398060004;0;0
35407050001;0;0
35410000004;0;0
35410000005;0;0
35410000006;0;0
35410000007;1;1
35410000009;1;1
35410000010;0;0
35410000011;0;0
35410000012;1;1
35410000013;0;0
35410000014;1;1
35410000016;1;1
35410000017;0;0
35413070001;0;0
35433030001;0;0
35433030002;0;0
35433030003;0;0
35433030004;0;0
35434020002;0;0
35434020003;0;0
35434020005;0;0
35434020010;0;0
35434020011;0;0
35434020012;0;0
35434020014;0;0
35434020015;0;0
35434020016;0;0
35434020018;0;0
35434020019;0;0
35434020021;0;0
35434020024;0;0
35434020027;0;0
35434020029;0;0
35434020030;0;0
35434020032;0;0
35434020034;0;0
35434020035;0;0
35434020038;0;0
35434020040;0;0
35434020041;0;0
35434020044;0;0
35434020045;0;0
35434020046;0;0
35434020047;0;0
35434020048;0;0
35434020051;0;0
35434020052;0;0
35434020053;0;0
35434020054;0;0
35434020055;0;0
35434020056;0;0
35434020057;0;0
35434020058;0;0
35434020059;0;0
35434020060;0;0
35434020061;0;0
35434020062;0;0
35434020063;0;0
35434020066;0;0
35434020067;0;0
35434020068;0;0
35434020070;0;0
35434020071;0;0
35434020072;0;0
35434020073;0;0
35439070001;0;0
35439070002;0;0
35439070003;0;0
35441030001;0;0
35441030004;0;0
35441030005;0;0
35441030006;0;0
35441030007;0;0
35441030008;0;0
35441030009;0;0
35452090004;0;0
35464050001;0;0
35473040005;0;0
35473040006;0;0
35473040007;0;0
35473040009;1;1
35473040010;0;0
35473040011;1;1
35473040013;0;0
35473040016;1;1
35478090001;1;1
35478090002;0;0
35478090003;0;0
35478090005;0;0
35478090006;0;0
35478090007;0;0
35478090009;0;0
35478090010;1;1
35478090011;1;1
35478090012;1;1
35478090013;1;1
35478090015;0;0
35478090017;0;0
35478090021;0;0
35478090024;0;0
35478090026;1;1
35478090027;1;1
35478090028;0;0
35478090029;1;1
35478090030;0;0
35478090032;0;0
35478090034;0;0
35478090035;0;0
35478090036;0;0
35478090037;0;0
35478090042;0;0
35478090043;1;1
35478090050;0;0
35478090051;1;1
35478090053;0;0
35478090054;1;1
35478090055;1;1
35478090059;1;1
35478090061;1;1
35478090067;1;1
35478090068;0;0
35478090069;1;1
35478090070;0;0
35478090073;1;1
35478090074;1;1
35478090078;1;1
35478090079;1;1
35478090081;1;1
35478090082;0;0
35478090083;0;0
35478090084;1;1
35478090085;1;1
35478090086;1;1
35478090090;0;0
35478090095;0;0
35478090096;0;0
35478090097;1;1
35478090098;1;1
35478090099;1;1
35478090100;1;1
35478090101;0;0
35478090102;1;1
35478090104;0;0
35478090105;1;1
35478090106;0;0
35478090107;1;1
35478090108;0;0
35478090110;0;0
35478090111;0;0
35478090112;0;0
35478090113;0;0
35478090117;1;1
35478090118;1;1
35478090119;1;1
35478090120;0;0
35478090121;0;0
35478090122;0;0
35478090125;1;1
35478090126;0;0
35478090127;1;1
35478090128;1;1
35485000001;0;0
35485000002;0;0
35485000003;0;0
35485000004;0;0
35485000017;0;0
35485000019;0;0
35485000024;0;0
35485000026;0;0
35485000030;0;0
35485000031;0;0
35485000032;0;0
35485000033;0;0
35485000034;0;0
35485000035;0;0
35485000036;0;0
35485000037;0;0
35485000038;0;0
35485000039;0;0
35485000040;0;0
35485000041;0;0
35485000043;0;0
35485000044;0;0
35485000045;0;0
35485000047;0;0
35485000048;0;0
35485000049;0;0
35485000050;0;0
35485000051;0;0
35485000052;0;0
35485000053;0;0
35485000054;0;0
35485000055;0;0
35485000056;0;0
35485000057;0;0
35485000058;0;0
35485000059;0;0
35485000061;0;0
35485000063;0;0
35485000064;0;0
35485000065;0;0
35485000066;0;0
35485000067;0;0
35485000068;0;0
35485000069;0;0
35485000070;0;0
35485000072;0;0
35487080001;0;0
35487080002;0;0
35487080003;0;0
35487080005;0;0
35487080010;0;0
35487080011;0;0
35487080012;1;1
35487080013;1;1
35487080014;0;0
35487080017;0;0
35487080020;0;0
35487080025;0;0
35487080028;0;0
35487080029;0;0
35487080034;0;0
35487080037;0;0
35487080038;0;0
35487080039;1;1
35487080040;1;1
35487080041;1;1
35487080042;0;0
35487080043;0;0
35487080045;1;1
35487080046;0;0
35487080047;1;1
35487080048;0;0
35487080049;0;0
35487080050;0;0
35487080052;1;1
35487080053;0;0
35487080057;0;0
35487080059;0;0
35487080061;0;0
35487080062;0;0
35487080063;0;0
35487080064;1;1
35487080068;1;1
35487080069;0;0
35487080070;1;1
35487080071;0;0
35487080075;1;1
35487080076;0;0
35487080077;0;0
35487080078;0;0
35487080079;0;0
35487080080;0;0
35487080082;0;0
35487080083;0;0
35487080085;0;0
35487080086;0;0
35487080087;1;1
35487080090;1;1
35487080092;1;1
35487080093;1;1
35487080094;0;0
35487080095;0;0
35487080096;1;1
35487080097;1;1
35487080098;1;1
35487080099;1;1
35487080100;0;0
35487080101;1;1
35487080102;1;1
35487080103;0;0
35487080104;0;0
35487080107;1;1
35487080108;0;0
35487080109;1;1
35487080110;0;0
35487080111;1;1
35487080112;0;0
35487080113;0;0
35487080114;0;0
35487080115;1;1
35487080116;1;1
35487080117;1;1
35487080118;1;1
35487080119;0;0
35487080120;0;0
35487080121;0;0
35487080122;0;0
35487080123;1;1
35487080124;0;0
35487080127;1;1
35487080129;0;0
35487080130;1;1
35487080131;1;1
35487080132;0;0
35487080133;0;0
35487080134;0;0
35487080135;0;0
35487080137;0;0
35487080138;0;0
35487080139;0;0
35489060001;0;0
35489060002;0;0
35489060003;0;0
35489060004;0;0
35489060005;0;0
35499040010;0;0
35499040016;0;0
35499040018;0;0
35499040020;0;0
35499040021;0;0
35499040024;0;0
35499040025;0;0
35499040026;0;0
35499040027;0;0
35499040028;0;0
35499040029;0;0
35499040034;0;0
35503080005;0;0
35503080007;0;0
35503080009;0;0
35503080010;0;0
35503080011;0;0
35503080012;0;0
35503080015;0;0
35503080017;0;0
35503080019;0;0
35503080020;0;0
35503080021;0;0
35503080022;0;0
35503080023;0;0
35503080024;0;0
35503080026;0;0
35503080029;0;0
35503080030;0;0
35503080034;0;0
35503080035;0;0
35503080036;0;0
35503080037;0;0
35503080038;0;0
35503080039;0;0
35503080040;0;0
35503080041;0;0
35503080042;0;0
35503080043;0;0
35503080044;0;0
35503080049;0;0
35503080052;0;0
35503080054;0;0
35503080057;0;0
35503080058;0;0
35503080059;0;0
35503080060;0;0
35503080064;0;0
35503080067;0;0
35503080068;0;0
35503080069;0;0
35503080070;0;0
35503080073;0;0
35503080075;0;0
35503080076;0;0
35503080080;0;0
35503080081;0;0
35503080082;0;0
35503080085;0;0
35503080086;0;0
35503080088;0;0
35503080089;0;0
35503080090;0;0
35503080095;0;0
35503080096;0;0
35503080097;0;0
35503080098;0;0
35503080099;0;0
35503080100;0;0
35503080102;0;0
35503080103;0;0
35503080105;0;0
35503080106;0;0
35503080107;0;0
35503080108;0;0
35503080110;0;0
35503080111;0;0
35503080112;0;0
35503080113;0;0
35503080116;0;0
35503080117;0;0
35503080118;0;0
35503080119;0;0
35503080120;0;0
35503080121;0;0
35503080122;0;0
35503080123;0;0
35503080125;0;0
35503080127;0;0
35503080129;0;0
35503080130;0;0
35503080134;0;0
35503080135;0;0
35503080136;0;0
35503080138;0;0
35503080143;0;0
35503080144;0;0
35503080147;0;0
35503080148;0;0
35503080150;0;0
35503080152;0;0
35503080153;0;0
35503080156;0;0
35503080158;0;0
35503080163;0;0
35503080165;0;0
35503080166;0;0
35503080169;0;0
35503080171;0;0
35503080172;0;0
35503080175;0;0
35503080176;0;0
35503080178;0;0
35503080179;0;0
35503080180;0;0
35503080182;0;0
35503080184;0;0
35503080185;0;0
35503080186;0;0
35503080188;0;0
35503080190;0;0
35503080191;0;0
35503080194;0;0
35503080197;0;0
35503080198;0;0
35503080199;0;0
35503080200;0;0
35503080203;0;0
35503080204;0;0
35503080207;0;0
35503080209;0;0
35503080210;0;0
35503080212;0;0
35503080213;0;0
35503080215;0;0
35503080218;0;0
35503080225;0;0
35503080231;0;0
35503080234;0;0
35503080235;0;0
35503080237;0;0
35503080238;0;0
35503080240;0;0
35503080241;0;0
35503080248;0;0
35503080249;0;0
35503080251;0;0
35503080253;0;0
35503080257;0;0
35503080259;0;0
35503080260;0;0
35503080263;0;0
35503080264;0;0
35503080265;0;0
35503080266;0;0
35503080267;0;0
35503080268;0;0
35503080271;0;0
35503080272;0;0
35503080273;0;0
35503080276;0;0
35503080277;0;0
35503080278;0;0
35503080280;0;0
35503080281;0;0
35503080284;0;0
35503080288;0;0
35503080296;0;0
35503080298;0;0
35503080300;0;0
35503080301;0;0
35503080302;0;0
35503080303;0;0
35503080307;0;0
35503080309;1;1
35503080311;0;0
35503080312;0;0
35503080313;0;0
35503080314;0;0
35503080316;0;0
35503080317;0;0
35503080318;0;0
35503080321;0;0
35503080322;0;0
35503080324;0;0
35503080325;0;0
35503080326;0;0
35503080328;0;0
35503080334;0;0
35503080336;0;0
35503080338;0;0
35503080339;0;0
35503080341;0;0
35503080344;0;0
35503080345;0;0
35503080347;0;0
35503080349;0;0
35503080350;0;0
35503080352;0;0
35503080355;0;0
35503080356;0;0
35503080357;0;0
35503080362;0;0
35503080363;0;0
35503080365;0;0
35503080366;0;0
35503080367;0;0
35503080370;0;0
35503080371;0;0
35503080372;0;0
35503080375;0;0
35503080376;0;0
35503080377;0;0
35503080381;0;0
35503080382;0;0
35503080383;0;0
35503080384;0;0
35503080386;0;0
35503080387;0;0
35503080388;0;0
35503080390;0;0
35503080392;0;0
35503080395;0;0
35503080396;0;0
35503080397;0;0
35503080398;0;0
35503080399;0;0
35503080404;0;0
35503080405;0;0
35503080406;0;0
35503080408;0;0
35503080410;0;0
35503080412;0;0
35503080413;0;0
35503080416;0;0
35503080417;0;0
35503080418;0;0
35503080422;0;0
35503080424;0;0
35503080425;0;0
35503080426;0;0
35503080428;0;0
35503080429;0;0
35503080430;0;0
35503080432;0;0
35503080434;0;0
35503080435;0;0
35503080436;0;0
35503080438;0;0
35503080439;0;0
35503080440;0;0
35503080441;0;0
35503080442;0;0
35503080443;0;0
35503080445;0;0
35503080446;0;0
35503080447;0;0
35503080448;0;0
35503080451;0;0
35503080452;0;0
35503080454;0;0
35503080455;0;0
35503080456;0;0
35503080457;0;0
35503080458;0;0
35503080460;0;0
35503080463;0;0
35503080465;0;0
35503080467;0;0
35503080468;0;0
35503080470;0;0
35503080472;0;0
35503080473;0;0
35503080474;0;0
35503080476;0;0
35503080477;0;0
35503080479;0;0
35503080480;0;0
35503080482;0;0
35503080485;0;0
35503080486;0;0
35503080488;0;0
35503080490;0;0
35503080491;0;0
35503080492;0;0
35503080495;0;0
35503080498;0;0
35503080500;0;0
35503080502;0;0
35503080503;0;0
35503080504;0;0
35503080505;0;0
35503080506;0;0
35503080507;0;0
35503080509;0;0
35503080512;0;0
35503080515;0;0
35503080517;0;0
35503080518;0;0
35503080519;0;0
35503080520;0;0
35503080523;0;0
35503080524;0;0
35503080525;0;0
35503080527;0;0
35503080528;0;0
35503080531;0;0
35503080533;0;0
35503080534;0;0
35503080538;0;0
35503080539;0;0
35503080540;0;0
35503080543;0;0
35503080545;0;0
35503080546;0;0
35503080550;0;0
35503080552;0;0
35503080560;0;0
35503080561;0;0
35503080563;0;0
35503080567;0;0
35503080568;0;0
35503080569;0;0
35503080571;0;0
35503080577;0;0
35503080578;0;0
35503080580;0;0
35503080581;0;0
35503080582;0;0
35503080583;0;0
35503080584;0;0
35503080585;0;0
35503080586;0;0
35503080587;0;0
35503080589;0;0
35503080590;0;0
35503080591;0;0
35503080594;0;0
35503080595;0;0
35503080596;0;0
35503080597;0;0
35503080598;0;0
35503080599;0;0
35503080600;0;0
35503080601;0;0
35503080602;0;0
35503080603;0;0
35503080604;0;0
35503080605;0;0
35503080606;0;0
35503080607;0;0
35503080612;0;0
35503080613;0;0
35503080616;0;0
35503080618;0;0
35503080621;0;0
35503080622;0;0
35503080625;0;0
35503080627;0;0
35503080631;0;0
35503080634;0;0
35503080635;0;0
35503080638;0;0
35503080639;0;0
35503080644;0;0
35503080646;0;0
35503080647;0;0
35503080648;0;0
35503080649;0;0
35503080650;0;0
35503080651;0;0
35503080653;0;0
35503080654;0;0
35503080656;0;0
35503080657;0;0
35503080658;0;0
35503080659;0;0
35503080661;0;0
35503080662;0;0
35503080664;0;0
35503080672;0;0
35503080673;0;0
35503080674;0;0
35503080675;0;0
35503080676;0;0
35503080677;0;0
35503080679;0;0
35503080681;0;0
35503080682;0;0
35503080685;0;0
35503080687;0;0
35503080688;0;0
35503080689;0;0
35503080690;0;0
35503080691;0;0
35503080692;0;0
35503080693;0;0
35503080694;0;0
35503080695;0;0
35503080696;0;0
35503080697;0;0
35503080699;0;0
35503080700;0;0
35503080701;0;0
35503080702;0;0
35503080703;0;0
35503080705;0;0
35503080706;0;0
35503080707;0;0
35503080710;0;0
35503080715;0;0
35503080717;0;0
35503080718;0;0
35503080721;0;0
35503080722;0;0
35503080723;0;0
35503080724;0;0
35503080726;0;0
35503080727;0;0
35503080731;0;0
35503080732;0;0
35503080733;0;0
35503080735;0;0
35503080736;0;0
35503080737;0;0
35503080738;0;0
35503080739;0;0
35503080741;0;0
35503080742;0;0
35503080743;0;0
35503080744;0;0
35503080746;0;0
35503080747;0;0
35503080748;0;0
35503080749;0;0
35503080751;0;0
35503080752;0;0
35503080754;0;0
35503080756;0;0
35503080758;0;0
35503080759;0;0
35503080760;0;0
35503080762;0;0
35503080763;0;0
35503080764;0;0
35503080766;0;0
35503080770;0;0
35503080772;0;0
35503080773;0;0
35503080774;0;0
35503080777;0;0
35503080779;0;0
35503080780;0;0
35503080781;0;0
35503080782;0;0
35503080783;0;0
35503080786;0;0
35503080790;0;0
35503080791;0;0
35503080792;0;0
35503080794;0;0
35503080795;0;0
35503080796;0;0
35503080797;0;0
35503080798;0;0
35503080799;0;0
35503080800;0;0
35503080801;0;0
35503080802;0;0
35503080803;0;0
35503080804;0;0
35503080805;0;0
35503080806;0;0
35503080807;0;0
35503080808;0;0
35503080809;0;0
35503080810;0;0
35503080811;0;0
35503080812;0;0
35503080815;0;0
35503080816;0;0
35503080817;0;0
35503080819;0;0
35503080820;0;0
35503080821;0;0
35503080825;0;0
35503080828;0;0
35503080830;0;0
35503080832;0;0
35503080833;0;0
35503080841;0;0
35503080842;0;0
35503080843;0;0
35503080844;0;0
35503080845;0;0
35503080848;0;0
35503080849;0;0
35503080850;0;0
35503080851;0;0
35503080852;0;0
35503080854;0;0
35503080855;0;0
35503080857;0;0
35503080858;0;0
35503080860;0;0
35503080861;0;0
35503080862;0;0
35503080867;0;0
35503080869;0;0
35503080870;0;0
35503080871;0;0
35503080875;0;0
35503080876;0;0
35503080878;0;0
35503080879;0;0
35503080880;0;0
35503080885;0;0
35503080887;0;0
35503080888;0;0
35503080889;0;0
35503080891;1;1
35503080892;0;0
35503080894;0;0
35503080895;0;0
35503080896;0;0
35503080897;0;0
35503080898;0;0
35503080899;0;0
35503080902;0;0
35503080905;0;0
35503080907;0;0
35503080921;0;0
35503080922;0;0
35503080925;0;0
35503080926;0;0
35503080927;0;0
35503080928;0;0
35503080930;0;0
35503080931;0;0
35503080936;0;0
35503080937;0;0
35503080939;0;0
35503080940;0;0
35503080941;0;0
35503080944;0;0
35503080949;0;0
35503080950;0;0
35503080951;0;0
35503080955;0;0
35503080956;0;0
35503080959;0;0
35503080961;0;0
35503080964;0;0
35503080965;0;0
35503080966;0;0
35503080968;0;0
35503080969;0;0
35503080971;0;0
35503080972;0;0
35503080973;0;0
35503080974;0;0
35503080976;0;0
35503080977;0;0
35503080979;0;0
35503080980;0;0
35503080981;0;0
35503080982;0;0
35503080983;0;0
35503080985;0;0
35503080986;0;0
35503080987;0;0
35503080988;0;0
35503080989;0;0
35503080990;0;0
35503080991;0;0
35503080992;0;0
35503080993;0;0
35503080994;0;0
35503080995;0;0
35503080996;0;0
35503080997;0;0
35503080998;0;0
35503080999;0;0
35503081000;0;0
35503081002;0;0
35503081003;0;0
35503081004;0;0
35503081005;0;0
35503081006;0;0
35503081007;0;0
35503081008;0;0
35503081009;0;0
35503081011;0;0
35503081014;0;0
35503081016;0;0
35503081017;0;0
35503081018;0;0
35503081019;0;0
35503081020;0;0
35503081022;0;0
35503081023;0;0
35503081024;0;0
35503081025;0;0
35503081027;0;0
35503081028;0;0
35503081029;0;0
35503081031;0;0
35503081032;0;0
35503081035;0;0
35503081036;0;0
35503081038;0;0
35503081039;0;0
35503081041;0;0
35503081042;0;0
35503081045;0;0
35503081046;0;0
35503081048;0;0
35503081051;0;0
35503081052;0;0
35503081053;0;0
35503081054;0;0
35503081056;0;0
35503081057;0;0
35503081058;0;0
35503081059;0;0
35503081060;0;0
35503081062;0;0
35503081063;0;0
35503081064;0;0
35503081065;0;0
35503081066;0;0
35503081067;0;0
35503081068;0;0
35503081070;0;0
35503081071;0;0
35503081072;0;0
35503081073;0;0
35503081074;0;0
35503081075;0;0
35503081076;0;0
35503081077;0;0
35503081078;0;0
35503081079;0;0
35503081080;0;0
35503081081;0;0
35503081083;0;0
35503081084;0;0
35503081085;0;0
35503081086;0;0
35503081087;0;0
35503081088;0;0
35503081089;0;0
35503081090;0;0
35503081092;0;0
35503081093;0;0
35503081094;0;0
35503081095;0;0
35503081097;0;0
35503081100;0;0
35503081101;0;0
35503081102;0;0
35503081103;0;0
35503081104;0;0
35503081105;0;0
35503081106;0;0
35503081107;0;0
35503081108;0;0
35503081110;0;0
35503081111;0;0
35503081112;0;0
35503081113;0;0
35503081115;0;0
35503081116;0;0
35503081117;0;0
35503081118;0;0
35503081119;0;0
35503081120;0;0
35503081121;0;0
35503081122;0;0
35503081123;0;0
35503081127;0;0
35503081128;0;0
35503081129;0;0
35503081131;0;0
35503081132;0;0
35503081133;0;0
35503081136;0;0
35503081137;0;0
35503081139;0;0
35503081140;0;0
35503081142;0;0
35503081143;0;0
35503081144;0;0
35503081145;0;0
35503081146;0;0
35503081147;0;0
35503081148;0;0
35503081149;0;0
35503081150;0;0
35503081152;0;0
35503081153;0;0
35503081154;0;0
35503081155;0;0
35503081156;0;0
35503081157;0;0
35503081158;0;0
35503081159;0;0
35503081164;0;0
35503081165;0;0
35503081167;0;0
35503081168;0;0
35503081169;0;0
35503081170;0;0
35503081171;0;0
35503081172;0;0
35503081173;0;0
35503081174;0;0
35503081176;0;0
35503081177;0;0
35503081178;0;0
35503081180;0;0
35503081181;0;0
35503081182;0;0
35503081183;0;0
35503081184;0;0
35503081185;0;0
35503081187;0;0
35503081189;0;0
35503081190;0;0
35503081191;0;0
35503081192;0;0
35503081193;0;0
35503081194;0;0
35503081195;0;0
35503081196;0;0
35503081197;0;0
35503081198;0;0
35503081199;0;0
35503081200;0;0
35503081201;0;0
35503081202;0;0
35503081203;0;0
35503081204;0;0
35503081205;0;0
35503081206;0;0
35503081207;0;0
35503081208;0;0
35503081209;0;0
35503081210;0;0
35503081211;0;0
35503081212;0;0
35503081213;0;0
35503081214;0;0
35503081215;0;0
35503081216;0;0
35503081218;0;0
35503081219;0;0
35503081220;0;0
35503081221;0;0
35503081223;0;0
35503081224;0;0
35503081225;0;0
35503081226;0;0
35503081228;0;0
35503081229;0;0
35503081230;0;0
35503081231;0;0
35503081232;0;0
35503081233;0;0
35503081235;0;0
35503081236;0;0
35503081237;0;0
35503081238;0;0
35503081240;0;0
35503081241;0;0
35503081242;0;0
35503081243;0;0
35503081244;0;0
35503081245;0;0
35503081247;0;0
35503081248;0;0
35503081249;0;0
35503081250;0;0
35503081251;0;0
35503081253;0;0
35503081254;0;0
35503081255;0;0
35503081256;0;0
35503081257;0;0
35503081258;0;0
35503081259;0;0
35503081260;0;0
35503081262;0;0
35503081263;0;0
35503081264;0;0
35503081266;0;0
35503081267;0;0
35503081268;0;0
35503081269;0;0
35503081270;0;0
35503081271;0;0
35503081274;0;0
35503081275;0;0
35503081276;0;0
35503081278;0;0
35503081280;0;0
35503081282;0;0
35503081283;0;0
35503081284;0;0
35503081285;0;0
35503081286;0;0
35503081287;0;0
35503081288;0;0
35503081291;0;0
35503081292;0;0
35503081293;0;0
35503081294;0;0
35503081296;0;0
35503081297;0;0
35503081298;0;0
35503081300;0;0
35503081301;0;0
35503081302;0;0
35503081303;0;0
35503081305;0;0
35503081306;0;0
35503081307;0;0
35503081308;0;0
35503081310;0;0
35503081312;0;0
35503081315;0;0
35503081316;0;0
35503081317;0;0
35503081319;0;0
35503081322;0;0
35503081324;0;0
35503081325;0;0
35503081326;0;0
35503081327;0;0
35503081328;0;0
35503081329;0;0
35503081330;0;0
35503081331;0;0
35503081332;0;0
35503081336;0;0
35503081337;0;0
35503081339;0;0
35503081340;0;0
35503081341;0;0
35503081342;0;0
35503081343;0;0
35503081345;0;0
35503081346;0;0
35503081348;0;0
35503081349;0;0
35503081352;0;0
35503081353;0;0
35503081356;0;0
35503081357;0;0
35503081358;0;0
35503081361;0;0
35503081368;0;0
35503081371;0;0
35503081372;0;0
35503081373;0;0
35503081375;0;0
35503081379;0;0
35503081383;0;0
35503081384;0;0
35503081386;0;0
35503081388;0;0
35503081389;0;0
35503081390;0;0
35503081395;0;0
35503081397;0;0
35503081398;0;0
35503081399;0;0
35503081400;0;0
35503081401;0;0
35503081402;0;0
35503081403;0;0
35503081404;0;0
35503081407;0;0
35503081408;0;0
35503081409;0;0
35503081412;0;0
35503081414;0;0
35503081416;0;0
35503081417;0;0
35503081419;0;0
35503081425;0;0
35503081426;0;0
35503081427;0;0
35503081430;0;0
35503081433;0;0
35503081434;0;0
35503081443;0;0
35503081454;0;0
35503081458;0;0
35503081482;0;0
35503081483;0;0
35503081484;0;0
35503081492;0;0
35503081493;0;0
35503081495;0;0
35503081499;0;0
35503081500;0;0
35503081506;0;0
35503081507;0;0
35503081509;0;0
35503081511;0;0
35503081512;0;0
35503081513;0;0
35503081516;0;0
35503081517;0;0
35503081519;0;0
35503081520;0;0
35503081521;0;0
35503081522;0;0
35503081524;0;0
35503081526;0;0
35503081527;0;0
35503081528;0;0
35503081529;0;0
35503081531;0;0
35503081532;0;0
35503081534;0;0
35503081536;0;0
35503081537;0;0
35503081538;0;0
35503081539;0;0
35503081540;0;0
35503081542;0;0
35503081544;0;0
35503081546;0;0
35503081547;0;0
35503081548;0;0
35503081550;0;0
35503081551;0;0
35503081552;0;0
35503081554;0;0
35503081555;0;0
35503081556;0;0
35503081558;0;0
35503081561;0;0
35503081562;0;0
35503081564;0;0
35503081565;0;0
35503081566;0;0
35503081567;0;0
35503081568;0;0
35503081569;0;0
35503081570;0;0
35503081572;0;0
35503081573;0;0
35503081574;0;0
35503081575;0;0
35503081576;0;0
35503081577;0;0
35503081578;0;0
35503081579;0;0
35503081580;0;0
35503081582;0;0
35503081585;0;0
35503081586;0;0
35503081587;0;0
35503081593;0;0
35503081595;0;0
35503081596;0;0
35503081598;0;0
35503081601;0;0
35503081603;0;0
35503081608;0;0
35503081609;0;0
35503081613;0;0
35503081615;0;0
35503081616;0;0
35503081618;0;0
35503081619;0;0
35503081620;0;0
35503081626;0;0
35503081627;0;0
35503081628;0;0
35503081629;0;0
35503081630;0;0
35503081632;0;0
35503081634;0;0
35503081637;0;0
35503081638;0;0
35503081639;0;0
35503081641;0;0
35503081644;0;0
35503081646;0;0
35503081649;0;0
35503081650;0;0
35503081651;0;0
35503081652;0;0
35503081653;0;0
35503081654;0;0
35503081659;0;0
35503081660;0;0
35503081661;0;0
35503081666;0;0
35503081668;0;0
35503081669;0;0
35503081670;0;0
35503081671;0;0
35503081672;0;0
35503081676;0;0
35503081678;0;0
35503081680;0;0
35503081681;0;0
35503081682;0;0
35503081683;0;0
35503081684;0;0
35503081685;0;0
35503081686;0;0
35503081687;0;0
35503081688;0;0
35503081689;0;0
35503081691;0;0
35503081693;0;0
35503081694;0;0
35503081695;0;0
35503081696;0;0
35503081698;0;0
35503081701;0;0
35503081702;0;0
35503081703;0;0
35503081704;0;0
35503081705;0;0
35503081706;0;0
35503081707;0;0
35503081709;0;0
35503081717;0;0
35503081720;0;0
35503081721;0;0
35503081722;0;0
35503081723;0;0
35503081724;0;0
35503081726;0;0
35503081727;0;0
35503081728;0;0
35503081729;0;0
35503081730;0;0
35503081731;0;0
35503081733;0;0
35503081735;0;0
35503081738;0;0
35503081739;0;0
35503081741;0;0
35503081743;0;0
35503081744;0;0
35503081745;0;0
35503081746;0;0
35503081747;0;0
35503081748;0;0
35503081749;0;0
35503081750;0;0
35503081752;0;0
35503081753;0;0
35503081755;0;0
35503081756;0;0
35503081758;0;0
35503081759;0;0
35503081760;0;0
35503081761;0;0
35503081762;0;0
35503081763;0;0
35503081765;0;0
35503081766;0;0
35503081767;0;0
35503081768;0;0
35503081769;0;0
35503081771;0;0
35503081772;0;0
35503081773;0;0
35503081775;0;0
35503081776;0;0
35503081777;0;0
35503081785;0;0
35503081789;0;0
35503081790;0;0
35503081793;0;0
35503081795;0;0
35503081796;0;0
35503081797;0;0
35503081799;0;0
35503081802;0;0
35503081803;0;0
35503081809;0;0
35503081810;0;0
35503081811;0;0
35503081812;0;0
35503081813;0;0
35503081817;0;0
35503081819;0;0
35503081822;0;0
35503081826;0;0
35503081827;0;0
35503081828;0;0
35503081830;0;0
35503081831;0;0
35503081832;0;0
35503081833;0;0
35503081834;0;0
35503081836;0;0
35503081837;0;0
35503081838;0;0
35503081839;0;0
35503081840;0;0
35503081841;0;0
35503081845;0;0
35503081853;0;0
35503081856;0;0
35503081857;0;0
35503081858;0;0
35503081859;0;0
35503081860;0;0
35503081867;0;0
35503081869;0;0
35503081872;0;0
35503081875;0;0
35503081876;0;0
35503081878;0;0
35503081879;0;0
35503081881;0;0
35503081885;0;0
35503081886;0;0
35503081887;0;0
35503081890;0;0
35503081893;0;0
35503081894;0;0
35503081895;0;0
35503081897;0;0
35503081898;0;0
35503081899;0;0
35503081900;0;0
35503081902;0;0
35503081903;0;0
35503081907;0;0
35503081908;0;0
35503081910;0;0
35503081911;0;0
35503081914;0;0
35503081916;0;0
35503081922;0;0
35503081925;0;0
35503081928;0;0
35503081933;0;0
35503081934;0;0
35503081935;0;0
35503081936;0;0
35503081937;0;0
35503081940;0;0
35503081942;0;0
35503081944;0;0
35503081945;0;0
35503081949;0;0
35503081950;0;0
35503081951;0;0
35503081952;0;0
35503081959;0;0
35503081963;0;0
35503081964;0;0
35503081967;0;0
35503081968;0;0
35503081973;0;0
35503081974;0;0
35503081975;0;0
35503081976;0;0
35503081977;0;0
35503081981;0;0
35503081983;0;0
35503081984;0;0
35503081987;0;0
35503081988;0;0
35503081990;0;0
35503081992;0;0
35503081995;0;0
35503082000;0;0
35503082001;0;0
35503082002;0;0
35503082003;0;0
35503082006;0;0
35503082010;0;0
35503082012;0;0
35503082013;0;0
35503082015;0;0
35503082016;0;0
35503082025;0;0
35503082026;0;0
35503082029;0;0
35503082031;0;0
35503082035;0;0
35503082036;0;0
35503082037;0;0
35503082039;0;0
35503082040;0;0
35503082041;0;0
35503082042;0;0
35503082043;0;0
35503082044;0;0
35503082045;0;0
35503082046;0;0
35503082047;0;0
35503082048;0;0
35503082049;0;0
35503082050;0;0
35503082052;0;0
35503082053;0;0
35503082054;0;0
35503082055;0;0
35503082056;0;0
35503082057;0;0
35503082058;0;0
35503082059;0;0
35503082060;0;0
35503082061;0;0
35503082062;0;0
35503082063;0;0
35503082066;0;0
35503082067;0;0
35503082068;0;0
35503082069;0;0
35503082070;0;0
35503082071;0;0
35503082073;0;0
35503082074;0;0
35503082075;0;0
35503082076;0;0
35503082078;0;0
35503082079;0;0
35503082080;0;0
35503082081;0;0
35503082082;0;0
35503082084;0;0
35503082088;0;0
35503082090;0;0
35503082091;0;0
35503082092;0;0
35503082093;0;0
35503082094;0;0
35503082097;0;0
35503082098;0;0
35503082101;0;0
35503082102;0;0
35503082103;0;0
35503082104;0;0
35503082105;0;0
35503082106;0;0
35503082107;0;0
35503082108;0;0
35503082109;0;0
35503082110;0;0
35503082111;0;0
35503082112;0;0
35503082113;0;0
35503082114;0;0
35503082115;0;0
35503082116;0;0
35503082117;0;0
35503082119;0;0
35503082120;0;0
35503082121;0;0
35503082122;0;0
35503082123;0;0
35503082124;0;0
35503082125;0;0
35503082126;0;0
35503082127;0;0
35503082128;0;0
35503082129;0;0
35503082130;0;0
35503082131;0;0
35503082132;0;0
35503082133;0;0
35503082134;0;0
35503082135;0;0
35503082136;0;0
35503082137;0;0
35503082138;0;0
35503082139;0;0
35503082140;0;0
35503082141;0;0
35503082142;0;0
35503082143;0;0
35503082145;0;0
35503082146;0;0
35503082147;0;0
35503082148;0;0
35503082149;0;0
35503082150;0;0
35503082151;0;0
35503082152;0;0
35503082155;0;0
35503082157;0;0
35503082159;0;0
35503082160;0;0
35503082161;0;0
35503082162;0;0
35503082163;0;0
35503082165;0;0
35503082166;0;0
35503082167;0;0
35503082168;0;0
35503082169;0;0
35503082170;0;0
35503082171;0;0
35503082174;0;0
35503082175;0;0
35503082176;0;0
35503082177;0;0
35503082178;0;0
35503082179;0;0
35503082180;0;0
35503082181;0;0
35503082182;0;0
35503082183;0;0
35503082184;0;0
35503082185;0;0
35503082186;0;0
35503082187;0;0
35503082188;0;0
35503082189;0;0
35503082190;0;0
35503082191;0;0
35503082192;0;0
35503082193;0;0
35503082194;0;0
35503082195;0;0
35503082196;0;0
35503082197;0;0
35503082198;0;0
35503082201;0;0
35503082204;0;0
35503082205;0;0
35503082207;0;0
35503082208;0;0
35503082209;0;0
35503082210;0;0
35503082211;0;0
35503082212;0;0
35503082213;0;0
35503082214;0;0
35503082215;0;0
35503082216;0;0
35503082217;0;0
35503082218;0;0
35503082219;0;0
35503082220;0;0
35503082221;0;0
35503082222;0;0
35503082223;0;0
35503082224;0;0
35503082225;0;0
35503082226;0;0
35503082227;0;0
35503082228;0;0
35503082229;0;0
35503082230;0;0
35503082231;0;0
35503082232;0;0
35503082233;0;0
35503082234;0;0
35503082235;0;0
35503082236;0;0
35503082237;0;0
35503082238;0;0
35503082242;0;0
35503082243;0;0
35504070002;1;1
35506050001;0;0
35506050002;0;0
35506050004;0;0
35506050005;0;0
35506050006;0;0
35506050007;0;0
35506050008;0;0
35507040003;0;0
35507040004;0;0
35507040005;0;0
35507040006;0;0
35507040008;0;0
35507040009;0;0
35507040010;0;0
35507040011;0;0
35507040023;0;0
35507040024;0;0
35507040025;0;0
35507040037;0;0
35507040038;0;0
35507040039;0;0
35507040040;0;0
35507040041;0;0
35507040042;0;0
35507040043;0;0
35507040044;0;0
35507040046;0;0
35507040047;0;0
35507040048;0;0
35507040049;0;0
35510090001;0;0
35510090002;0;0
35510090004;0;0
35510090006;0;0
35510090007;0;0
35510090008;0;0
35510090009;0;0
35510090011;0;0
35510090012;0;0
35510090014;0;0
35510090018;0;0
35510090019;0;0
35510090020;0;0
35510090021;0;0
35510090022;0;0
35510090023;0;0
35510090024;0;0
35510090025;0;0
35510090026;0;0
35510090027;0;0
35510090028;0;0
35510090029;0;0
35510090030;0;0
35510090031;0;0
35510090033;0;0
35510090034;0;0
35510090035;0;0
35510090037;0;0
35510090038;0;0
35510090039;0;0
35510090040;0;0
35510090041;0;0
35510090042;0;0
35510090044;0;0
35510090046;0;0
35510090047;0;0
35510090048;0;0
35510090049;0;0
35522050003;0;0
35522050004;0;0
35522050006;0;0
35522050007;0;0
35522050008;1;1
35522050009;0;0
35522050011;0;0
35522050012;0;0
35522050013;0;0
35522050014;0;0
35522050015;0;0
35522050016;0;0
35522050018;0;0
35522050019;1;1
35522050024;1;1
35522050025;0;0
35522050026;0;0
35522050027;1;1
35522050028;0;0
35522050030;0;0
35522050032;0;0
35522050033;0;0
35524030004;1;1
35524030013;0;0
35524030014;0;0
35524030015;0;0
35524030016;0;0
35524030017;1;1
35524030019;1;1
35524030021;1;1
35524030022;0;0
35524030023;0;0
35524030024;1;1
35524030026;0;0
35524030032;0;0
35525020001;0;0
35525020006;0;0
35525020008;0;0
35525020010;0;0
35525020014;0;0
35525020017;0;0
35525020021;0;0
35525020022;0;0
35525020023;0;0
35525020024;0;0
35525020025;0;0
35525020026;0;0
35525020027;0;0
35525020028;0;0
35525020029;0;0
35525020030;0;0
35525020031;0;0
35525020033;0;0
35525020034;0;0
35525020035;0;0
35525020036;0;0
35527000001;0;0
35528090002;0;0
35528090003;0;0
35528090004;0;0
35528090005;0;0
35528090011;0;0
35528090013;0;0
35528090014;0;0
35528090016;0;0
35528090017;0;0
35528090019;0;0
35528090021;0;0
35528090022;0;0
35528090023;0;0
35528090024;0;0
35528090025;0;0
35528090029;0;0
35528090030;0;0
35528090031;0;0
35528090032;0;0
35528090033;0;0
35528090035;0;0
35528090036;0;0
35528090037;0;0
35528090038;0;0
35528090039;0;0
35528090040;0;0
35528090042;0;0
35528090043;0;0
35528090044;0;0
35548050001;0;0
35548050003;0;0
35548050004;0;0
35548050005;0;0
35548050008;0;0
35548050016;0;0
35554060001;0;0
35554060002;0;0
35554060003;0;0
35554060005;0;0
35554060006;0;0
35554060007;0;0
35554060008;0;0
35554060010;0;0
35554060011;0;0
35554060012;0;0
35554060013;0;0
35554060014;0;0
35554060016;0;0
35554060018;0;0
35554060019;0;0
35554060020;0;0
35554060021;0;0
35554060022;0;0
35565030002;0;0
35565030004;0;0
35565030005;0;0
35570060003;0;0
35570060005;0;0
35570060006;0;0
35570060007;0;0
35570060009;0;0
35570060010;0;0
35570060014;0;0
35570060018;0;0
35570060019;0;0
41004000005;1;1
41004000006;1;1
41004000007;1;1
41004000009;0;0
41004000010;0;0
41004000012;0;0
41004000013;1;1
41004000015;0;0
41004000016;1;1
41004000017;1;1
41004000019;0;0
41004000020;0;0
41004000021;1;1
41004000022;0;0
41004000023;1;1
41004000028;0;0
41004000029;0;0
41004000031;0;0
41004000035;0;0
41004000036;0;0
41004000037;0;0
41004000038;0;0
41004000041;0;0
41004000042;0;0
41004000043;0;0
41004000044;0;0
41004000046;0;0
41004000047;0;0
41004000048;1;1
41004000052;0;0
41004000053;0;0
41004000054;0;0
41004000056;0;0
41004000057;1;1
41004000058;1;1
41004000059;0;0
41004000061;0;0
41004000062;1;1
41004000063;0;0
41004000064;0;0
41004000065;0;0
41004000066;1;1
41004000067;0;0
41004000068;1;1
41004000069;0;0
41014080002;0;0
41018040010;0;0
41018040019;0;0
41018040020;0;0
41018040021;0;0
41018040024;0;0
41018040025;0;0
41018040026;0;0
41018040027;0;0
41018040028;0;0
41018040031;0;0
41018040032;0;0
41018040033;0;0
41018040034;0;0
41018040035;1;1
41018040036;0;0
41018040038;0;0
41018040039;0;0
41018040040;0;0
41018040042;0;0
41018040043;0;0
41018040045;0;0
41031070001;0;0
41031070002;1;1
41031070003;0;0
41031070004;0;0
41031070006;0;0
41031070007;0;0
41031070008;0;0
41031070009;0;0
41037010006;0;0
41040060001;0;0
41040060004;0;0
41040060009;0;0
41040060010;0;0
41040060011;0;0
41040060012;0;0
41040060013;0;0
41040060014;0;0
41040060015;0;0
41042040004;1;1
41042040005;1;1
41042040007;1;1
41042040009;0;0
41042040010;0;0
41042040011;0;0
41042040012;0;0
41042040014;0;0
41042040020;0;0
41042040023;1;1
41042040026;0;0
41042040027;0;0
41042040028;0;0
41042040029;1;1
41042040030;0;0
41042040034;0;0
41042040036;0;0
41042040037;0;0
41042040041;0;0
41042040042;0;0
41042040043;1;1
41042040046;0;0
41042040047;1;1
41042040048;0;0
41042040049;1;1
41042040052;0;0
41042530007;0;0
41042530008;0;0
41042530011;0;0
41042530012;0;0
41042530013;1;1
41042530014;1;1
41042530015;0;0
41042530016;0;0
41042530018;0;0
41042530019;0;0
41042530021;0;0
41042530023;0;0
41042530024;0;0
41044280001;0;0
41044280002;0;0
41048080003;0;0
41048080004;0;0
41048080006;0;0
41048080009;0;0
41048080012;0;0
41048080013;0;0
41048080014;0;0
41048080016;0;0
41048080018;0;0
41048080020;0;0
41048080021;0;0
41049070006;0;0
41049070007;0;0
41049070008;0;0
41049070009;0;0
41049070010;0;0
41049070011;0;0
41049070012;0;0
41049070014;0;0
41049070016;0;0
41049070017;0;0
41049070018;0;0
41058050002;0;0
41058050003;0;0
41058050004;0;0
41058050005;1;1
41058050007;0;0
41058050008;0;0
41058050011;0;0
41058050012;0;0
41058050013;0;0
41058050015;0;0
41058050017;0;0
41058050031;0;0
41058050037;0;0
41058050039;0;0
41058050040;0;0
41058050044;1;1
41058050045;0;0
41058050046;0;0
41058050047;1;1
41058050048;0;0
41058050049;0;0
41058050050;0;0
41058050051;0;0
41062090001;0;0
41062090006;0;0
41062090007;0;0
41069020003;0;0
41069020012;0;0
41069020016;0;0
41069020057;0;0
41069020099;0;0
41069020147;0;0
41069020152;0;0
41069020168;0;0
41069020172;0;0
41069020201;0;0
41069020212;0;0
41069020217;0;0
41069020236;0;0
41069020261;0;0
41069020262;0;0
41069020263;0;0
41069020264;0;0
41069020265;0;0
41069020266;0;0
41069020268;0;0
41069020270;0;0
41069020271;0;0
41069020273;0;0
41069020274;0;0
41069020277;0;0
41069020281;0;0
41069020295;0;0
41069020296;0;0
41069020297;0;0
41069020298;0;0
41069020299;0;0
41069020301;0;0
41069020302;0;0
41069020304;0;0
41069020306;0;0
41069020307;0;0
41069020308;0;0
41069020309;0;0
41069020310;0;0
41069020313;0;0
41069020314;0;0
41069020315;0;0
41069020316;0;0
41069020317;0;0
41069020318;0;0
41069020319;0;0
41069020320;0;0
41069020324;0;0
41069020325;0;0
41069020326;0;0
41069020328;0;0
41069020331;0;0
41069020333;0;0
41069020336;0;0
41069020340;0;0
41069020343;0;0
41069020344;0;0
41069020345;0;0
41069020346;0;0
41069020347;0;0
41069020349;0;0
41069020356;0;0
41069020357;0;0
41069020359;0;0
41069020360;0;0
41069020361;0;0
41069020363;0;0
41069020364;0;0
41069020365;0;0
41069020367;0;0
41069020369;0;0
41069020373;0;0
41069020374;0;0
41069020375;0;0
41069020377;0;0
41069020379;0;0
41069020382;0;0
41069020386;0;0
41069020387;1;1
41069020388;0;0
41069020390;0;0
41069020392;0;0
41069020394;0;0
41069020396;0;0
41069020398;0;0
41069020400;0;0
41069020401;0;0
41069020402;0;0
41069020407;0;0
41069020410;0;0
41069020411;0;0
41069020415;0;0
41069020420;0;0
41069020423;0;0
41069020424;0;0
41069020425;0;0
41069020427;0;0
41069020430;0;0
41069020431;0;0
41069020432;0;0
41069020433;0;0
41069020434;0;0
41069020439;0;0
41069020440;0;0
41069020442;0;0
41069020444;0;0
41069020448;0;0
41069020449;0;0
41069020450;0;0
41069020451;0;0
41069020452;0;0
41069020453;0;0
41069020454;0;0
41069020458;0;0
41069020459;0;0
41069020460;0;0
41069020461;0;0
41069020462;0;0
41069020463;0;0
41069020464;0;0
41069020466;0;0
41069020467;0;0
41069020468;0;0
41069020469;0;0
41069020470;0;0
41069020472;0;0
41069020475;0;0
41069020476;0;0
41069020477;0;0
41069020478;0;0
41069020479;0;0
41069020480;0;0
41069020481;0;0
41069020482;0;0
41069020483;0;0
41069020484;0;0
41069020485;0;0
41069020487;0;0
41069020488;0;0
41069020489;0;0
41069020490;0;0
41069020492;0;0
41069020493;0;0
41069020494;0;0
41069020496;0;0
41069020497;0;0
41069020498;0;0
41069020499;0;0
41069020500;0;0
41069020501;1;1
41069020502;0;0
41069020504;0;0
41069020505;0;0
41069020508;0;0
41069020510;0;0
41069020512;0;0
41069020513;0;0
41069020514;0;0
41069020515;0;0
41069020516;0;0
41069020518;0;0
41069020519;0;0
41069020520;0;0
41069020521;0;0
41069020523;0;0
41069020526;0;0
41076520002;0;0
41076520004;0;0
41076520005;0;0
41076520006;0;0
41076520007;0;0
41076520008;0;0
41083040001;0;0
41083040002;1;1
41083040003;0;0
41083040004;1;1
41083040005;1;1
41083040007;1;1
41083040010;0;0
41083040011;1;1
41083040012;0;0
41083040013;1;1
41083040014;0;0
41083040015;0;0
41083040016;0;0
41083040017;0;0
41083040018;0;0
41083040020;0;0
41083040022;0;0
41083040023;0;0
41083040024;0;0
41083040025;0;0
41083040026;0;0
41083040027;0;0
41083040028;0;0
41083040029;0;0
41083040030;0;0
41083040031;1;1
41083040032;0;0
41083040033;0;0
41083040034;0;0
41083040035;0;0
41083040036;0;0
41083040037;0;0
41083040038;0;0
41084030002;0;0
41084030006;0;0
41084030008;0;0
41084030009;0;0
41084030011;0;0
41084030012;0;0
41094010003;0;0
41094010005;0;0
41094010006;0;0
41094010008;0;0
41094010009;0;0
41094010011;0;0
41094010012;0;0
41102010001;0;0
41107060001;0;0
41107060002;0;0
41107060003;0;0
41112580001;0;0
41112580002;0;0
41112580004;0;0
41112580005;0;0
41112580006;0;0
41112580008;0;0
41112580009;0;0
41112580012;0;0
41127020001;0;0
41127020002;0;0
41137000017;0;0
41137000019;0;0
41137000020;0;0
41137000021;0;0
41137000022;0;0
41137000026;0;0
41137000028;0;0
41137000033;0;0
41137000034;0;0
41137000035;0;0
41137000037;0;0
41137000038;0;0
41137000041;0;0
41137000042;0;0
41137000045;0;0
41137000046;0;0
41137000048;0;0
41143020002;0;0
41143020004;0;0
41143020005;0;0
41143020006;0;0
41143020007;0;0
41157050002;0;0
41157050007;0;0
41157050009;0;0
41157050010;0;0
41182040001;0;0
41182040002;0;0
41182040003;0;0
41182040005;0;0
41182040006;0;0
41182040007;0;0
41182040008;0;0
41182040009;0;0
41182040010;0;0
41182040011;0;0
41182040012;0;0
41182040013;0;0
41182040014;0;0
41182040015;0;0
41182040016;0;0
41182040017;0;0
41182040018;0;0
41182040019;0;0
41182040020;0;0
41182040021;0;0
41182040022;0;0
41182040023;0;0
41182040024;0;0
41182040025;0;0
41182040026;0;0
41182040027;0;0
41182040028;0;0
41182040030;0;0
41182040031;0;0
41182040032;0;0
41182040033;0;0
41182040034;0;0
41182040035;0;0
41182040036;0;0
41182040037;0;0
41182040038;0;0
41182040039;0;0
41182040040;0;0
41182040042;0;0
41182040043;0;0
41182040044;0;0
41182040045;0;0
41185010001;0;0
41191520001;0;0
41191520002;0;0
41191520003;0;0
41191520004;1;1
41193010001;0;0
41193010002;0;0
41195090001;1;1
41195090002;1;1
41195090003;0;0
41195090005;0;0
41195090006;0;0
41195090007;0;0
41195090008;0;0
41195090009;1;1
41195090010;0;0
41195090011;0;0
41195090012;0;0
41195090013;1;1
41195090014;1;1
41195090015;0;0
41195090017;1;1
41195090018;0;0
41199050001;0;0
41199050002;0;0
41199050004;0;0
41199050007;0;0
41199050008;0;0
41199050009;0;0
41199050011;0;0
41199050012;0;0
41199050013;0;0
41199050015;0;0
41199050016;0;0
41199050017;0;0
41199050018;0;0
41199050019;0;0
41199050022;0;0
41199050023;0;0
41199050024;0;0
41199050025;0;0
41199050027;0;0
41199050030;0;0
41199050031;0;0
41199050033;0;0
41199050035;0;0
41199050036;0;0
41199050037;0;0
41199050038;0;0
41199050039;0;0
41199050040;0;0
41199050041;0;0
41199050043;0;0
41199050046;0;0
41199050047;0;0
41199050048;0;0
41199050050;0;0
41199050051;0;0
41199050052;0;0
41199050053;0;0
41199050057;0;0
41199050058;0;0
41199050059;0;0
41199050060;0;0
41199050061;0;0
41199050062;0;0
41199050063;0;0
41199050064;0;0
41199050065;0;0
41199050066;0;0
41199050070;0;0
41199050071;0;0
41199050072;0;0
41199050073;0;0
41199050076;0;0
41199050077;0;0
41199050078;0;0
41199050079;0;0
41199050080;0;0
41199050082;0;0
41199050083;0;0
41199050084;0;0
41199050085;0;0
41199050086;0;0
41199050087;0;0
41199050088;0;0
41199050089;0;0
41199540001;0;0
41199540002;0;0
41199540003;0;0
41208040001;0;0
41208040002;0;0
41208040003;0;0
41208040004;0;0
41222060003;0;0
41222060004;0;0
41222060006;0;0
41222060007;1;1
41222060008;0;0
41222060009;1;1
41222060010;0;0
41222060011;1;1
41222060013;0;0
41222060014;0;0
41222060015;1;1
41222060016;0;0
41222060017;0;0
41222060019;1;1
41222060020;1;1
41222060021;1;1
41224040001;0;0
41255060002;0;0
41255060004;0;0
41255060006;0;0
41255060007;0;0
41255060009;0;0
41255060010;0;0
41255060011;0;0
41255060014;0;0
41255060018;0;0
41255060020;0;0
41255060022;0;0
41255060023;0;0
41255060024;0;0
41255060026;0;0
41255060028;0;0
41255060029;1;1
41255060030;0;0
41255060031;0;0
41255060032;0;0
41255060033;0;0
41255060034;0;0
41255060035;0;0
41255060039;0;0
41255060041;0;0
41255060042;0;0
41255060043;0;0
41255060044;0;0
41255060047;0;0
41255060050;0;0
41255060051;0;0
41255060053;0;0
41255060054;0;0
41255060056;0;0
41255060058;0;0
41255060059;0;0
41255060060;0;0
41255060063;0;0
41271060005;0;0
41271060007;0;0
41271060008;0;0
41271060009;0;0
41271060011;0;0
41271060013;0;0
41271060014;0;0
41271060018;0;0
41271060019;0;0
41279650001;0;0
41281040005;0;0
41282030001;0;0
41282030002;0;0
41287080001;0;0
42013070001;0;0
42020080001;0;0
42020080002;1;1
42023050001;1;1
42023050002;0;0
42023050003;0;0
42023050004;1;1
42023050006;0;0
42024040001;0;0
42024040002;0;0
42024040003;0;0
42024040004;0;0
42024040005;0;0
42024040006;0;0
42024040007;0;0
42024040008;0;0
42024040009;0;0
42024040010;0;0
42024040011;0;0
42024040014;0;0
42024040015;0;0
42024040016;0;0
42024040018;0;0
42024040019;0;0
42024040020;0;0
42024040022;0;0
42024040024;0;0
42024040025;0;0
42024040028;0;0
42024040036;0;0
42024040049;0;0
42024040050;0;0
42024040051;0;0
42024040052;0;0
42024040053;0;0
42024040054;0;0
42024040055;0;0
42024040056;0;0
42024040057;0;0
42024040058;0;0
42024040059;0;0
42024040060;0;0
42024040061;0;0
42024040071;0;0
42024040076;0;0
42028000001;0;0
42032040001;0;0
42042020001;0;0
42042020002;0;0
42042020003;0;0
42042020004;0;0
42042020006;0;0
42042020008;0;0
42042020009;0;0
42044000002;0;0
42050010003;0;0
42050010004;0;0
42050010005;0;0
42054070036;1;1
42054070037;0;0
42054070038;0;0
42054070039;0;0
42054070040;0;0
42054070041;0;0
42054070042;0;0
42054070043;0;0
42054070044;0;0
42054070045;0;0
42054070046;0;0
42054070047;0;0
42054070048;0;0
42054070049;0;0
42054070050;0;0
42054070051;0;0
42054070052;0;0
42054070053;0;0
42054070054;0;0
42054070055;0;0
42054070056;0;0
42054070057;1;1
42054070058;0;0
42054070059;0;0
42054070060;0;0
42054070061;0;0
42054070063;0;0
42054070064;0;0
42054070065;0;0
42054070066;0;0
42054070067;0;0
42054070068;0;0
42054070069;0;0
42054070070;0;0
42054070071;0;0
42054070072;0;0
42054070073;0;0
42054070074;0;0
42054070075;0;0
42054070078;0;0
42054070079;0;0
42054070080;0;0
42054070081;0;0
42054070082;0;0
42054070084;0;0
42059020002;0;0
42059020003;0;0
42059020006;0;0
42067020001;1;1
42071060001;0;0
42082030001;1;1
42082030002;0;0
42082030003;0;0
42082030005;1;1
42082030006;0;0
42082030008;1;1
42091020001;1;1
42091020003;1;1
42091020007;0;0
42091020010;1;1
42091020012;1;1
42091020016;1;1
42091020017;0;0
42093000009;0;0
42093000010;0;0
42093000011;1;1
42093000013;1;1
42093000015;1;1
42093000016;0;0
42093000018;0;0
42093000019;0;0
42094090001;0;0
42094090002;0;0
42094090003;0;0
42094090004;0;0
42094090005;0;0
42113060001;0;0
42113060002;0;0
42113060004;0;0
42113060005;0;0
42119000001;1;1
42119000003;0;0
42119000004;0;0
42128090001;0;0
42166020002;0;0
42166020003;1;1
42166020004;1;1
42166020006;0;0
42166020007;0;0
42166020008;1;1
42166020009;0;0
42166020010;0;0
42166020011;0;0
42166020014;0;0
42172040002;1;1
42187070001;0;0
42187070002;0;0
42187070003;1;1
42187070004;0;0
42187070005;0;0
42187070006;1;1
42187070007;0;0
42188060001;0;0
43004060002;0;0
43004060003;1;1
43004060005;0;0
43006040010;1;1
43006040012;0;0
43006040014;1;1
43006040016;0;0
43006040018;1;1
43006040019;0;0
43006040022;1;1
43006040024;0;0
43006040030;1;1
43006040031;1;1
43010570001;0;0
43010570002;0;0
43016020001;0;0
43016020002;0;0
43016020003;0;0
43016020004;0;0
43016020005;0;0
43016020007;0;0
43021050002;0;0
43021050004;0;0
43021050005;1;1
43021050007;0;0
43021050008;1;1
43021050009;0;0
43021050010;0;0
43021050021;0;0
43030040004;1;1
43031030005;0;0
43031030006;1;1
43031030008;0;0
43031030011;0;0
43035090001;0;0
43039050001;0;0
43039050002;0;0
43039050004;1;1
43039050006;0;0
43039050007;0;0
43043580004;0;0
43044080001;0;0
43044080002;0;0
43044080004;0;0
43045070001;0;0
43045070002;1;1
43046060016;0;0
43046060019;0;0
43046060020;0;0
43046060021;0;0
43046060022;0;0
43046060026;0;0
43046060032;0;0
43046060036;0;0
43046060037;0;0
43046060039;0;0
43046300001;0;0
43046300002;0;0
43046300003;0;0
43046300004;0;0
43046300005;0;0
43046630001;0;0
43046630002;0;0
43046630003;0;0
43047050001;0;0
43047050002;0;0
43047050004;0;0
43047050005;0;0
43047050006;0;0
43051080031;0;0
43051080032;0;0
43051080034;0;0
43051080035;0;0
43051080036;0;0
43051080037;0;0
43051080039;0;0
43051080040;0;0
43051080042;1;1
43051080043;0;0
43051080044;1;1
43051080045;0;0
43051080047;0;0
43051080048;0;0
43051080049;0;0
43051080050;1;1
43051080051;0;0
43051080052;0;0
43051080053;0;0
43051080054;0;0
43051080055;0;0
43051080057;0;0
43051080058;1;1
43051080059;0;0
43051080060;0;0
43051080064;0;0
43051080073;0;0
43051080074;0;0
43060560001;0;0
43067670001;1;1
43067670002;1;1
43067670004;0;0
43067670005;1;1
43067670008;1;1
43067670011;1;1
43067670012;1;1
43067670013;1;1
43070050003;0;0
43070050006;0;0
43070050007;0;0
43076090002;0;0
43076090005;0;0
43077080004;1;1
43077080005;1;1
43077080006;0;0
43079060001;0;0
43079060002;0;0
43079060003;1;1
43079060006;0;0
43092090005;0;0
43092090018;0;0
43092090022;0;0
43092090024;0;0
43092090025;0;0
43092090026;0;0
43092090029;0;0
43092090030;0;0
43093080001;0;0
43093080004;0;0
43093080005;1;1
43093080006;1;1
43093080008;0;0
43093080012;0;0
43093080014;0;0
43093080016;0;0
43093080017;0;0
43093080019;0;0
43093080020;0;0
43093080021;0;0
43093080022;0;0
43093080023;0;0
43093080028;0;0
43093080029;0;0
43093080030;0;0
43101080001;1;1
43103300001;0;0
43124010001;0;0
43124010007;0;0
43124010009;1;1
43130600001;1;1
43130600004;1;1
43134090006;0;0
43134090019;1;1
43134090026;1;1
43134090033;0;0
43134090034;0;0
43134090035;0;0
43134090039;0;0
43134090041;1;1
43134090042;1;1
43134090044;1;1
43134090046;1;1
43134090047;1;1
43134090048;1;1
43134090049;0;0
43134090050;1;1
43134090051;1;1
43134090052;1;1
43134090053;0;0
43134090054;1;1
43134090055;0;0
43134090057;1;1
43134090058;1;1
43134090059;0;0
43134090060;1;1
43134090063;0;0
43134090068;0;0
43134090070;1;1
43134090072;0;0
43134090073;0;0
43134090074;0;0
43134090075;1;1
43134090076;0;0
43134090077;0;0
43134090078;1;1
43134090080;0;0
43134090081;0;0
43134090082;0;0
43134090083;1;1
43134090084;1;1
43134090085;1;1
43134090086;1;1
43134090087;0;0
43134090088;1;1
43134090089;1;1
43134090090;1;1
43134090091;0;0
43134090092;0;0
43134090093;0;0
43134090094;1;1
43134090095;1;1
43134090096;0;0
43134090097;0;0
43134090098;0;0
43134090099;0;0
43135080002;0;0
43136560001;0;0
43136560002;0;0
43140500004;0;0
43140500005;0;0
43140500006;1;1
43140500007;1;1
43140500009;0;0
43141000002;0;0
43141000003;0;0
43141000004;0;0
43141000007;0;0
43141000008;0;0
43141000009;0;0
43141000011;0;0
43141000012;0;0
43141000013;0;0
43144070003;0;0
43144070011;1;1
43144070013;1;1
43144070015;0;0
43144070016;0;0
43144070018;0;0
43144070021;0;0
43144070022;1;1
43144070023;0;0
43144070024;0;0
43144070025;0;0
43144070030;0;0
43144070031;1;1
43144070032;0;0
43144070034;1;1
43144070036;0;0
43144070039;0;0
43144070042;1;1
43144070045;0;0
43144070046;1;1
43144070048;0;0
43144070049;0;0
43144070051;0;0
43144070052;0;0
43144070053;1;1
43144070054;0;0
43144070056;1;1
43144070057;0;0
43144070061;0;0
43144070067;0;0
43144070068;0;0
43144070069;0;0
43144070070;0;0
43144070071;0;0
43144070072;1;1
43144070073;0;0
43148030001;1;1
43148030003;0;0
43148030007;0;0
43149020004;0;0
43149020009;0;0
43149020015;0;0
43149020018;0;0
43149020019;0;0
43149020021;1;1
43149020026;1;1
43149020029;0;0
43149020031;0;0
43149020042;1;1
43149020043;1;1
43149020052;0;0
43149020057;1;1
43149020064;0;0
43149020071;0;0
43149020072;0;0
43149020084;1;1
43149020086;0;0
43149020100;0;0
43149020107;0;0
43149020118;1;1
43149020125;0;0
43149020126;1;1
43149020131;1;1
43149020135;1;1
43149020141;0;0
43149020146;0;0
43149020151;1;1
43149020158;0;0
43149020159;0;0
43149020162;1;1
43149020167;1;1
43149020168;0;0
43149020169;1;1
43149020170;1;1
43149020172;1;1
43149020173;0;0
43149020174;1;1
43149020177;1;1
43149020179;0;0
43149020181;1;1
43149020182;0;0
43149020184;1;1
43149020185;1;1
43149020186;0;0
43149020187;1;1
43149020190;0;0
43149020191;0;0
43149020193;0;0
43149020195;0;0
43149020196;1;1
43149020197;0;0
43149020198;1;1
43149020199;0;0
43149020200;1;1
43149020201;0;0
43149020202;0;0
43149020203;0;0
43149020204;0;0
43149020205;0;0
43149020206;0;0
43149020207;0;0
43149020208;1;1
43149020209;0;0
43149020210;0;0
43149020212;1;1
43149020213;0;0
43149020215;1;1
43149020216;0;0
43149020217;1;1
43149020218;1;1
43149020219;1;1
43149020220;0;0
43149020221;1;1
43149020222;1;1
43149020223;0;0
43149020224;1;1
43149020225;0;0
43149020226;0;0
43149020227;1;1
43149020228;0;0
43149020229;0;0
43149020230;0;0
43149020231;0;0
43149020232;0;0
43149020233;0;0
43149020234;1;1
43149020237;0;0
43149020238;1;1
43149020243;1;1
43149020244;1;1
43149020246;0;0
43149020247;1;1
43149020248;0;0
43149020249;0;0
43149020250;0;0
43149020251;0;0
43149020252;0;0
43149020253;0;0
43149020255;0;0
43149020257;0;0
43149020258;0;0
43149020259;1;1
43149020261;0;0
43149020262;0;0
43149020263;0;0
43149020264;0;0
43149020266;0;0
43149020267;0;0
43149020269;0;0
43149020270;0;0
43149020271;0;0
43149020272;0;0
43149020273;0;0
43149020274;0;0
43149020275;0;0
43149020276;0;0
43149020277;1;1
43149020278;0;0
43149020279;0;0
43149020281;0;0
43149020282;0;0
43149020283;0;0
43149020284;0;0
43149020287;0;0
43156020001;0;0
43156020002;1;1
43156020003;0;0
43156020004;1;1
43156020007;1;1
43156020008;0;0
43169070001;0;0
43169070003;1;1
43169070004;1;1
43169070005;0;0
43169070007;0;0
43169070011;1;1
43169070016;0;0
43169070017;0;0
43172020002;0;0
43176080001;0;0
43176080003;1;1
43176080004;0;0
43176080005;0;0
43176080006;0;0
43180020001;1;1
43187050029;0;0
43187050031;1;1
43187050032;0;0
43187050035;0;0
43187050036;1;1
43187050038;0;0
43187050039;1;1
43187050040;0;0
43187050041;0;0
43187050042;1;1
43187050043;0;0
43187050046;0;0
43187050047;1;1
43187050048;0;0
43187050049;0;0
43187050050;1;1
43187050052;1;1
43187050057;0;0
43187050058;0;0
43187050059;0;0
43187050060;0;0
43187050061;0;0
43187050062;0;0
43199010005;0;0
43199010006;0;0
43199010007;0;0
43199010010;0;0
43199010011;0;0
43199010012;0;0
43199010014;0;0
43199010015;0;0
43199010016;0;0
43199010019;0;0
43200080003;0;0
43200080011;1;1
43200080015;0;0
43211050001;0;0
43211050002;0;0
43212040005;0;0
43212040008;0;0
43212040010;0;0
43212040011;1;1
43212040012;0;0
43215010004;0;0
43216000001;0;0
43216000002;0;0
43216000004;0;0
43216000006;0;0
43217090002;1;1
43224000001;0;0
43224000002;1;1
43224000004;1;1
43224000005;0;0
43224000006;0;0
43224000008;1;1
43224000011;0;0
43224000013;0;0
43224000015;0;0
43224000016;0;0
43224000017;0;0
43224000018;0;0
43224000020;0;0
43224000021;0;0
43224000022;1;1
43224000023;0;0
43224000024;1;1
43230020002;0;0
43230020004;1;1
43230020011;1;1
43230020029;0;0
43230020042;0;0
43230020043;0;0
43230020054;0;0
43230020055;0;0
43238040001;0;0
50011020001;0;0
50011020002;0;0
50027040087;0;0
50027040089;0;0
50027040091;0;0
50027040092;0;0
50027040093;0;0
50027040094;0;0
50027040095;0;0
50027040096;0;0
50027040100;0;0
50027040105;0;0
50027040107;0;0
50027040108;0;0
50027040109;0;0
50027040113;0;0
50027040123;0;0
50027040124;0;0
50032070009;0;0
50032070010;0;0
50032070013;0;0
50037020001;0;0
50037020002;0;0
50037020003;1;1
50037020004;0;0
50037020005;0;0
50062590001;0;0
50066060001;0;0
50079010001;0;0
50083050001;0;0
50083050002;0;0
51025040001;0;0
51034030004;0;0
51034030005;0;0
51034030006;0;0
51034030007;0;0
51034030008;0;0
51034030009;0;0
51034030010;0;0
51034030011;0;0
51034030012;1;1
51034030013;1;1
51034030015;0;0
51034030016;0;0
51034030017;0;0
51034030018;0;0
51034030019;0;0
51034030020;0;0
51034030021;0;0
51034030023;0;0
51034030024;0;0
51034030025;0;0
51034030026;0;0
51034030027;0;0
51034030028;1;1
51034030029;0;0
51034030030;0;0
51034030031;0;0
51034030032;0;0
51034030033;0;0
51034030034;0;0
51034030035;0;0
51034030036;0;0
51034030037;0;0
51034030038;0;0
51034030039;0;0
51034030040;0;0
51034030041;0;0
51034030042;0;0
51034030044;0;0
51034030045;0;0
51034030046;0;0
51034030047;0;0
51034030048;0;0
51034030049;0;0
51034030050;0;0
51034030051;0;0
51034030052;0;0
51034030053;0;0
51076020002;0;0
51076020003;0;0
51076020004;0;0
51079090001;0;0
51084020001;1;1
51084020002;0;0
51084020003;1;1
51084020004;0;0
51084020005;0;0
51084020006;0;0
52000500001;0;0
52002580002;0;0
52002580005;0;0
52002580008;0;0
52002580009;0;0
52002580010;0;0
52002580011;0;0
52002580015;0;0
52002580016;0;0
52002580017;0;0
52002580018;0;0
52002580019;0;0
52002580020;0;0
52002580021;0;0
52011080001;1;1
52011080014;0;0
52011080018;0;0
52011080019;0;0
52011080020;0;0
52011080021;0;0
52014050001;0;0
52014050002;0;0
52014050003;0;0
52014050004;0;0
52014050005;0;0
52014050008;0;0
52014050009;0;0
52014050010;0;0
52017020002;0;0
52017020003;0;0
52045080003;0;0
52045080004;0;0
52045080005;0;0
52045080006;0;0
52045080007;0;0
52045080008;0;0
52055130001;0;0
52055130004;0;0
52055130006;0;0
52062060002;0;0
52062060003;0;0
52087070014;0;0
52087070085;0;0
52087070087;1;1
52087070088;0;0
52087070089;0;0
52087070090;1;1
52087070091;0;0
52087070092;0;0
52087070093;0;0
52087070094;0;0
52087070095;0;0
52087070096;0;0
52087070097;0;0
52087070100;0;0
52087070104;0;0
52087070105;1;1
52087070109;0;0
52087070110;0;0
52087070113;0;0
52087070118;0;0
52087070120;1;1
52087070123;0;0
52087070124;0;0
52087070125;0;0
52087070128;0;0
52087070129;0;0
52087070131;0;0
52087070132;0;0
52087070133;0;0
52087070135;1;1
52087070143;0;0
52087070144;0;0
52087070147;0;0
52087070150;0;0
52087070151;0;0
52087070153;0;0
52087070154;0;0
52087070155;0;0
52087070156;0;0
52087070157;0;0
52087070158;0;0
52087070162;0;0
52087070163;0;0
52087070164;0;0
52087070165;0;0
52087070170;0;0
52087070175;0;0
52087070177;0;0
52087070178;0;0
52087070180;0;0
52087070181;0;0
52087070182;0;0
52087070184;0;0
52087070187;0;0
52087070189;0;0
52092000001;0;0
52104060001;0;0
52104060002;0;0
52104060003;0;0
52119090001;0;0
52119090002;0;0
52125010004;0;0
52125010005;0;0
52125010006;0;0
52125010007;0;0
52125010008;0;0
52125010009;0;0
52125010011;0;0
52125010013;0;0
52131030001;0;0
52131030003;0;0
52131030004;0;0
52152310005;0;0
52152310007;0;0
52152310008;0;0
52152310009;0;0
52152310010;0;0
52152310011;0;0
52152310012;0;0
52152310013;0;0
52152310014;1;1
52152310016;0;0
52152310017;0;0
52152310018;0;0
52152310019;0;0
52152310020;0;0
52156030002;0;0
52176090001;0;0
52176090002;0;0
52176090003;0;0
52176090004;0;0
52176090006;0;0
52176090007;0;0
52176090008;0;0
52188050001;0;0
52188050006;0;0
52188050007;0;0
52197530002;0;0
52197530003;0;0
52197530005;0;0
52197530009;0;0
52204540001;0;0
52204540002;0;0
52204540003;0;0
52206030001;0;0
52216010001;0;0
52218580002;0;0
52218580003;0;0
52218580005;0;0
52218580006;0;0
52223020001;0;0
53001080003;0;0
53001080014;0;0
53001080019;0;0
53001080020;0;0
53001080021;1;1
53001080022;0;0
53001080023;0;0
53001080024;1;1
53001080025;0;0
53001080028;0;0
53001080029;0;0
53001080030;0;0
53001080031;0;0
53001080032;0;0
53001080033;0;0
53001080034;0;0
53001080035;0;0
53001080036;0;0
53001080037;0;0
53001080038;0;0
53001080039;1;1
53001080041;0;0
53001080042;1;1
53001080043;0;0
53001080044;0;0
53001080045;0;0
53001080046;0;0
53001080047;0;0
53001080048;0;0
53001080049;0;0
53001080050;0;0
53001080051;0;0
53001080055;1;1
53001080056;0;0
53001080057;0;0
53001080058;0;0
53001080059;0;0
53001080060;0;0
53001080061;0;0
53001080062;0;0
53001080063;0;0
53001080064;0;0
53001080065;0;0
53001080066;0;0
53001080067;0;0
53001080068;0;0
53001080069;0;0
53001080070;0;0
53001080071;0;0
53001080072;0;0
53001080073;0;0
53001080075;0;0
53001080076;0;0
53001080077;0;0
53001080079;0;0
53001080080;0;0
53001080081;0;0
53001080089;0;0
53001080090;0;0
53001080094;0;0
53001080095;0;0
53001080096;0;0
