cd_fcu,pct_pretos_pardos,pct_indigenas,pct_under5,pct_under19,pct_under30,n_preto_pardo,n_indigena,n_under5,n_under19,n_under30,pop_setor_total
11000490002,62.75,0,13.73,0,0,32,0,7,0,0,51
11000490006,72.15,0,9.35,33.13,50.41,355,0,46,163,248,492
11001060003,88.25,3.49,11.59,44.44,59.84,556,22,73,280,377,630
11001060004,81.82,5.57,10.39,42.12,59.37,441,30,56,227,320,539
11001060005,80.57,1.6,10.38,41.6,59.15,854,17,110,441,627,1060
11001060006,79.69,7.14,8.54,39.5,52.52,569,51,61,282,375,714
11002050002,77.04,0.85,7.76,34.05,51.08,1181,13,119,522,783,1533
11002050003,73.65,0.19,6.18,27.88,47.91,1585,4,133,600,1031,2152
11002050004,83.76,1.05,7.93,33.95,51.97,1594,20,151,646,989,1903
11002050005,80.35,0,6.36,34.97,50,278,0,22,121,173,346
11002050006,80.93,0.15,7.39,32.72,51.7,5424,10,495,2193,3465,6702
11002050007,77.14,0.84,5.67,30.86,46.56,830,9,61,332,501,1076
11002050008,81.12,0,5.66,30.35,49.23,1160,0,81,434,704,1430
11002050009,78.22,0.69,6.52,33.01,48.96,564,5,47,238,353,721
11002050010,77.99,0.58,9.06,34.68,52.52,542,4,63,241,365,695
11002050011,81.7,0.39,8.67,37.19,55.62,1272,6,135,579,866,1557
11002050012,75.7,0.93,5.61,28.66,47.66,243,3,18,92,153,321
11002050013,78.21,0.48,5.77,29.65,44.07,488,3,36,185,275,624
11002050014,80.85,0.6,7.28,33.06,51.7,6223,46,560,2545,3979,7697
11002050016,81.66,0.26,10.63,38.12,55.68,3410,11,444,1592,2325,4176
11002050017,78.81,0.84,8.98,37.75,53.86,2265,24,258,1085,1548,2874
11002050018,71.96,0.65,5.98,31.74,45.87,662,6,55,292,422,920
11002050019,78.72,1.18,9.69,42.79,58.63,666,10,82,362,496,846
11002050020,75.98,0,3.75,22.32,39.69,446,0,22,131,233,587
11002050021,82.89,0,7.05,27.34,47.97,470,0,40,155,272,567
11002050022,75.75,0.94,7.09,34.96,53.07,481,6,45,222,337,635
11002050023,79.56,0.88,7.85,34.92,52.82,720,8,71,316,478,905
11002050024,78.7,0,7.46,32.97,50.61,580,0,55,243,373,737
11002050025,73.02,1.24,7.47,29.39,46.35,939,16,96,378,596,1286
11002050026,81.7,0,6.81,27.66,44.54,576,0,48,195,314,705
11002050031,78.01,0,12.57,46.07,63.35,149,0,24,88,121,191
11002050032,84.85,0,11.52,44.24,56.36,140,0,19,73,93,165
11002050034,79.69,1.86,8.84,37.52,56.59,514,12,57,242,365,645
11002050035,82.24,0,5.76,28.08,43.2,1028,0,72,351,540,1250
11002050036,78.39,0,12.09,39.74,55.68,428,0,66,217,304,546
11002050037,74.46,0.24,9.75,37.83,53.13,939,3,123,477,670,1261
11002050038,79.1,0,9.05,39.91,55.57,874,0,100,441,614,1105
11002050039,79.24,0.59,10,40.25,53.78,943,7,119,479,640,1190
11002050040,83.31,0,8.98,41.62,56.53,1123,0,121,561,762,1348
11002050041,84.09,0,5.24,31.99,51.22,481,0,30,183,293,572
11002050042,76.38,0.29,9.05,32.48,50.57,802,3,95,341,531,1050
11002050043,77.35,0.17,6.15,29.22,46.59,1848,4,147,698,1113,2389
11002050044,77.64,0.66,6.47,29.89,47.26,948,8,79,365,577,1221
11002050045,75.19,0,7.53,32.56,51.27,679,0,68,294,463,903
11002050046,75.67,1.34,7.28,31.8,48.85,395,7,38,166,255,522
11002050047,68.73,0,6.98,28.42,49.36,699,0,71,289,502,1017
11002050048,69.71,0.72,4.93,28.55,48.55,481,5,34,197,335,690
11002050049,77.69,0.68,8.27,35.55,53.46,2751,24,293,1259,1893,3541
11002050050,78.78,0,8.24,31.49,50.88,1166,0,122,466,753,1480
11002050051,73.64,0.96,9.31,36.57,50.55,1464,19,185,727,1005,1988
11002050052,80.12,0.14,7.33,34.25,47.83,2253,4,206,963,1345,2812
11002050053,75.19,0,11.03,38.28,53.14,491,0,72,250,347,653
11002050054,67.21,0,4.92,26.23,0,41,0,3,16,0,61
11002050055,77.16,0.36,6.93,32.81,51.76,635,3,57,270,426,823
11002050056,77.01,1.66,9.14,29.36,47.65,278,6,33,106,172,361
11002050057,83.75,0.24,9.45,36.74,55.27,2056,6,232,902,1357,2455
11002050058,72.58,0,7.26,29.84,50,90,0,9,37,62,124
11002050059,72.75,0,6.92,31.45,48.64,347,0,33,150,232,477
11002050060,75.38,0,8.81,38.6,59.27,248,0,29,127,195,329
11002050061,77.26,2.02,8.26,37.23,54.36,496,13,53,239,349,642
11002050062,81.68,2.09,12.04,41.36,58.12,156,4,23,79,111,191
11002050063,77.22,0,8.61,35.69,54.86,556,0,62,257,395,720
11002050064,78.89,3.52,9.55,42.96,56.53,314,14,38,171,225,398
11002050065,85.11,0,7.98,42.02,53.72,160,0,15,79,101,188
11002050066,79.07,0,9.3,36.43,47.67,204,0,24,94,123,258
11002050067,86.46,0,7.36,32.3,49.64,364,0,31,136,209,421
11002050068,81.26,0.47,7.87,37.01,52.44,516,3,50,235,333,635
11002050069,78.15,1.59,8.97,38.93,56.3,540,11,62,269,389,691
11002050070,76.69,0.49,8.34,36.44,52.64,625,4,68,297,429,815
11002050071,78.09,0,10.11,42.7,56.74,139,0,18,76,101,178
11002050072,81.37,0,9.02,37.84,56.27,415,0,46,193,287,510
11002050073,83.45,0,7.55,35.61,56.83,232,0,21,99,158,278
11002050074,82.18,0.31,7.05,30.88,46.94,793,3,68,298,453,965
11002050075,78.86,0,6.25,29.65,49.73,593,0,47,223,374,752
12001040001,81.84,2.54,7.23,31.05,48.83,419,13,37,159,250,512
12001040002,85.61,0,10.84,37.57,57.01,458,0,58,201,305,535
12001040003,71.61,14.44,12.34,42.73,60.38,714,144,123,426,602,997
12001040004,90.8,1.49,11.69,42.04,60.2,365,6,47,169,242,402
12001040005,84.62,0,16.67,51.28,69.23,66,0,13,40,54,78
12001040006,72,0,8,30,48.67,108,0,12,45,73,150
12001040007,80.95,3.74,15.65,42.18,64.29,238,11,46,124,189,294
12001040008,71.78,6.06,13.45,42.05,63.64,379,32,71,222,336,528
12001040009,81.25,0,11.36,46.59,57.95,143,0,20,82,102,176
12001040010,73.63,4.4,6.59,30.77,48.9,134,8,12,56,89,182
12002030001,76.76,1.31,12.27,39.69,60.31,294,5,47,152,231,383
12002030002,76.89,1.3,10.69,38.77,60.8,712,12,99,359,563,926
12002030003,76.69,1.53,8.59,38.34,57.98,250,5,28,125,189,326
12002030004,76.8,0.98,8,38.8,59.01,1334,17,139,674,1025,1737
12002030005,78.58,0.38,10.24,43.24,62.82,2088,10,272,1149,1669,2657
12002030006,80.19,0.87,12.39,43.25,63.14,1016,11,157,548,800,1267
12002030008,73.92,0,9.43,37.24,57.94,1332,0,170,671,1044,1802
12002030009,81.48,0,11.11,36.42,59.88,132,0,18,59,97,162
12002030010,80.62,0,7.75,40.89,60.85,416,0,40,211,314,516
12002030011,75.23,1.11,9.65,39.7,59.93,811,12,104,428,646,1078
12002030012,75.22,1.03,8.89,39.37,59.27,1387,19,164,726,1093,1844
12002030013,75.03,1.78,8.78,40.33,59.67,547,13,64,294,435,729
12002030014,79.66,0.73,8.72,31.72,57.87,329,3,36,131,239,413
12002030015,75.52,0,17.43,52.7,75.1,182,0,42,127,181,241
12002030016,77.38,0,11.11,48.02,61.11,195,0,28,121,154,252
12002030017,74.29,0,11.3,44.07,62.43,263,0,40,156,221,354
12002520001,74.63,0,9.55,35.82,58.21,250,0,32,120,195,335
12002520005,83.98,0,13.42,47.19,67.97,194,0,31,109,157,231
12002520007,89.44,1.67,16.11,47.22,63.89,161,3,29,85,115,180
12002520008,77.84,0,9.09,27.84,53.98,137,0,16,49,95,176
12002520009,77.88,0,7.37,33.01,51.6,243,0,23,103,161,312
12002520010,80.36,0,8.98,32.57,53.65,671,0,75,272,448,835
12004010001,77.43,1.49,9.25,38.77,57.43,1506,29,180,754,1117,1945
12004010002,72.02,13.58,12.35,39.51,60.49,175,33,30,96,147,243
12004010004,79.8,0.33,7.06,31.7,50.05,735,3,65,292,461,921
12004010005,76.41,0.35,6.87,30.76,49.39,1513,7,136,609,978,1980
12004010006,81.46,0.52,9.11,38.87,56.28,3290,21,368,1570,2273,4039
12004010007,77.06,0.86,7.82,32.9,51.66,719,8,73,307,482,933
12004010008,75.1,0.97,7.27,30.79,49.53,2717,35,263,1114,1792,3618
12004010009,78.33,0.22,7.13,29.88,46.92,2165,6,197,826,1297,2764
12004010010,79.29,0,8.32,35.68,52.08,2002,0,210,901,1315,2525
12004010011,74.84,2.55,6.93,30.25,47.25,1264,43,117,511,798,1689
12004010013,71.98,0.63,6.33,29.14,47.08,1934,17,170,783,1265,2687
12004010015,74.14,0.44,6.63,33.37,49.06,671,4,60,302,444,905
12004010016,74.61,0.58,10.12,37.34,56.68,899,7,122,450,683,1205
12004010017,74.4,0.47,6.71,31.77,50.82,953,6,86,407,651,1281
12004010018,78.18,0.28,10.19,40.94,56.42,1419,5,185,743,1024,1815
12004010020,80.27,0.35,9.43,44.12,59.43,1379,6,162,758,1021,1718
12004010021,75,0,7.25,31.11,46.76,393,0,38,163,245,524
12004010022,78.86,0,5.7,31.39,44.81,623,0,45,248,354,790
12004010023,79.97,0,10.79,42.37,60.86,519,0,70,275,395,649
12004010024,77.15,0.73,6.03,29.8,50.46,422,4,33,163,276,547
12004010025,81.97,0,6.87,39.91,57.94,191,0,16,93,135,233
12004010026,76,1.78,8.89,42.67,56.44,171,4,20,96,127,225
12004010027,79.1,2.05,7.38,29.92,47.95,193,5,18,73,117,244
12004010028,74.23,0,6.75,32.27,52.39,605,0,55,263,427,815
12004010029,81.07,0,6.88,30.62,47.74,895,0,76,338,527,1104
12004010030,84.77,0,8.02,38.08,53.91,423,0,40,190,269,499
12004010031,74.79,0,9.78,38.63,60.19,635,0,83,328,511,849
12004010032,86.4,0,11.2,43.2,60,108,0,14,54,75,125
12004010033,79.49,1.01,7.85,36.96,52.91,314,4,31,146,209,395
12004010034,82.72,0.46,9.94,33.64,55.81,541,3,65,220,365,654
12004010036,75.57,0,9.34,38.85,60.33,461,0,57,237,368,610
12004010037,68.79,14.35,10.02,41.46,54.67,302,63,44,182,240,439
12004010038,76.74,0,12.4,42.64,61.63,198,0,32,110,159,258
12004010039,84.78,2.33,9.9,37.16,57.8,908,25,106,398,619,1071
12004010041,82.46,0,10.53,42.11,60.53,188,0,24,96,138,228
12004010043,75.29,1.54,8.88,31.27,49.42,195,4,23,81,128,259
12004010045,72.05,0.98,7.87,35.43,52.56,366,5,40,180,267,508
12004010046,83.39,0,9.89,41.34,60.42,236,0,28,117,171,283
12004010047,85.08,0,9.12,40.06,62.43,308,0,33,145,226,362
12004010048,81.28,0,8.51,36.6,58.3,191,0,20,86,137,235
12004010049,77.71,0,8.28,34.87,55.42,760,0,81,341,542,978
12004010050,85.89,0,6.05,34.68,51.61,213,0,15,86,128,248
12004010051,79.41,0,5.59,32.94,48.97,540,0,38,224,333,680
12004010052,70.75,5.43,6.13,31.89,46.94,508,39,44,229,337,718
12004010053,74.09,0.18,5.31,27.09,44.56,2010,5,144,735,1209,2713
12004010054,88.18,0,12.14,37.06,60.06,276,0,38,116,188,313
12004010055,79.8,1.66,16.56,49.67,69.87,241,5,50,150,211,302
13000600001,54.89,42.9,11.04,43.38,61.23,572,447,115,452,638,1042
13000600002,74.24,20.94,10.91,43.8,60.73,1000,282,147,590,818,1347
13001020001,88.37,0.17,9.98,43.11,61.14,2142,4,242,1045,1482,2424
13001020002,81.77,3.39,10.94,45.05,65.62,314,13,42,173,252,384
13001020003,79.4,0,9.39,39.09,55.54,1361,0,161,670,952,1714
13004090001,53.71,42.64,13.78,47.7,65.14,456,362,117,405,553,849
13004090002,47.17,48.95,10.82,43.78,61.23,292,303,67,271,379,619
13004090003,28.52,69.26,12.22,44.44,65.19,77,187,33,120,176,270
13005080001,78.45,11.11,11.55,48.76,66.27,2119,300,312,1317,1790,2701
13006070001,85.91,2.89,10.55,42.12,61.14,2525,85,310,1238,1797,2939
13006070002,80.23,14.86,11.4,45.6,62.21,1879,348,267,1068,1457,2342
13006070004,77.84,17.73,14.96,56.23,73.41,281,64,54,203,265,361
13006800001,88.3,2.06,10.03,43.44,63.37,687,16,78,338,493,778
13006800002,95.23,0.95,13.26,49.83,64.64,1099,11,153,575,746,1154
13007060001,67.75,4.71,9.06,38.77,56.43,748,52,100,428,623,1104
13007060002,76.65,0.51,10.15,41.46,61.25,453,3,60,245,362,591
13007060003,70.38,1.73,8.22,39.82,59.13,1345,33,157,761,1130,1911
13007060004,78.98,0.29,7.87,33.78,52.21,823,3,82,352,544,1042
13010010001,79.08,1.55,11.44,46.61,64.71,1376,27,199,811,1126,1740
13010010002,84.41,0.46,9.25,43.51,62.33,1835,10,201,946,1355,2174
13012090001,82.51,4.03,10.31,44.11,62.18,840,41,105,449,633,1018
13012090002,82.89,8.58,10.51,40.76,58.93,1633,169,207,803,1161,1970
13012090003,84.56,3.05,10.57,43.97,62.55,5383,194,673,2799,3982,6366
13012090004,81.45,6.46,12.01,47.06,64.24,4576,363,675,2644,3609,5618
13012090005,83.67,3.67,10,39.67,55,251,11,30,119,165,300
13012090006,84.87,1.29,9.2,38.31,56.73,3562,54,386,1608,2381,4197
13012090008,83.85,5.26,12.23,46.77,64.86,2949,185,430,1645,2281,3517
13012090009,82.42,0.88,7.91,36.04,54.62,750,8,72,328,497,910
13012090010,82.48,0,7.69,38.46,55.56,193,0,18,90,130,234
13012090011,79.28,4.58,9.27,44.38,60.41,727,42,85,407,554,917
13013080001,88.28,0,10.05,45.2,62.59,1371,0,156,702,972,1553
13013080002,86.14,0.45,13.41,50.8,64.2,758,4,118,447,565,880
13013080003,94.57,0,17.19,50.23,70.59,209,0,38,111,156,221
13013080004,95.91,0,12.05,47.95,63.64,422,0,53,211,280,440
13013080005,84.94,0,15.66,48.8,69.58,282,0,52,162,231,332
13014070001,80.98,1.44,10.54,43.86,61.44,2873,51,374,1556,2180,3548
13014070002,74.84,2.9,9.09,44.93,62.71,568,22,69,341,476,759
13014070003,81.78,0,10.9,43.15,62.93,525,0,70,277,404,642
13014070004,75.71,0.9,10.98,47.44,64.74,1007,12,146,631,861,1330
13015060001,72.75,0.81,9.93,43.97,62.49,1340,15,183,810,1151,1842
13016540002,75.6,3.75,13.14,48.79,66.49,282,14,49,182,248,373
13018030001,74.8,0.74,11.6,47.15,67.7,1012,10,157,638,916,1353
13018030002,75.85,0.2,12.21,48.38,69.88,1944,5,313,1240,1791,2563
13018030003,74.95,0,13.18,46.52,69.68,398,0,70,247,370,531
13018520001,87.36,1.51,10.52,41.33,59.33,4401,76,530,2082,2989,5038
13018520002,84.55,0.34,10.53,38.79,58.53,1992,8,248,914,1379,2356
13018520003,84.55,0.85,9.98,40.27,57.91,695,7,82,331,476,822
13018520004,79.82,0.94,9.17,40.01,55.74,2029,24,233,1017,1417,2542
13018520005,84.98,0,7.59,31.15,47.67,1075,0,96,394,603,1265
13018520006,77.77,1.55,7.86,36.73,53.35,1207,24,122,570,828,1552
13018520007,84.2,0.95,12.11,44.47,62.02,1780,20,256,940,1311,2114
13018520008,81.43,1.75,7.78,37.62,51.43,513,11,49,237,324,630
13018520009,85.54,0.6,10.39,43.37,62.2,568,4,69,288,413,664
13018520010,84.4,0.68,9.23,42.6,62.3,741,6,81,374,547,878
13018520012,83.84,1.22,10.45,44.11,58.93,690,10,86,363,485,823
13019020001,80.31,0.19,9.1,35.7,52.59,1289,3,146,573,844,1605
13019020002,75.63,0,8.4,34.17,57.42,270,0,30,122,205,357
13019020003,83.81,0.87,10.44,44.3,61.71,963,10,120,509,709,1149
13019020004,84.11,0.15,11.17,46.87,63.95,1694,3,225,944,1288,2014
13019020005,80.25,0.83,12.24,37.27,58.97,577,6,88,268,424,719
13019020008,93.52,0,14.38,45.97,62.88,592,0,91,291,398,633
13019020009,83.79,0.81,8.9,39.6,57.7,6032,58,641,2851,4154,7199
13019020010,83.93,1.11,9.95,44.22,60.03,987,13,117,520,706,1176
13019020011,84.86,0.79,9.55,38.05,56.95,1289,12,145,578,865,1519
13019020012,82.32,0.13,7.25,31.95,47.93,1886,3,166,732,1098,2291
13019020013,89.1,0,10.43,43.6,55.92,188,0,22,92,118,211
13019020017,76.22,1.22,10.51,43.69,61.5,689,11,95,395,556,904
13019020019,78.31,0,10.34,41.71,60.51,704,0,93,375,544,899
13019020021,84.78,0.87,10.58,45.48,61.94,1370,14,171,735,1001,1616
13019020023,86.58,0.38,8.6,41.02,59.74,916,4,91,434,632,1058
13019020024,86.71,0,11.34,40.98,58.66,711,0,93,336,481,820
13019020026,85.64,0.28,11.98,46.03,62.71,1509,5,211,811,1105,1762
13024050001,63.14,13.92,9.25,36.04,55.2,771,170,113,440,674,1221
13024050002,72.02,7.82,9.88,30.45,47.33,175,19,24,74,115,243
13024050003,73.91,9.59,10.26,36.57,56.63,663,86,92,328,508,897
13024050004,65.98,21.55,11.68,45.1,63.32,1090,356,193,745,1046,1652
13024050005,69.02,18.5,11.27,43.03,61.45,802,215,131,500,714,1162
13024050006,69.48,13.46,9.55,39.59,57.04,888,172,122,506,729,1278
13024050007,68.35,11.34,7.63,33.33,48.37,609,101,68,297,431,891
13025040001,87.01,1.54,9.14,40.04,57.56,904,16,95,416,598,1039
13025040002,88.09,0.9,9.44,38.43,54.38,392,4,42,171,242,445
13025040004,79.45,0.38,9.85,41.19,59.58,1032,5,128,535,774,1299
13025040006,82.22,0.23,8.93,35.48,53.79,2192,6,238,946,1434,2666
13025040007,83.76,0,9.04,39.32,57.39,686,0,74,322,470,819
13025040008,89.34,0.39,9.76,41.34,60.25,3468,15,379,1605,2339,3882
13025040009,85.16,0.59,8.95,38.75,56.83,1446,10,152,658,965,1698
13025040013,85.2,2.59,11.3,42.14,62.48,2141,65,284,1059,1570,2513
13025040014,86.29,0.67,7.77,35.76,52.44,900,7,81,373,547,1043
13025040015,81.95,0.49,9.1,37.97,56.81,1666,10,185,772,1155,2033
13025040016,87.01,0,8.16,37.85,54.73,469,0,44,204,295,539
13025040017,87.69,0,9.92,38.17,55.15,919,0,104,400,578,1048
13025040018,88.74,0.55,10.92,40.32,57.49,1292,8,159,587,837,1456
13025040019,85.92,0.91,11.99,44.6,62.22,946,10,132,491,685,1101
13026030002,81.55,0.77,9.3,36.85,56.37,26936,255,3072,12171,18621,33031
13026030016,78.97,0,6.25,29.53,44.95,1971,0,156,737,1122,2496
13026030017,76.1,0.51,8.22,33.63,53.18,5542,37,599,2449,3873,7283
13026030022,79.04,0.29,7.92,33.64,51.59,4828,18,484,2055,3151,6108
13026030023,80.34,0.84,8.89,37.44,56.3,10127,106,1120,4719,7096,12605
13026030024,78.71,0.32,8.05,32.94,52.59,6357,26,650,2660,4247,8076
13026030025,81.23,0.75,8.45,35.49,54.64,8394,77,873,3668,5646,10334
13026030026,83.1,1.08,9.14,36.83,55.42,25047,326,2754,11100,16704,30142
13026030027,83.38,0.72,11.05,40.97,60.27,8275,71,1097,4066,5982,9925
13026030033,78.57,0,7.7,31.15,53.85,1796,0,176,712,1231,2286
13026030035,78.94,0.82,9.7,38.72,58.46,4306,45,529,2112,3189,5455
13026030036,79.29,0.56,9.07,38,57.71,4640,33,531,2224,3377,5852
13026030037,81.13,0.63,8.71,36.98,56.29,7066,55,759,3221,4903,8710
13026030038,80.25,1.19,9.35,40.02,56.91,2352,35,274,1173,1668,2931
13026030039,80.78,1.23,8.69,36.71,56.24,45094,686,4853,20492,31391,55821
13026030043,79.04,0,7.78,33.13,53.49,396,0,39,166,268,501
13026030046,86.75,0.49,10.59,40.3,59.46,3169,18,387,1472,2172,3653
13026030048,81.1,1.12,8.64,37.69,56.6,7704,106,821,3580,5376,9499
13026030050,79.35,0.28,8.61,34.58,53.41,3086,11,335,1345,2077,3889
13026030051,80.36,0.43,8.84,38.58,57.78,7445,40,819,3574,5353,9265
13026030052,80.73,0.61,9.06,38.4,57.69,21581,164,2423,10266,15423,26733
13026030053,85.04,0.37,10.11,41.61,59.63,13126,57,1560,6423,9204,15435
13026030055,73.07,0,6.81,35.6,52.32,236,0,22,115,169,323
13026030056,78.34,2.3,10.45,41.11,58.65,4162,122,555,2184,3116,5313
13026030057,81.73,2.26,10.56,41.39,56.54,2174,60,281,1101,1504,2660
13026030058,81.1,2,9.98,40.36,58.14,1300,32,160,647,932,1603
13026030060,75.72,0.87,8.72,32.95,51.4,1572,18,181,684,1067,2076
13026030061,79.09,1.16,7.52,32.41,50.38,5586,82,531,2289,3558,7063
13026030062,79.64,1.05,7.56,33.32,50.02,5671,75,538,2373,3562,7121
13026030065,78.4,1.12,8.63,34.36,55.03,3989,57,439,1748,2800,5088
13026030067,84.16,0.84,9.22,38.74,56.9,10511,105,1151,4838,7106,12489
13026030069,79.88,0.64,9.51,37.82,56.93,11496,92,1368,5443,8193,14392
13026030073,78.75,0.4,7.65,30.97,49.8,3128,16,304,1230,1978,3972
13026030074,81.93,0.75,9.63,40.86,59.05,3617,33,425,1804,2607,4415
13026030075,85.57,0.87,11.01,42.03,60.78,3048,31,392,1497,2165,3562
13026030076,76.48,1.44,7.86,33.79,53.57,4133,78,425,1826,2895,5404
13026030077,76.15,2.17,11.47,40.29,58.08,843,24,127,446,643,1107
13026030078,80.05,0.46,9.25,37.27,57.33,6920,40,800,3222,4956,8645
13026030079,79.53,0.6,8.81,35.37,55.27,42680,322,4730,18980,29658,53663
13026030080,82.61,2.44,10.58,38.56,56.87,1967,58,252,918,1354,2381
13026030081,79.19,4.18,11.56,41.36,58.45,2577,136,376,1346,1902,3254
13026030082,77.8,1.21,8.21,37.49,55.91,967,15,102,466,695,1243
13026030083,79.72,1.3,9.29,36.56,57.39,3199,52,373,1467,2303,4013
13026030084,83.02,1.14,9.12,39.03,57.09,6401,88,703,3009,4402,7710
13026030085,81.12,0.46,10.03,39.22,57.58,2968,17,367,1435,2107,3659
13026030086,80.37,1.47,8.49,37.58,55.12,3927,72,415,1836,2693,4886
13026030087,80.43,1.49,8,37.87,57.51,2211,41,220,1041,1581,2749
13026030088,80.19,0.94,9.46,39.33,57.27,1627,19,192,798,1162,2029
13026030089,82.67,1.25,9.29,37.33,55.4,5733,87,644,2589,3842,6935
13026030090,81.28,0.81,8.9,37,55.4,1498,15,164,682,1021,1843
13026030091,75.84,2.35,9.06,36.91,54.7,226,7,27,110,163,298
13026030092,81.51,9.9,11.72,40.1,58.33,626,76,90,308,448,768
13026030093,82.97,1.18,8.61,37.77,56.97,916,13,95,417,629,1104
13026030094,79.11,0.36,7.03,31.49,48.29,5863,27,521,2334,3579,7411
13026030095,79.12,1.03,8.06,33.93,52.2,10676,139,1087,4579,7044,13494
13026030096,79.39,0.26,5.96,29.55,45.71,1518,5,114,565,874,1912
13026030097,80.39,0.7,8.79,34.55,53.79,9245,80,1011,3973,6186,11500
13026030098,82.37,1.47,6.1,33.45,53.56,729,13,54,296,474,885
13026030099,88.28,0.24,9.98,40.98,57.85,4000,11,452,1857,2621,4531
13026030100,83.29,2.35,11.97,41.41,59.01,1774,50,255,882,1257,2130
13026030101,83.34,0.81,9.81,39.04,57.17,3697,36,435,1732,2536,4436
13026030102,89.52,1.47,8.39,39.83,58.28,427,7,40,190,278,477
13026030103,83.56,1.46,9.8,42,59.8,742,13,87,373,531,888
13026030104,81.96,0,11.82,43.29,63.93,409,0,59,216,319,499
13026030105,83.48,1.45,9.64,38.52,55.86,1844,32,213,851,1234,2209
13026030106,80.23,1.69,12.43,39.83,55.93,284,6,44,141,198,354
13026030107,88.06,0,10.42,39.03,53.75,634,0,75,281,387,720
13026030108,82.52,1.82,10.33,40.29,58.53,2724,60,341,1330,1932,3301
13026030111,81.35,2.66,11.54,40.92,59.04,3646,119,517,1834,2646,4482
13026030113,80.36,3.27,12,43.69,61.11,2827,115,422,1537,2150,3518
13026030116,73.94,0.73,6.36,28.08,45.54,4244,42,365,1612,2614,5740
13026030117,72.42,0.18,7.45,30.98,49.27,3245,8,334,1388,2208,4481
13026030118,75.13,9.21,11.46,41.33,59.44,2236,274,341,1230,1769,2976
13026030119,69.97,0.88,4.88,22.82,45.9,1349,17,94,440,885,1928
13026030120,91.35,0,8.65,36.76,54.05,169,0,16,68,100,185
13026030121,84.83,0,9.43,43.68,58.62,369,0,41,190,255,435
13026030124,77.48,1.35,6.87,28.6,49.89,688,12,61,254,443,888
13026030125,77.54,0.52,7,29.9,47.42,10665,71,963,4112,6522,13754
13026030126,77.52,0,10.54,31.15,50.59,331,0,45,133,216,427
13026030127,66.9,0,5.49,26.55,46.73,378,0,31,150,264,565
13026030128,76.3,0.24,6.29,29.84,46.8,6308,20,520,2467,3869,8267
13026030129,75.93,0,6.79,26.54,47.53,246,0,22,86,154,324
13026030130,71.48,0.92,7.17,33.74,53.44,2481,32,249,1171,1855,3471
13026030131,78.32,1.93,8.74,37.9,56.55,1864,46,208,902,1346,2380
13026030132,72.36,0.27,6.53,27.7,48.88,2382,9,215,912,1609,3292
13026030134,79.03,0.16,7.05,31.55,49.25,8997,18,803,3592,5607,11384
13026030135,77.21,0,5.9,34.05,54.96,288,0,22,127,205,373
13026030136,75.84,0.52,5.87,27.09,42.9,3331,23,258,1190,1884,4392
13026030138,77.48,0.73,6.98,30.69,48.04,10079,95,908,3992,6249,13008
13026030139,61.74,0,4.03,13.42,32.21,92,0,6,20,48,149
13026030140,80.55,0.8,4.91,25.77,42.87,2625,26,160,840,1397,3259
13026030141,79.98,1.5,5.41,26.73,42.24,799,15,54,267,422,999
13026030142,59.85,1.33,4.84,22.49,40.02,495,11,40,186,331,827
13026030143,74.39,0.87,7.79,26.3,42.73,430,5,45,152,247,578
13026030145,51,2.39,2.79,19.12,33.86,128,6,7,48,85,251
13026030146,66.76,0.68,6.78,26.32,47.76,492,5,50,194,352,737
13026030147,77.88,1.11,6.8,31.36,47.68,1408,20,123,567,862,1808
13026030148,65.66,0.59,5.06,23.53,40.54,3993,36,308,1431,2465,6081
13026030149,88.13,0,11.51,38.49,55.04,245,0,32,107,153,278
13026030151,78.35,0.11,7.37,31.25,48.5,7097,10,668,2831,4393,9058
13026030152,80.79,0.41,7.61,31.87,51.56,3950,20,372,1558,2521,4889
13026030153,75.86,0.38,6.89,29.78,47.61,12658,63,1150,4969,7943,16685
13026030154,69.54,7.47,9.77,32.76,48.85,121,13,17,57,85,174
13026030155,76.88,6.12,6.38,30.25,47,615,49,51,242,376,800
13026030157,55.24,0,2.8,0,0,79,0,4,0,0,143
13026030158,85.71,0,11.26,45.45,64.07,198,0,26,105,148,231
13026030159,86.91,0.34,10.72,41.76,59.59,770,3,95,370,528,886
13026030160,78.86,3.55,9.59,42.63,58.97,444,20,54,240,332,563
13026030162,75.94,0.68,6.47,28.99,47.54,786,7,67,300,492,1035
13026030163,85.18,0.23,9.93,38.81,57.14,1115,3,130,508,748,1309
13026030164,84.13,1.8,11.53,40.45,57.91,2057,44,282,989,1416,2445
13026030165,76.72,0.92,8.51,35.46,54.02,1335,16,148,617,940,1740
13026030166,80.82,2.09,9.6,38.65,57.44,14390,372,1710,6881,10227,17805
13026030167,78.93,1.57,9.43,37.42,56.74,2611,52,312,1238,1877,3308
13026030169,82.53,0,8.02,32.09,51.57,1389,0,135,540,868,1683
13026030170,53.19,0,6.38,25.53,46.81,75,0,9,36,66,141
13026030171,83.48,0.77,10.45,40.65,58.84,647,6,81,315,456,775
13026030172,78.07,0.56,8.87,35.27,54.61,2236,16,254,1010,1564,2864
13026030174,76.65,0,8.63,37.18,57.36,604,0,68,293,452,788
13026030175,67.5,0,7.94,26.62,48.53,459,0,54,181,330,680
13026030176,71.23,0.13,5.41,26.09,41.86,2132,4,162,781,1253,2993
13026030177,79.01,0.18,5.7,28.51,46.68,1344,3,97,485,794,1701
13026030178,74.7,0.34,6.32,31.45,47.78,2625,12,222,1105,1679,3514
13026030179,84.37,0,5.46,26.43,42.69,664,0,43,208,336,787
13026030181,87.5,0,9.88,36.92,55.23,301,0,34,127,190,344
13026030182,79.79,0.77,6.63,28.09,47.73,3633,35,302,1279,2173,4553
13026030183,81.07,0.61,9.65,34.82,55.79,2142,16,255,920,1474,2642
13026030184,78.52,1.4,8.99,35.78,54.81,2245,40,257,1023,1567,2859
13026030185,79.16,1.01,10.42,36.32,55.14,547,7,72,251,381,691
13026030186,78.47,0.43,6.55,30.35,48.36,1629,9,136,630,1004,2076
13026030187,77.45,0.33,6.27,28.88,48.58,4734,20,383,1765,2969,6112
13026030188,77.02,0.4,6.88,30.09,45.81,7630,40,682,2981,4538,9907
13026030189,90.88,0.74,10.5,41.16,58.93,987,8,114,447,640,1086
13026030190,75.63,0.85,5.73,27.03,46.65,5096,57,386,1821,3143,6738
13026030191,76.5,1.81,7.74,31.77,50.82,5779,137,585,2400,3839,7554
13026030192,77.98,0.63,6.23,29.44,46.29,4341,35,347,1639,2577,5567
13026030193,86.6,0.32,6.48,28.08,45.24,2165,8,162,702,1131,2500
13026030194,72.17,0.87,5.09,25.4,43.04,5384,65,380,1895,3211,7460
13026030195,79.77,0.17,8.12,34.66,53.49,5711,12,581,2481,3829,7159
13026030197,76.36,0.89,7.14,31.41,49.34,7367,86,689,3030,4760,9648
13026030198,77.59,0,5.75,31.03,53.16,270,0,20,108,185,348
13026030199,84.08,1.09,12.65,43.29,61.5,771,10,116,397,564,917
13026030201,83.12,0.6,9.16,38.02,57.12,4003,29,441,1831,2751,4816
13026030202,80.14,0.79,7.07,33.41,53.93,2437,24,215,1016,1640,3041
13026030203,78.97,0.68,7.89,34.3,53.71,3833,33,383,1665,2607,4854
13026030204,92.75,0,7.83,38.75,57.33,1113,0,94,465,688,1200
13026030205,80.79,0.37,8.53,35.48,55.04,10792,49,1140,4740,7352,13358
13026030206,77.91,0.2,7.65,32,51.55,8135,21,799,3341,5383,10442
13026030207,71.4,0,4.85,23.55,37.28,1061,0,72,350,554,1486
13026030208,81.02,0.83,8.29,35.12,53.82,16642,171,1702,7213,11056,20541
13026030209,68.25,0,4.76,25.4,38.73,430,0,30,160,244,630
13026030210,83.69,0,4.96,26.6,48.23,236,0,14,75,136,282
13026030211,67.1,0.77,5.1,23.35,39.74,1658,19,126,577,982,2471
13026030212,76.62,1.98,9.37,37.14,56.26,2985,77,365,1447,2192,3896
13026030213,94.41,0,5.94,40.91,57.69,270,0,17,117,165,286
13026030214,76.55,0.23,7.76,33.97,52.5,7407,22,751,3287,5080,9676
13026030215,78.01,0.52,7.92,33.95,54.24,1969,13,200,857,1369,2524
13026030216,76.85,0.72,6.68,34.84,51.79,322,3,28,146,217,419
13026030217,83.57,5.71,15.71,42.86,67.14,117,8,22,60,94,140
13026030219,63.46,0.48,4.4,20.14,35.83,1068,8,74,339,603,1683
13026030220,76.77,0.5,6.34,34.29,52.67,618,4,51,276,424,805
13026030221,58.21,0.72,4.11,21.01,38.65,241,3,17,87,160,414
13026030222,79.11,0.38,8.06,33.03,51.08,1030,5,105,430,665,1302
13026030223,71.26,1.41,5.7,24.4,42.84,1612,32,129,552,969,2262
13026030225,78.86,0.37,5.48,26.16,44.16,1727,8,120,573,967,2190
13026030227,70.05,1.15,5.53,24.65,42.4,912,15,72,321,552,1302
13026030229,83.77,0.97,9.74,46.75,57.47,258,3,30,144,177,308
13026030232,73.66,0.58,5.59,26.84,43.49,1765,14,134,643,1042,2396
13026030234,75.41,0.71,6.63,34.28,51.6,1058,10,93,481,724,1403
13026030236,80.65,0.63,8.63,35.42,54.18,3814,30,408,1675,2562,4729
13026030237,85.31,0,2.92,23.67,50.32,1463,0,50,406,863,1715
13026030239,71.29,16.25,11.45,41.54,58.5,3667,836,589,2137,3009,5144
13026030240,76.16,1.55,6.73,30.7,47.85,7204,147,637,2904,4526,9459
13026030242,82.43,1.02,9.32,39.52,58.14,9319,115,1054,4468,6573,11306
13026030243,79.34,0.61,8.88,35.35,54.25,1037,8,116,462,709,1307
13026030244,65.39,16.47,16.23,45.35,64.68,274,69,68,190,271,419
13026030245,83.94,0.37,9.73,38.61,56.8,2252,10,261,1036,1524,2683
13026030248,87.12,1.34,16.13,48.04,66.52,778,12,144,429,594,893
13026030249,73.23,0.33,6.66,29.21,47.62,4046,18,368,1614,2631,5525
13026030250,82.67,0.28,9.6,39.24,59.55,887,3,103,421,639,1073
13026030251,78.64,1.03,9.41,40.59,57.59,994,13,119,513,728,1264
13026030252,78.95,0.21,8.11,35.51,55.11,5734,15,589,2579,4003,7263
13026030253,84.02,0.25,8.09,33.22,52.24,2398,7,231,948,1491,2854
13026030254,76.6,0.35,6.74,29.33,49.97,2442,11,215,935,1593,3188
13026030256,71.1,0.49,4.62,25.8,43.13,1309,9,85,475,794,1841
13026030257,76.98,0.62,6.53,30.11,46.72,7616,61,646,2979,4622,9894
13026030258,76.77,2.4,10,36.98,56.04,737,23,96,355,538,960
13026030259,83.33,0,13.64,44.7,61.36,110,0,18,59,81,132
13026030261,80.77,0.47,8.71,37.18,55.76,4091,24,441,1883,2824,5065
13026030262,74.06,0.49,6.42,28.92,47.78,3024,20,262,1181,1951,4083
13026030263,83.27,1.67,9.44,38.47,57.53,1394,28,158,644,963,1674
13026030264,73.92,1.24,5.42,28.87,47.76,955,16,70,373,617,1292
13026030265,78.93,1.93,7.47,34.44,53.01,3761,92,356,1641,2526,4765
13026030266,78.2,0.91,9.42,38.16,55.23,2332,27,281,1138,1647,2982
13026030267,70.39,0.91,4.53,23.59,38.64,3494,45,225,1171,1918,4964
13026030268,74.93,0.1,6.03,28.07,45.17,4447,6,358,1666,2681,5935
13026030270,74.45,0.38,5.64,26.17,43.34,4848,25,367,1704,2822,6512
13026030271,77.78,0,9.72,34.26,51.39,168,0,21,74,111,216
13026030272,78.97,0.37,6.17,29.47,46.6,2366,11,185,883,1396,2996
13026030274,75.42,0.35,5.3,27.02,43.2,2163,10,152,775,1239,2868
13026030275,77.96,0.87,8.64,35.77,55.47,7230,81,801,3317,5144,9274
13026030276,71.38,0.74,5.45,25.65,41.84,7410,77,566,2663,4343,10381
13026030279,74.55,0.62,6.56,31.79,51.43,1670,14,147,712,1152,2240
13026030280,78.46,0.5,8.16,35.33,53.11,3278,21,341,1476,2219,4178
13026030281,81.29,0.65,8.44,34.85,53.52,28213,226,2930,12094,18574,34706
13026030282,79.88,2.13,7.01,34.45,56.4,262,7,23,113,185,328
13026030283,40.48,52.73,12.63,48.04,65.84,423,551,132,502,688,1045
13026030284,80.31,0,7.19,37.03,54.69,514,0,46,237,350,640
13026030285,69.66,0,4.87,26.03,41.01,372,0,26,139,219,534
13026030286,69,1.11,5.44,28,50.56,621,10,49,252,455,900
13026030289,81.8,0.71,9.63,37.77,58.73,8506,74,1001,3927,6107,10398
13026030290,79.59,0.38,7.78,33.24,50.63,8398,40,821,3508,5343,10552
13026030291,72.59,0.69,5.87,27.29,43.08,8822,84,713,3316,5235,12153
13026030292,82.57,1.24,11.34,41.77,58.51,597,9,82,302,423,723
13026030293,79,2.65,11.96,40.82,56.16,865,29,131,447,615,1095
13026030295,87.23,4.93,12.81,43.28,62.87,2213,125,325,1098,1595,2537
13026030298,78.54,0.44,5.2,25.96,42.63,3246,18,215,1073,1762,4133
13026030300,72.67,1.03,5.17,23.97,41.03,843,12,60,278,476,1160
13026030301,77.67,0.64,7.51,32.48,49.53,4015,33,388,1679,2560,5169
13026030303,76.02,0.82,6.99,29.31,47.47,2511,27,231,968,1568,3303
13026030304,73.99,1.25,7.81,30.46,48.49,1715,29,181,706,1124,2318
13026030305,77.52,1.33,9.35,34.95,54.97,1169,20,141,527,829,1508
13026030306,80.56,0.76,8.06,35.51,54.05,2130,20,213,939,1429,2644
13026030308,78.6,0,8.81,36.46,56.58,1535,0,172,712,1105,1953
13026030309,77.69,1.23,8.98,36.23,54.9,1323,21,153,617,935,1703
13026030311,79.57,0.3,6.84,28.73,47.77,2360,9,203,852,1417,2966
13026030314,72.17,0.78,4.75,27.05,44.94,835,9,55,313,520,1157
13026030318,74.63,0.51,6.13,28.45,44.33,11805,80,970,4500,7012,15819
13026030319,73.84,0.37,6.01,26.88,44.38,7809,39,636,2843,4694,10576
13026030320,74.48,0.39,6.51,29.84,47.42,4013,21,351,1608,2555,5388
13026030321,80.28,1.15,9.94,39.08,57.73,11511,165,1425,5603,8277,14338
13026030322,68.09,0,6.19,25.31,42.92,495,0,45,184,312,727
13026030323,78.37,0.64,9.72,39.29,58.09,1105,9,137,554,819,1410
13026030324,80.75,9.39,14.08,42.12,63.66,671,78,117,350,529,831
13026030325,81.1,4.47,13.01,44.31,64.84,399,22,64,218,319,492
13026030327,82.43,1.3,12.15,37.96,57.05,380,6,56,175,263,461
13029000001,90.58,2.23,12.52,50.43,66.42,731,18,101,407,536,807
13032050002,80.95,3.7,11.11,44.97,57.67,153,7,21,85,109,189
13032050003,77.52,14.73,6.2,41.86,51.16,100,19,8,54,66,129
13034030001,87.12,0,9.17,35.81,56.77,399,0,42,164,260,458
13034030002,85.61,1.48,9.04,35.61,56.09,464,8,49,193,304,542
13034030004,80.51,0,6.92,34.36,50,314,0,27,134,195,390
13034030005,90.19,2.03,10.34,47.12,64.21,4965,112,569,2594,3535,5505
13034030006,85.82,0,6.7,32.76,54.6,448,0,35,171,285,522
13034030007,92.68,0,8.36,38.68,59.58,266,0,24,111,171,287
13034030008,90.18,3.08,12.99,47.17,67.89,2929,100,422,1532,2205,3248
13034030009,90.46,3.26,14.38,51.2,70.92,2000,72,318,1132,1568,2211
13034030011,83.07,5.49,13.04,40.73,58.12,363,24,57,178,254,437
13034030013,85.8,0,12.96,45.68,62.35,139,0,21,74,101,162
13034030020,88.34,1.28,11.18,47.44,63.74,553,8,70,297,399,626
13034030021,87.02,2.51,12.07,42.14,59.91,382,11,53,185,263,439
13034030022,94.34,0,9.39,39.79,56.93,633,0,63,267,382,671
13034030025,85.75,1.54,8.78,40.82,56.16,1504,27,154,716,985,1754
13034030026,82.22,3.41,6.7,32.64,50.61,1350,56,110,536,831,1642
13034030027,85.41,6.49,9.73,35.14,58.92,158,12,18,65,109,185
13035360001,80.32,0.41,8.15,39.31,56.38,1567,8,159,767,1100,1951
13035360002,81.27,0.22,9,39.54,53.77,1445,4,160,703,956,1778
13035360003,78.47,0.98,8.55,35.93,54.84,1046,13,114,479,731,1333
13035360005,71.36,0.73,8.01,33.86,54.25,588,6,66,279,447,824
13035360006,82.33,0,12.07,37.93,59.48,191,0,28,88,138,232
13035360007,75.7,0,8.64,37.48,53.88,517,0,59,256,368,683
13035690001,77.66,5.85,14.89,44.15,70.74,146,11,28,83,133,188
13035690005,77.13,2.45,11.63,42.38,59.95,597,19,90,328,464,774
13035690008,79.23,1.71,15.42,46.9,63.38,370,8,72,219,296,467
13035690009,71.18,5.5,8.88,36.19,54.68,1178,91,147,599,905,1655
13035690010,73.54,4.66,10.72,42.89,62.35,631,40,92,368,535,858
13037000001,60.15,35.9,13.67,45.68,64.57,1280,764,291,972,1374,2128
13037000002,67.23,29.78,13.84,51.11,67.65,1122,497,231,853,1129,1669
13037000003,63.31,30.87,10.65,49.21,64.4,642,313,108,499,653,1014
13037000004,66.22,29.4,11.88,45.97,65.6,847,376,152,588,839,1279
13037000005,40.62,53.43,13.62,50.67,67.48,1595,2098,535,1990,2650,3927
13037000006,65.9,27.42,12.17,44.3,63.84,769,320,142,517,745,1167
13040620001,21.79,73.99,11.82,53.04,70.61,129,438,70,314,418,592
13040620002,73.73,12.39,10.38,40.68,57.84,696,117,98,384,546,944
13040620003,75.55,4.74,9.85,41.24,56.2,207,13,27,113,154,274
13040620004,84.79,9.58,14.17,51.25,67.92,407,46,68,246,326,480
13040620008,69.18,20.44,13.52,51.57,71.07,220,65,43,164,226,318
13040620011,73.48,15.24,13.11,51.83,67.99,241,50,43,170,223,328
13040620012,61.83,32.78,12.61,48.88,66.47,745,395,152,589,801,1205
13040620013,62.34,25.97,12.55,58.44,68.83,144,60,29,135,159,231
13040620014,62.31,32.16,15.58,52.76,72.36,124,64,31,105,144,199
13040620015,53.9,40.98,17.32,49.51,74.63,221,168,71,203,306,410
13042030003,84.22,6.42,10.43,43.32,60.43,945,72,117,486,678,1122
13042030004,82.03,8.38,10.78,43.25,63.61,3575,365,470,1885,2772,4358
13042030005,83.89,6.37,11.13,41.97,62.29,2910,221,386,1456,2161,3469
13042030006,86.64,6.54,11.55,45.17,63.62,1193,90,159,622,876,1377
13042030007,75.71,16.33,13.27,48.99,68.78,1312,283,230,849,1192,1733
13042030008,78.84,14.7,12.36,50.47,66.57,842,157,132,539,711,1068
13042030009,74.91,18.12,11.5,45.82,64.46,430,104,66,263,370,574
13042030010,85.39,9.74,15.36,55.24,72.47,456,52,82,295,387,534
13042030011,87.61,0.98,7.85,34.48,51.9,714,8,64,281,423,815
13042030013,82.69,5.65,10.39,43.18,62.33,1170,80,147,611,882,1415
13042030014,86,11,13.78,51.48,69.05,2384,305,382,1427,1914,2772
13042370001,63.25,32.66,12.3,47.71,64.72,1979,1022,385,1493,2025,3129
13042370002,78.31,16.22,12.37,47.39,66.02,975,202,154,590,822,1245
13043020001,80.63,0,12.38,43.49,65.71,254,0,39,137,207,315
13044010001,90.78,0,12.89,45.34,60.96,965,0,137,482,648,1063
13044010002,86.92,0.3,12.56,46.93,62.6,1176,4,170,635,847,1353
13044010003,96.53,0,10.13,39.73,54.13,362,0,38,149,203,375
14001000001,73.02,11.04,13.05,44.04,64.87,582,88,104,351,517,797
14001000003,76.42,1.42,9.92,38.46,57.39,755,14,98,380,567,988
14001000004,77.66,4.29,10.39,43.9,60,598,33,80,338,462,770
14001000005,75.34,4.52,11.48,41.34,60.22,2750,165,419,1509,2198,3650
14001000009,78.52,0,12.08,44.3,64.43,117,0,18,66,96,149
14001000012,82.86,1.25,13.85,41.32,61.18,730,11,122,364,539,881
14001000013,77.38,3.17,11.88,40.61,58.48,684,28,105,359,517,884
14001000017,77.99,1.9,12.82,41.68,58.32,3278,80,539,1752,2451,4203
14001000018,79.99,1.29,11.37,43.16,62.15,1175,19,167,634,913,1469
14001000019,77.14,1.26,14.47,46.66,67,1711,28,321,1035,1486,2218
15001070001,83.51,0.18,8.82,37.39,58.7,3636,8,384,1628,2556,4354
15001070002,77.6,0,8.55,34.18,51.39,672,0,74,296,445,866
15002060001,87.93,0.49,10.44,43.39,61.99,539,3,64,266,380,613
15002060002,83.36,0,6.98,32.08,48.32,1242,0,104,478,720,1490
15002060003,82.48,0,7.47,34.88,53.93,2152,0,195,910,1407,2609
15002060004,85.61,0,9.78,39.67,56.09,464,0,53,215,304,542
15002060005,86.17,0,7.56,35.85,56.27,1072,0,94,446,700,1244
15002060006,80.89,0,3.82,29.94,46.5,127,0,6,47,73,157
15002060007,86.23,0,10.18,42.12,57.09,432,0,51,211,286,501
15002060008,78.15,0,4.2,18.49,36.13,93,0,5,22,43,119
15003050001,81.74,0,11.17,45.06,64.33,6556,0,896,3614,5160,8021
15005030001,83.7,0,9.8,42.12,61.18,2033,0,238,1023,1486,2429
15005030002,85.48,0,10.74,42.59,60.7,2260,0,284,1126,1605,2644
15006020001,78.15,2.11,9.61,38.19,56.03,1813,49,223,886,1300,2320
15006020006,76.5,0,10.93,38.25,54.64,140,0,20,70,100,183
15006020008,82.06,0.94,8.09,39.39,55.57,700,8,69,336,474,853
15006020009,79.24,3.43,6.29,36.19,52,416,18,33,190,273,525
15006020010,80.36,4.46,14.73,48.21,63.39,180,10,33,108,142,224
15006020011,78.12,1.61,9.27,41.53,57.66,775,16,92,412,572,992
15008000001,68.03,0,4.74,21.45,36.58,517,0,36,163,278,760
15008000002,79.41,0,5.58,29.04,45.22,2376,0,167,869,1353,2992
15008000004,80.6,0,7.38,32.31,50.18,2435,0,223,976,1516,3021
15008000006,77.85,0.1,6,29.26,45.19,2243,3,173,843,1302,2881
15008000007,77.75,0,7.05,33.02,50,1003,0,91,426,645,1290
15008000008,81.08,0.07,6.59,29.04,47.57,6139,5,499,2199,3602,7572
15008000009,74.51,0,6.1,27.89,44.66,342,0,28,128,205,459
15008000010,77.44,0,5.09,28.09,46.58,532,0,35,193,320,687
15008000011,79.87,0,4.68,26.93,42.55,1468,0,86,495,782,1838
15008000013,80.13,0.11,6.22,29.33,49.54,2795,4,217,1023,1728,3488
15008000014,81.34,0.08,7.23,31.72,49.98,5127,5,456,1999,3150,6303
15008000016,80.74,0,6.8,30.21,47.79,914,0,77,342,541,1132
15008000017,76.14,0,5.52,25.95,42.55,3312,0,240,1129,1851,4350
15008000018,80.83,0.06,6.67,29.36,48.37,7073,5,584,2569,4232,8750
15008000019,77.84,0,5.83,27.07,43.4,1015,0,76,353,566,1304
15008000020,78.12,0,5.45,27.49,45.81,989,0,69,348,580,1266
15008000021,78.72,0,5.34,27.69,43.32,1768,0,120,622,973,2246
15008000022,73.44,0,5.47,21.72,40.31,470,0,35,139,258,640
15008000023,81.46,0.23,7.75,35.18,52.28,2482,7,236,1072,1593,3047
15008000024,79.6,0,7.25,29.82,47.98,1065,0,97,399,642,1338
15008000025,79.33,0,6.57,31.15,46.97,4875,0,404,1914,2886,6145
15008000026,80.42,0.22,7.03,27.7,47.97,2218,6,194,764,1323,2758
15008000028,75.86,0.74,6.59,27.21,43.75,2244,22,195,805,1294,2958
15008000029,76.4,0,5.56,26.7,44.04,1525,0,111,533,879,1996
15008000030,78.41,0,6.59,30.27,47.31,1427,0,120,551,861,1820
15008000032,78.73,0.15,5.68,26.13,43.2,8301,16,599,2755,4555,10544
15008000033,80.2,0,4.33,22.56,37.91,1333,0,72,375,630,1662
15008000034,86.54,0.07,8.39,35.04,53.16,6056,5,587,2452,3720,6998
15008000035,77.19,0,8.4,33.45,53.86,450,0,49,195,314,583
15008000036,83.66,0,8.62,40.12,56.91,563,0,58,270,383,673
15008000037,88.46,0,9.73,43.67,60.86,391,0,43,193,269,442
15008000038,82.33,0,6.59,30.66,47.71,5059,0,405,1884,2932,6145
15008000039,79.39,0,5.98,28.97,47.98,3278,0,247,1196,1981,4129
15008000040,73.19,0,4.94,24.69,41.01,830,0,56,280,465,1134
15008000041,83.36,0,6.26,34.35,49.37,466,0,35,192,276,559
15008000042,77.54,0.03,5.92,27.05,44.02,18440,6,1407,6433,10469,23782
15008000043,78.6,0.12,6.97,31.31,49.15,1895,3,168,755,1185,2411
15008000044,79.89,0,4.91,24.69,43.14,1398,0,86,432,755,1750
15008000045,79.12,0,6.92,30.41,48.46,2550,0,223,980,1562,3223
15008000046,86.39,0,7.65,36.62,56.45,1333,0,118,565,871,1543
15008000047,75.18,0,6.3,26.04,42.87,3104,0,260,1075,1770,4129
15008000048,79.88,0,6.34,29.74,45.92,1096,0,87,408,630,1372
15008000049,78.23,0,6.14,26.73,43.06,1797,0,141,614,989,2297
15008000050,84.6,0,8.33,37.37,54.55,335,0,33,148,216,396
15008000051,76.66,0.12,6.04,28.8,46.96,1954,3,154,734,1197,2549
15008000052,77.13,0.11,5.91,26.59,44.01,2152,3,165,742,1228,2790
15008000053,77.09,0,6.22,27.91,43.9,8609,0,695,3117,4903,11168
15008000054,78.93,0,5.12,25.51,40.98,1510,0,98,488,784,1913
15008000055,79.91,0,7.54,31.5,48.91,6887,0,650,2715,4215,8618
15008000057,75.05,0,5.92,26.11,45.88,710,0,56,247,434,946
15008000058,84.35,0,8.21,35.94,55.62,1110,0,108,473,732,1316
15008000059,78.53,0.08,6.54,28.49,47.03,3024,3,252,1097,1811,3851
15008000060,80.53,0,5.3,27.26,43.61,517,0,34,175,280,642
15008000061,77.42,0,6.18,28.24,45.74,1190,0,95,434,703,1537
15008000062,80.62,0,6.97,34.46,51.59,786,0,68,336,503,975
15008000063,79.24,0.04,5.79,27.36,45.72,7948,4,581,2744,4586,10030
15008000064,78.86,0,7.99,32.94,51.32,1343,0,136,561,874,1703
15008000065,79.95,0,6.32,25.55,44.23,582,0,46,186,322,728
15008000066,81.68,0,5.43,26.41,43.53,1503,0,100,486,801,1840
15008000069,78.35,0,6.85,31.99,49.7,1053,0,92,430,668,1344
15008000070,73.74,0,4.58,28.7,41.98,483,0,30,188,275,655
15008000071,77.28,0.33,6.17,27.41,46.01,939,4,75,333,559,1215
15008000072,76.46,0.16,5.4,23.6,43.6,1445,3,102,446,824,1890
15008000074,83.59,0,7.69,34.36,52.56,326,0,30,134,205,390
15008000075,75.18,0,8.87,30.5,51.77,212,0,25,86,146,282
15008000076,77.57,0,9.58,37.38,59.35,332,0,41,160,254,428
15008000077,89.12,0,7.53,37.66,53.97,213,0,18,90,129,239
15008000078,89.9,0,9.62,36.06,55.29,187,0,20,75,115,208
15008000079,80.16,0,6.02,29.05,45.58,3090,0,232,1120,1757,3855
15008000080,81.77,0,6.91,35.32,52.69,852,0,72,368,549,1042
15008000081,83.78,0,9.86,40.22,56.44,527,0,62,253,355,629
15008000082,77.21,0,7.8,33.41,50.56,1040,0,105,450,681,1347
15008000083,78.66,0.7,6.79,32.05,51.64,1924,17,166,784,1263,2446
15008000084,79.75,0.17,7.47,33.91,51.59,1430,3,134,608,925,1793
15008000085,79.74,0.13,7.39,31.5,50.06,3149,5,292,1244,1977,3949
15008000086,83.89,0,10.07,38.93,51.01,125,0,15,58,76,149
15008000087,82.67,0,6.63,27.23,44.67,2271,0,182,748,1227,2747
15008000089,82.5,0,12.14,39.29,58.57,231,0,34,110,164,280
15008000091,80.51,0,5.72,28.11,46.85,971,0,69,339,565,1206
15008000092,74.2,0.33,5.4,24.81,43.11,673,3,49,225,391,907
15008000093,75.33,0,5.36,24.8,39.09,1139,0,81,375,591,1512
15008000094,79.86,0.17,6.75,33.93,53.38,1384,3,117,588,925,1733
15008000096,76.15,0,7.1,27.02,46.27,1705,0,159,605,1036,2239
15008000097,78.33,0,9.73,38.79,54.76,741,0,92,367,518,946
15008000098,80.18,0,5.71,32.73,47.15,267,0,19,109,157,333
15008000099,78.06,0,6.23,30.25,45.93,2658,0,212,1030,1564,3405
15008000100,77.14,0,6.02,27.2,45.42,1846,0,144,651,1087,2393
15008000101,75.29,0,5.78,26.91,42.69,1575,0,121,563,893,2092
15008000103,83.37,0,6.8,28.88,45.75,687,0,56,238,377,824
15008000104,83.45,0,4.93,34.15,49.65,237,0,14,97,141,284
15008000105,83.94,0,8.62,32.64,50.92,1782,0,183,693,1081,2123
15008000106,74.32,0,6.26,28.81,45.24,570,0,48,221,347,767
15008000107,76.06,0,7.04,34.51,54.58,216,0,20,98,155,284
15008000108,78.63,0,7.05,31.61,50,714,0,64,287,454,908
15008000109,79.95,0,5.66,34.79,51.3,678,0,48,295,435,848
15008000110,81.8,0,9.84,35.25,52.95,499,0,60,215,323,610
15008000111,83.02,0,5.07,25.18,42.24,1032,0,63,313,525,1243
15008000112,77.78,0.16,5.96,28.18,44.51,1971,4,151,714,1128,2534
15008000113,81.94,0,6.08,31.07,48.52,2128,0,158,807,1260,2597
15008000114,75.52,0,5.08,25.05,44.82,401,0,27,133,238,531
15008000115,84.31,0,6.32,31.15,49.65,360,0,27,133,212,427
15008000117,84.29,0,6.58,32.48,49.68,397,0,31,153,234,471
15008000118,79.64,0,6.33,25.79,40.72,176,0,14,57,90,221
15008000119,81.23,0,6.13,30.27,49.43,212,0,16,79,129,261
15008000120,73.49,0,5.76,27.38,44.09,255,0,20,95,153,347
15008000121,75.16,0,6.83,35.4,48.76,242,0,22,114,157,322
15008000122,78.41,0,6.74,31.52,49.09,1035,0,89,416,648,1320
15008000123,83.03,0,6.17,30.33,45.24,323,0,24,118,176,389
15008000124,74.57,0,5.82,27.27,44.03,525,0,41,192,310,704
15008000125,77.93,0,5.43,28.01,44.95,1850,0,129,665,1067,2374
15008000126,83.3,0,6.39,30.72,49.9,404,0,31,149,242,485
15008000127,77.14,0.13,5.66,25.67,42.19,4116,7,302,1370,2251,5336
15008000128,82.9,0,7.2,32.58,49.49,2774,0,241,1090,1656,3346
15008000129,81.57,0,6.08,28.46,45.14,4505,0,336,1572,2493,5523
15008000136,81.53,0,8.63,34.77,54.92,340,0,36,145,229,417
15008000137,79.39,0,11.49,36.94,56.03,836,0,121,389,590,1053
15008000138,85.24,0,7.47,34.12,50.9,1941,0,170,777,1159,2277
15008000139,80.08,0,7.37,36.09,55.89,619,0,57,279,432,773
15008000140,78.4,0,4.08,30.51,43.96,519,0,27,202,291,662
15008000141,78.1,0,4.76,23.8,40.23,3494,0,213,1065,1800,4474
15008000142,69.2,0,4.86,19.75,40.52,883,0,62,252,517,1276
15008000143,81.66,0,7.71,33.1,52.38,3049,0,288,1236,1956,3734
15008000144,85.53,0,8.52,32.21,48.96,863,0,86,325,494,1009
15008000145,67.89,0,4.47,23.98,41.46,167,0,11,59,102,246
15011050001,88.03,0,11.97,47.86,66.78,1545,0,210,840,1172,1755
15013030001,83.79,0.19,8.46,38.56,55.68,1762,4,178,811,1171,2103
15013030002,83.01,0,7.96,37.87,57.96,1554,0,149,709,1085,1872
15013030003,81.13,0,10.01,35.6,55.23,1062,0,131,466,723,1309
15013030004,88.42,0,13.33,42.46,60,252,0,38,121,171,285
15013030005,81.67,0,9.44,37.22,55.56,147,0,17,67,100,180
15013030006,85.39,0,13.48,46.71,66.77,532,0,84,291,416,623
15014020001,77.9,0.03,5.42,25.63,41.01,18726,7,1304,6162,9860,24040
15014020002,76.1,0.21,4.87,23.54,40.08,9220,25,590,2852,4856,12116
15014020003,76.07,0.11,4.73,22.15,37.56,18403,27,1145,5358,9088,24193
15014020004,76.73,0.09,4.73,23.89,39.32,4250,5,262,1323,2178,5539
15014020005,74.92,0,3.99,22.99,36.17,1222,0,65,375,590,1631
15014020006,77.11,0.06,5.33,24.52,40.6,9637,8,666,3065,5074,12498
15014020007,77.26,0.05,5.48,25.63,41.81,33305,22,2364,11046,18023,43105
15014020008,76.58,0.06,5.06,24.59,40.61,23986,19,1586,7701,12718,31321
15014020010,79.99,0.06,5.97,28.03,44.25,13581,11,1014,4759,7512,16978
15014020011,78.34,0.02,5.35,26.36,42.27,13793,3,942,4641,7442,17606
15014020013,80,0,5.98,27.59,44.02,10631,0,795,3666,5849,13288
15014020022,78.73,0,5.55,25.1,41.29,4639,0,327,1479,2433,5892
15014020023,83.18,0,6.03,27.67,44.3,1365,0,99,454,727,1641
15014020024,80.41,0,5.33,28.02,44.23,1449,0,96,505,797,1802
15014020025,78.09,0.79,6.81,28.38,44.27,688,7,60,250,390,881
15014020026,79.73,0,7.04,30.93,46.05,464,0,41,180,268,582
15014020027,83.15,0,6.76,28.97,45.6,775,0,63,270,425,932
15014020028,82.81,0.44,6.28,31.54,47.12,1898,10,144,723,1080,2292
15014020029,62.4,0,4.86,23.79,41.69,244,0,19,93,163,391
15014020030,84.13,0.2,7.49,35.58,54.09,1686,4,150,713,1084,2004
15014020031,81.8,0,8.5,33.5,51.81,1492,0,155,611,945,1824
15014020032,78.91,0.07,6.74,30.79,48.97,4775,4,408,1863,2963,6051
15014020033,77.59,0,5.78,27.11,42.23,6204,0,462,2168,3377,7996
15014020035,84.48,0,8.94,35.79,53.12,3071,0,325,1301,1931,3635
15014020036,80.69,0,7.19,30.5,47.77,5140,0,458,1943,3043,6370
15014020037,73.88,0.04,4.56,22.24,38.17,6784,4,419,2042,3505,9182
15014020038,78.76,0,6.53,27.82,44.6,4221,0,350,1491,2390,5359
15014020039,73.55,0,4.81,21.65,37.95,2769,0,181,815,1429,3765
15014020040,81.58,0,8,33.51,49.73,1519,0,149,624,926,1862
15014020041,76.4,0,5.28,23.93,45.17,680,0,47,213,402,890
15014020042,77.96,0,5.66,26.45,45.07,1185,0,86,402,685,1520
15014020043,76.78,0,5.95,28.82,46.38,1561,0,121,586,943,2033
15014020044,80,0,6.91,31.79,47.83,3136,0,271,1246,1875,3920
15014020045,81.98,0.16,7.82,36.41,52.73,2612,5,249,1160,1680,3186
15014020046,78.62,0,8.07,30.97,46.76,1140,0,117,449,678,1450
15014020047,79.72,0,5.14,24.35,39.15,1411,0,91,431,693,1770
15014020048,70.28,0,6.33,22.96,39.06,655,0,59,214,364,932
15014020049,76.23,0,5.21,24.7,40.21,2531,0,173,820,1335,3320
15014020050,71.79,0.16,4.29,21.33,35.85,10735,24,641,3189,5361,14954
15014020051,82.04,0.31,6.14,29.79,47.31,6615,25,495,2402,3815,8063
15014020052,77.2,0.07,4.51,22.87,36.93,4300,4,251,1274,2057,5570
15014020053,75.88,0.25,5.47,24.78,40.92,3329,11,240,1087,1795,4387
15014020054,76.91,0,4.55,23.44,38.98,3498,0,207,1066,1773,4548
15014020055,77.95,0.07,5.33,25.94,42.99,4225,4,289,1406,2330,5420
15014020056,76.07,0.12,5.29,25.48,42.6,9174,15,638,3073,5137,12060
15014020057,75,0.24,4.83,23.31,39.55,19021,60,1225,5912,10030,25361
15014020058,79.1,0.23,5.84,25.59,41.19,2074,6,153,671,1080,2622
15014020059,77.48,0.56,4.47,22.92,38.02,970,7,56,287,476,1252
15014020060,75.97,1.21,5.22,27.31,42.11,626,10,43,225,347,824
15014020061,81.45,0.11,7.28,31.95,47.63,4545,6,406,1783,2658,5580
15014020062,74.69,4.77,7.09,31.66,47.05,3161,202,300,1340,1991,4232
15014020063,78.83,0.1,6.61,30.51,45.65,11061,14,928,4281,6405,14032
15014020064,78.41,0.36,6.01,28.37,47.58,2869,13,220,1038,1741,3659
15014020065,81.74,0,6.41,30.42,49.14,3380,0,265,1258,2032,4135
15014020066,78.6,0,5.33,28.36,47.37,2137,0,145,771,1288,2719
15014020067,78.6,0.05,5.27,27.69,43.23,4820,3,323,1698,2651,6132
15014020068,75,0.35,5.26,23.71,39.6,642,3,45,203,339,856
15014020069,80.32,0,7.85,33.22,50.74,706,0,69,292,446,879
15014020070,79.83,0,6.66,30.65,46.91,2636,0,220,1012,1549,3302
15014020071,81.48,0,6.98,32.76,50.95,7089,0,607,2850,4433,8700
15014020072,81.55,0.14,7.32,33.33,51.64,1737,3,156,710,1100,2130
15014020073,77.76,0,5.51,26.81,42.59,409,0,29,141,224,526
15014020075,77.04,0,5.07,21.92,40.33,745,0,49,212,390,967
15014020076,80.73,0.38,6.03,32.16,48.88,2342,11,175,933,1418,2901
15014020077,76.73,0,5.54,24.74,40.66,887,0,64,286,470,1156
15014020078,77.69,0,5.61,28.2,44.4,3904,0,282,1417,2231,5025
15014020079,79.3,0,5.29,25.33,41.4,839,0,56,268,438,1058
15014020080,80.51,0.03,6.89,29.88,46.29,8782,3,752,3259,5049,10908
15014020081,79.26,0.5,5.67,29.19,45.96,1257,8,90,463,729,1586
15014020082,78.4,0,5.76,28.44,46.53,871,0,64,316,517,1111
15014020083,79.6,0,6.41,30.73,47.88,1787,0,144,690,1075,2245
15014020084,78.44,0.18,5.98,27.94,43.45,2569,6,196,915,1423,3275
15014020085,80.95,0,6,30.19,47.79,1228,0,91,458,725,1517
15014020087,80.19,0,6.98,27.04,47.36,1895,0,165,639,1119,2363
15014020089,79.19,0,7.27,33.5,49.88,643,0,59,272,405,812
15014020090,88.1,0,6.42,27.77,43.76,755,0,55,238,375,857
15014020091,79.09,0,5.95,28.72,44.56,1184,0,89,430,667,1497
15014020092,81.07,0.08,6.61,31.15,47.48,11031,11,899,4239,6460,13607
15014020093,81.03,0,7.49,31.63,49.47,1222,0,113,477,746,1508
15014020094,79.61,0,5.15,32.83,49.79,742,0,48,306,464,932
15014020095,82.98,0,7.67,30.98,48.93,541,0,50,202,319,652
15014020096,79.9,0,6.77,30.08,49.41,1145,0,97,431,708,1433
15014020097,81.55,0,6.2,29.88,48.3,2669,0,203,978,1581,3273
15014020098,78.82,0.16,6.64,30.04,47.2,5967,12,503,2274,3573,7570
15014020099,82.98,0,5.47,26.52,42.74,2062,0,136,659,1062,2485
15014020100,71.65,0,4.44,19.9,35.51,1840,0,114,511,912,2568
15014020102,75.8,0,6.39,27.73,44.36,3974,0,335,1454,2326,5243
15014020103,74.77,0,4.94,24.59,38.12,818,0,54,269,417,1094
15014020104,76.82,0.2,5.04,23.2,38.2,11257,30,738,3400,5597,14653
15014020105,76.49,0,4.55,22.5,39.32,605,0,36,178,311,791
15014020106,80.43,0,5.07,29.23,45.29,666,0,42,242,375,828
15014020107,80.13,0.08,5.47,26.39,42.33,2900,3,198,955,1532,3619
15014020108,81.42,0,5.85,29.57,44.74,2393,0,172,869,1315,2939
15014020109,78.52,0,5.69,27.69,44.66,2138,0,155,754,1216,2723
15014020110,80.27,0,6.93,31.95,48.61,7964,0,688,3170,4823,9922
15014020111,75.84,0,6.23,26.23,42.34,876,0,72,303,489,1155
15014020112,82.68,0,7.06,33.01,49.14,3562,0,304,1422,2117,4308
15014020113,73.13,0.1,4.17,21.78,40.39,2142,3,122,638,1183,2929
15014020114,73,0,5,29,40.25,292,0,20,116,161,400
15014020115,82.27,0.02,6.03,28.64,45.66,18462,5,1354,6427,10247,22441
15014020116,80.78,0,7.33,38.27,54.89,496,0,45,235,337,614
15014020117,83.42,0,7.73,35.49,48.98,1187,0,110,505,697,1423
15014020118,75.93,0,6.59,26.22,41.33,1025,0,89,354,558,1350
15014020119,78.52,0,5.42,26.84,44.54,1100,0,76,376,624,1401
15014020120,81.79,0,8.24,31.53,48.07,1271,0,128,490,747,1554
15014020121,81.37,0,7.17,30.02,48.23,2372,0,209,875,1406,2915
15014020122,84.96,0,7.14,29.65,43.72,785,0,66,274,404,924
15014020123,80.92,0,10.69,38.93,51.91,106,0,14,51,68,131
15014020124,76.35,0,5.69,25.45,40.72,255,0,19,85,136,334
15014020125,81.55,0,5.54,32.1,47.23,221,0,15,87,128,271
15014020126,82.49,0.42,6.51,32.19,46.46,989,5,78,386,557,1199
15014020127,78.53,0,7.2,31.71,48.29,1865,0,171,753,1147,2375
15014020128,77.78,0,4.76,29.63,41.8,147,0,9,56,79,189
15014020130,80.57,0,4.96,29.14,44.56,763,0,47,276,422,947
15014020131,82.96,0.05,8.03,34.38,52.11,5043,3,488,2090,3168,6079
15014020132,78.26,0.91,9.06,40.22,57.25,432,5,50,222,316,552
15014020133,81.5,1.34,9.38,41.29,61.39,304,5,35,154,229,373
15014020134,81.33,0,3.61,21.69,36.14,135,0,6,36,60,166
15014020135,78.66,0,6.61,25.75,44.49,999,0,84,327,565,1270
15014020136,79.7,0,8.44,34.67,53.33,538,0,57,234,360,675
15014020137,82.23,0,7.04,31.36,52.18,1319,0,113,503,837,1604
15014020138,78.99,0,7.52,29.29,48.16,515,0,49,191,314,652
15014020139,73.9,0,4.93,23.94,39.59,855,0,57,277,458,1157
15014020140,70.54,0,7.62,29.26,50.5,352,0,38,146,252,499
15014020141,80.68,0,6.99,32.78,50.17,1846,0,160,750,1148,2288
15014020142,78.6,0,6.17,29.71,47,955,0,75,361,571,1215
15014020143,73.7,0,5.64,24.33,40.61,824,0,63,272,454,1118
15014020145,69.09,0,3.53,20.31,34.55,626,0,32,184,313,906
15014020146,76.68,0,6.82,29.4,46.08,832,0,74,319,500,1085
15014020147,80.69,0,8.27,32.25,50.59,1571,0,161,628,985,1947
15014020148,76.66,0.22,5.93,28.36,44.5,1757,5,136,650,1020,2292
15014020149,75.75,0,5.22,25.4,43.59,987,0,68,331,568,1303
15014020150,80.82,0,7.1,27.56,45.03,569,0,50,194,317,704
15014020151,84.36,0,6.45,28.81,42.97,1596,0,122,545,813,1892
15014020152,85.71,0,6.83,30.43,47.83,138,0,11,49,77,161
15014020153,80.45,0,5.87,30.17,47.02,864,0,63,324,505,1074
15014020154,83.44,0,7.86,35.67,49.89,786,0,74,336,470,942
15014020155,81.28,1.72,6.4,34.01,46.18,521,11,41,218,296,641
15014020156,84.52,0,6.55,33.93,43.45,142,0,11,57,73,168
15014020157,83.54,0,11.39,38.61,59.49,396,0,54,183,282,474
15014020158,81.28,0,7.58,31.2,47.25,547,0,51,210,318,673
15014020159,79.46,0.14,8.56,34.52,49.79,1671,3,180,726,1047,2103
15014020160,65.66,0,4.55,22.22,36.87,130,0,9,44,73,198
15014020161,84.23,0,8.11,27.03,42.79,187,0,18,60,95,222
15014020162,82.95,0,6.81,30.49,44.98,2204,0,181,810,1195,2657
15014020163,83.28,0,5.67,27.16,43.88,279,0,19,91,147,335
15014020164,86.56,0,7.53,32.26,50.54,161,0,14,60,94,186
15014020165,82.82,0,7.36,39.88,50.31,135,0,12,65,82,163
15014020167,88.15,0,7.29,34.62,45.33,387,0,32,152,199,439
15014020168,76.44,0,5.18,22.08,38.06,2171,0,147,627,1081,2840
15014020169,69.69,0,8.03,36.53,54.92,269,0,31,141,212,386
15014020171,76.01,0,6.14,28.21,45.02,1746,0,141,648,1034,2297
15014020172,78.74,0,7.51,30.3,46.74,1437,0,137,553,853,1825
15014020173,84.95,0,7.32,32.39,50.62,1705,0,147,650,1016,2007
15014020174,81.43,0,7.68,31.7,48.13,763,0,72,297,451,937
15014020175,72.09,0,5.83,27.07,43.14,767,0,62,288,459,1064
15014020176,81.9,0.91,6.95,28.15,43.51,448,5,38,154,238,547
15014020177,79.87,0,7.01,30.57,47.71,1254,0,110,480,749,1570
15014020178,79.35,0,10.02,37.42,49.08,388,0,49,183,240,489
15014020179,79.98,0.27,7.83,32.55,49.73,2369,8,232,964,1473,2962
15014020180,80.49,0,6.28,29.82,50,359,0,28,133,223,446
15014020181,81.13,0,8.24,34.27,50.54,374,0,38,158,233,461
15014020182,80.08,0,6.14,29.87,48.31,378,0,29,141,228,472
15014020183,82.89,0,6.23,28.85,48.53,678,0,51,236,397,818
15014020184,86.45,1.23,6.16,31.62,46,421,6,30,154,224,487
15014020185,79.47,0,5.93,31.61,46.89,817,0,61,325,482,1028
15014020186,79.01,0.07,7.1,31.73,48.4,3162,3,284,1270,1937,4002
15014020187,81.53,0.14,6.64,32.85,50.94,1695,3,138,683,1059,2079
15014020188,77.27,0.85,6.25,31.39,48.72,544,6,44,221,343,704
15014020189,85.8,0,7.1,36.09,52.37,290,0,24,122,177,338
15014020190,81.82,0,5.12,26.3,41.84,927,0,58,298,474,1133
15014020191,77.18,0,4.68,25.14,40.93,2063,0,125,672,1094,2673
15014020192,77.94,0,6.09,26.21,42.37,2049,0,160,689,1114,2629
15014020193,80.3,0.09,5.54,27.96,44.4,5933,7,409,2066,3281,7389
15014020194,77.36,0,5.84,27.69,44.82,1179,0,89,422,683,1524
15014020195,74.44,0.11,5.18,22.46,36.89,2042,3,142,616,1012,2743
15014020196,75.69,0,4.84,22.13,37.45,766,0,49,224,379,1012
15014020197,75.3,0,3.64,22.77,38.47,1323,0,64,400,676,1757
15014020198,81.08,0,7.51,24.76,43.67,583,0,54,178,314,719
15014020199,79.31,0,6.37,34.29,51.26,1767,0,142,764,1142,2228
15014020200,72.59,0,4.66,22.39,37.4,1650,0,106,509,850,2273
15014020201,78.27,0,5.47,25.6,43.44,4467,0,312,1461,2479,5707
15014020202,75.21,0.16,5.63,22.94,38.98,1829,4,137,558,948,2432
15014020203,82.22,0,7.78,31.33,50,370,0,35,141,225,450
15014020204,80.08,0.29,5.29,27.24,43.57,3827,14,253,1302,2082,4779
15014020205,79.57,0,6.91,31.19,46.79,806,0,70,316,474,1013
15014020206,78.92,0,6.05,24.66,38.57,352,0,27,110,172,446
15014020207,77.68,0.05,5.78,28.46,44.57,6396,4,476,2343,3670,8234
15014020208,88.14,0,8.04,36.35,52.55,691,0,63,285,412,784
15014020209,83.29,0,10.89,34.94,57.22,329,0,43,138,226,395
15014020210,78.93,0,5.51,29.34,48.3,487,0,34,181,298,617
15014020212,86.59,0,8.54,36.59,57.32,71,0,7,30,47,82
15014020213,81.25,0,6.16,30.39,50.86,949,0,72,355,594,1168
15014020215,92.91,0,12.77,38.3,66.67,131,0,18,54,94,141
15014020216,82.76,0,7.71,29.87,49.33,859,0,80,310,512,1038
15014020217,80.02,0,6.76,30.07,48,1682,0,142,632,1009,2102
15014020218,80.02,0.27,5.97,28.29,46.88,1502,5,112,531,880,1877
15014020219,77.75,0.19,7.29,28.81,46.28,1611,4,151,597,959,2072
15014020220,79.96,0.06,6.01,26.41,42.56,10624,8,798,3509,5654,13286
15014020221,82.3,0.81,5.7,29.6,46.19,809,8,56,291,454,983
15014020222,83.54,0,6.07,27.78,42.7,812,0,59,270,415,972
15014020223,77.17,0,5.26,25.9,41.4,1305,0,89,438,700,1691
15014020224,83.41,0,5.86,26.14,42.79,1423,0,100,446,730,1706
15014020225,83.76,0,6.57,33.87,50.35,727,0,57,294,437,868
15014020226,84.18,0,6.93,31.5,49.93,644,0,53,241,382,765
15014020227,78.6,0,6.99,30.3,46.82,371,0,33,143,221,472
15014020228,82.49,0,8.36,36.67,54.91,1244,0,126,553,828,1508
15014020229,79.2,0,6.66,32.26,52.04,1866,0,157,760,1226,2356
15014020230,84.81,0,8.53,36.45,54.09,726,0,73,312,463,856
15014020231,80.09,0.13,6.33,29.32,46.09,4747,8,375,1738,2732,5927
15014020232,84.02,0,4.84,22.28,42.37,347,0,20,92,175,413
15014020233,82.15,0,4.49,23.27,40.47,879,0,48,249,433,1070
15014020234,85.47,0,7.88,38.67,54.68,347,0,32,157,222,406
15014020235,77.32,0,6.23,31.83,46.55,583,0,47,240,351,754
15015010001,81.75,0,9.65,38.6,55.96,466,0,55,220,319,570
15015010002,92.98,0,10.53,36.84,52.63,53,0,6,21,30,57
15015010003,81.06,0.24,7.77,36.13,48.49,1023,3,98,456,612,1262
15015010005,76.65,0,6.66,28.27,44.36,1277,0,111,471,739,1666
15015010006,89.03,0,9.23,40.15,58.48,714,0,74,322,469,802
15015010007,86,0,7.57,32.63,51.91,1057,0,93,401,638,1229
15015010008,85.49,0,7.78,30.78,48.44,2033,0,185,732,1152,2378
15015010011,83.03,0,7.01,35.52,53.24,1101,0,93,471,706,1326
15015010012,79.28,0,5.5,30.02,42.71,375,0,26,142,202,473
15015010013,77.57,0.59,9.97,29.62,49.85,529,4,68,202,340,682
15015010014,81.2,0.24,7.58,32.07,50.08,1028,3,96,406,634,1266
15015010015,80.37,0,9.28,39.42,56.32,528,0,61,259,370,657
15015010016,79.85,0,6.87,27.33,43.66,523,0,45,179,286,655
15015010017,83.9,0,8.99,35.96,49.06,224,0,24,96,131,267
15015010018,83.93,0,11.16,42.41,54.02,188,0,25,95,121,224
15015010019,88.7,0,4.26,23.33,33.52,479,0,23,126,181,540
15015010020,80.26,0,8.33,28.95,42.98,183,0,19,66,98,228
15015010021,81.28,0,6.65,34.73,50.99,330,0,27,141,207,406
15015010022,85.88,0,5.24,31.44,43.05,377,0,23,138,189,439
15015010023,84.01,0,7.52,27.59,36.99,268,0,24,88,118,319
15015010026,84.57,0,7.07,34.08,51.45,263,0,22,106,160,311
15015010027,78.39,0,8.23,35.51,48.2,457,0,48,207,281,583
15015010030,82.65,0,10.2,42.18,57.48,243,0,30,124,169,294
15015010031,80.87,0,11.3,37.39,48.7,93,0,13,43,56,115
15015010032,85.73,0,7.49,33.63,52.89,859,0,75,337,530,1002
15015010033,79.06,0.45,6.16,28,42.55,706,4,55,250,380,893
15015010040,91.28,0,10.07,38.59,54.03,272,0,30,115,161,298
15017090001,92.26,0,9.8,40.8,59.03,1610,0,171,712,1030,1745
15017090003,82.27,0,9.03,40.47,60.87,246,0,27,121,182,299
15017090004,84.02,0,12.37,43.3,65.46,326,0,48,168,254,388
15017090005,89.46,0,9.52,39.46,55.78,263,0,28,116,164,294
15017090006,83.62,0,15.36,49.49,66.55,490,0,90,290,390,586
15017090007,84.5,0.46,7.2,38.29,54.24,927,5,79,420,595,1097
15017090008,98.64,0,10.19,40.08,54.48,726,0,75,295,401,736
15017090009,79.83,0,7.73,35.91,50.28,289,0,28,130,182,362
15017090010,87.07,0,14.97,46.26,65.65,256,0,44,136,193,294
15017090011,83.31,0,7.62,39.29,55.19,634,0,58,299,420,761
15017090012,84.07,0,9.34,43.96,59.34,306,0,34,160,216,364
15017090014,96.99,0,8.67,40.71,56.64,548,0,49,230,320,565
15017090015,90.72,0,9.9,40.62,58.76,440,0,48,197,285,485
15017820001,86.18,0,13.82,40.38,57.18,318,0,51,149,211,369
15017820002,82.59,1.26,9.14,42.51,58.46,849,13,94,437,601,1028
15017820003,81.5,0.16,8.32,37.33,52.91,2537,5,259,1162,1647,3113
15017820004,84.19,0.1,9.15,39.97,57.44,3541,4,385,1681,2416,4206
15017820005,80.63,0,7.69,36.09,52.43,2759,0,263,1235,1794,3422
15017820006,85.73,0,10.96,43.31,59.87,673,0,86,340,470,785
15018080001,84.01,0,11.56,47,66.25,1934,0,266,1082,1525,2302
15018080002,84.09,0,12.54,50.66,68.06,1972,0,294,1188,1596,2345
15018080003,82.14,0,12.24,41.7,61.11,906,0,135,460,674,1103
15018080004,84.77,0,13.51,47.67,64.62,345,0,55,194,263,407
15018080005,82.3,0,8.11,40.09,60.55,893,0,88,435,657,1085
15021030001,81.08,0.34,9.43,38.18,57.07,2408,10,280,1134,1695,2970
15021030002,70.56,0,6.18,30.51,51.56,925,0,81,400,676,1311
15021030003,81.12,0,8.53,38.45,59.28,1749,0,184,829,1278,2156
15021030004,81.5,0,12.05,43.79,63.84,683,0,101,367,535,838
15021030005,81.17,0,8.28,38.64,56.49,500,0,51,238,348,616
15021030006,81.43,0,9.51,40.71,58.4,548,0,64,274,393,673
15021030007,77.11,0,8.43,41.27,61.45,256,0,28,137,204,332
15021030008,83.93,0,12.61,41.13,65.08,2163,0,325,1060,1677,2577
15021030009,84.83,0,12.61,39.86,63.14,962,0,143,452,716,1134
15021030010,81.85,0,8.58,35.97,53.14,248,0,26,109,161,303
15021030011,81.14,0,7.49,40.05,58.4,314,0,29,155,226,387
15022020001,83.17,0,9.24,33.66,50.5,252,0,28,102,153,303
15022020002,73.89,0,8.92,35.67,56.69,116,0,14,56,89,157
15022020004,83.51,0,8.59,35.05,51.89,243,0,25,102,151,291
15022020005,69.05,0,8.93,32.14,53.57,116,0,15,54,90,168
15022020006,74.26,0,8.09,31.25,43.75,202,0,22,85,119,272
15022020008,86.36,0,7.69,37.43,55.35,1089,0,97,472,698,1261
15022020011,80.82,0,6.32,33.68,49.36,691,0,54,288,422,855
15022020012,80.39,0,7.63,34.88,54.79,537,0,51,233,366,668
15022020013,73.16,0,5.27,25.65,42.35,736,0,53,258,426,1006
15022020015,78.07,0,9.64,32.29,48.67,324,0,40,134,202,415
15022020016,80,0,9.74,36.75,54.29,616,0,75,283,418,770
15022020018,81.5,0,7.8,39.6,58.09,282,0,27,137,201,346
15022020020,80.2,0,7.97,33.57,52.06,1892,0,188,792,1228,2359
15022020021,71.51,0,7.82,34.64,51.4,128,0,14,62,92,179
15022020022,78.28,0,11.24,40.82,59.55,209,0,30,109,159,267
15024000001,75,0,7.89,28.29,50,114,0,12,43,76,152
15024000004,83.11,0,9.22,37.86,54.8,1776,0,197,809,1171,2137
15024000008,77.09,0,6.42,37.26,53.53,360,0,30,174,250,467
15024000009,88.33,0,8,31.67,46.67,265,0,24,95,140,300
15024000015,84.29,0.22,8.81,39.06,58.36,1502,4,157,696,1040,1782
15024000016,86.21,0,7.53,39.77,57.48,813,0,71,375,542,943
15024000017,81.56,0,8.62,34.87,51.7,407,0,43,174,258,499
15024000018,79,0,8.04,36.19,55.67,884,0,90,405,623,1119
15024000019,93.91,0,10.43,39.13,61.74,216,0,24,90,142,230
15024000021,77.44,0,7.9,31.81,51.54,1558,0,159,640,1037,2012
15024000022,84.44,0,9.7,41.41,60.2,418,0,48,205,298,495
15024000023,80.89,0,6.85,36.72,52.82,1075,0,91,488,702,1329
15024000024,81.14,0,8.08,33.67,49.66,482,0,48,200,295,594
15024000025,85.1,0,9.37,38.82,56.28,1925,0,212,878,1273,2262
15024000026,82.97,0.24,7.64,36.18,53.52,1369,4,126,597,883,1650
15024000027,85.6,0,8.48,32.74,49.31,434,0,43,166,250,507
15024000028,75.36,0,5.8,29.71,42.39,208,0,16,82,117,276
15024000030,82.71,0,7.48,35.51,50.93,177,0,16,76,109,214
15024000033,93.71,0,9.79,34.27,62.24,134,0,14,49,89,143
15024000034,83.04,0,6.36,31.63,44.88,470,0,36,179,254,566
15024000037,81.25,0,8.75,41.25,58.75,65,0,7,33,47,80
15024000039,75.87,0,10.2,34.08,47.76,305,0,41,137,192,402
15029390001,80.88,0,7.73,40.86,54.93,1172,0,112,592,796,1449
15033090001,75.62,0,8.93,34.53,51.98,1625,0,192,742,1117,2149
15033090002,87.79,0,5.89,36,53.05,417,0,28,171,252,475
15034570001,82.39,0,8.25,35.59,53.69,669,0,67,289,436,812
15036060001,83.09,1.1,11.94,39.82,58.8,1204,16,173,577,852,1449
15036060002,89.08,0,8.31,36.31,53.54,579,0,54,236,348,650
15036060003,87.98,0,12.23,43.78,63.52,410,0,57,204,296,466
15037050003,85.1,0,10.58,38.66,56.16,394,0,49,179,260,463
15037050005,75,0,11.76,47.06,60.29,102,0,16,64,82,136
15038040001,80.58,0,10.79,42.09,55.76,224,0,30,117,155,278
15038040002,87.17,0,10.51,39.26,55.8,564,0,68,254,361,647
15038040004,82.42,0,13.67,35.55,58.2,211,0,35,91,149,256
15038040005,86.46,0,13.02,42.19,59.38,166,0,25,81,114,192
15038040007,84.02,0,9.5,41.74,57.16,610,0,69,303,415,726
15038040008,85.18,0,9.7,45.01,58.22,316,0,36,167,216,371
15038040009,80.48,0,6.42,35.29,53.74,301,0,24,132,201,374
15038040010,81.36,0,9.6,44.63,55.65,288,0,34,158,197,354
15042080001,85.87,0,9.42,39.7,58.31,3627,0,398,1677,2463,4224
15042080003,84.89,0.06,9.09,37.76,55.67,12134,9,1299,5397,7957,14293
15042080004,86.16,0.13,10.24,42.19,60.04,2708,4,322,1326,1887,3143
15042080006,83.33,0,9.15,39.2,57.07,4173,0,458,1963,2858,5008
15042080007,85.56,2.45,9.28,41.07,58.41,1327,38,144,637,906,1551
15042080008,82.02,0.21,7.43,35.45,51.81,5854,15,530,2530,3698,7137
15042080009,79.36,0,7.75,35.67,51.97,2979,0,291,1339,1951,3754
15042080010,83.56,0,8.37,36.15,51.58,2226,0,223,963,1374,2664
15042080012,86.24,0.18,9.93,35.79,52.84,1441,3,166,598,883,1671
15042080013,85.06,0,8.99,38.57,56.32,5712,0,604,2590,3782,6715
15042080014,94.29,0,9,40.85,57.03,1288,0,123,558,779,1366
15042080015,90.81,0,6.89,38.41,53.03,435,0,33,184,254,479
15042080016,82.96,0.13,9.52,39.09,57.14,6823,11,783,3215,4699,8224
15042080017,94.21,0,9.45,40.55,55.18,309,0,31,133,181,328
15042080018,96.18,0,11.47,45.29,63.24,327,0,39,154,215,340
15042080019,89.68,0,10.97,36.65,57.42,695,0,85,284,445,775
15042080020,84.94,0.31,11.4,42.47,61.72,812,3,109,406,590,956
15042080021,85.44,0.86,9.11,40.5,58.41,1097,11,117,520,750,1284
15042080023,89.07,0,9.72,38.06,50.61,220,0,24,94,125,247
15042080024,82.41,0.61,7.16,36.61,56.65,403,3,35,179,277,489
15042080025,87.01,0,8.27,43.7,58.27,221,0,21,111,148,254
15044220001,83.24,0,7.58,33.52,48.2,879,0,80,354,509,1056
15044220002,81.22,0,7.76,33.75,52.03,1622,0,155,674,1039,1997
15044220003,80.96,0,6.84,29.87,46.62,3968,0,335,1464,2285,4901
15044220004,80.86,0,6.81,30.41,47.64,8481,0,714,3189,4996,10488
15044220005,80.35,0,5.77,32.75,49.27,822,0,59,335,504,1023
15044220006,76,0.17,5.24,25.49,42.82,3962,9,273,1329,2232,5213
15044220007,81.75,0,6.27,33.67,49.62,1277,0,98,526,775,1562
15044220008,79.09,0,5.05,33.99,51.34,798,0,51,343,518,1009
15044220009,77.38,0,6.29,26.88,43,763,0,62,265,424,986
15044220011,81.45,0.31,7.95,31.27,48.47,1568,6,153,602,933,1925
15044220013,80.41,0.15,7.29,32.05,49.63,6771,13,614,2699,4179,8421
15044220015,77.82,0.16,4.96,26.08,43.89,2477,5,158,830,1397,3183
15044220016,82.6,0,7.8,34.91,51.88,2108,0,199,891,1324,2552
15044220017,77.09,0,5.79,25.24,44.68,1225,0,92,401,710,1589
15044220019,77.34,0,7.28,31.03,50.41,850,0,80,341,554,1099
15044220020,82.24,0,12.83,37.5,56.58,250,0,39,114,172,304
15044220021,78.94,0,8.63,34.7,52.29,1638,0,179,720,1085,2075
15044220022,80.85,0,10,34.27,52.44,663,0,82,281,430,820
15044220023,84.16,0,3.37,24.44,40.71,1722,0,69,500,833,2046
15044220024,84.84,0,7.82,35.14,54.44,1270,0,117,526,815,1497
15044220025,77.27,0,8.33,32.58,46.21,102,0,11,43,61,132
15044220026,89.45,0,8.79,35.18,52.51,356,0,35,140,209,398
15044220027,80.76,0,7.36,32.3,49.17,340,0,31,136,207,421
15044220028,74.58,0,6.21,23.45,37.57,264,0,22,83,133,354
15044220029,77.3,0,6.05,26.28,43.21,1662,0,130,565,929,2150
15044220030,76.58,0,8.54,29.48,47.11,278,0,31,107,171,363
15044220032,81.92,0,10.34,38.18,56.52,974,0,123,454,672,1189
15044220033,82.18,0,10.57,38.97,54.68,272,0,35,129,181,331
15044220035,81.33,0,8.67,36.67,58.67,122,0,13,55,88,150
15044220036,83.58,0,11.19,42.54,56.72,112,0,15,57,76,134
15044220037,81.59,0,4.6,35.98,54.81,195,0,11,86,131,239
15044220039,77.97,0,11.53,39.66,58.31,230,0,34,117,172,295
15044220040,86.76,0,8.33,33.82,56.37,177,0,17,69,115,204
15044220042,70.4,0,6.73,26.91,48.43,157,0,15,60,108,223
15044220043,90.32,0,9.93,37.1,55.09,728,0,80,299,444,806
15044220049,89.67,0,1.65,26.03,44.21,217,0,4,63,107,242
15044220050,82.58,0,10.61,43.56,66.67,218,0,28,115,176,264
15044220051,83.63,0,9.07,39.04,57.93,332,0,36,155,230,397
15044220052,84.72,0,9.14,36.21,52.99,510,0,55,218,319,602
15044220053,75.74,0,8.82,36.76,50,103,0,12,50,68,136
15044220054,86.58,0,10.07,36.24,55.7,129,0,15,54,83,149
15044220055,85.75,0,11.88,37.15,58.96,397,0,55,172,273,463
15044220056,92.66,0,12.19,38.33,58,631,0,83,261,395,681
15044220057,73.42,0,5.98,31.56,50.83,221,0,18,95,153,301
15044220063,87.37,0,11.58,34.74,55.79,166,0,22,66,106,190
15044220066,79.85,0,7.08,36.12,50.82,440,0,39,199,280,551
15044220067,85.53,2.63,9.21,44.3,64.47,195,6,21,101,147,228
15044220068,77.31,0,6.92,26.54,46.15,201,0,18,69,120,260
15045050001,86.2,0.57,17.58,53.69,75.8,456,3,93,284,401,529
15047030001,83.11,0,12.91,44.7,64.24,251,0,39,135,194,302
15047030002,86.82,0,12.06,39.83,57.5,619,0,86,284,410,713
15047030003,83.16,0,8.16,36.22,54.08,163,0,16,71,106,196
15048020001,87.5,0,6.7,37.05,53.12,196,0,15,83,119,224
15048020002,89.37,0,11.15,42.37,60.89,521,0,65,247,355,583
15048020003,85.75,0,8.03,38.86,56.74,331,0,31,150,219,386
15048020004,83.05,0,7.86,35.14,51.84,338,0,32,143,211,407
15048020005,83.62,0,10.88,41.81,63.14,592,0,77,296,447,708
15048020008,78.42,0,7.6,31.61,48.94,258,0,25,104,161,329
15048020009,79.37,0,8.45,33.01,49.71,404,0,43,168,253,509
15048020010,74.23,0.45,7.32,29.95,45.03,994,6,98,401,603,1339
15048020011,80.37,0.54,10.26,41.12,59.86,901,6,115,461,671,1121
15051060001,82.61,0,4.91,26.09,36.48,437,0,26,138,193,529
15053040001,87.9,0,11.04,45.21,62.63,661,0,83,340,471,752
15055020001,85.62,0,9.67,41.35,56.74,1435,0,162,693,951,1676
15055020002,85.17,0,12.3,43.94,61.75,942,0,136,486,683,1106
15055020003,91.78,0,7.8,40.81,57.66,659,0,56,293,414,718
15055020004,86.62,0,7.98,36.62,53.99,369,0,34,156,230,426
15055020005,79.18,1.03,10.28,38.56,53.98,308,4,40,150,210,389
15055020006,81.14,0,9.14,41.71,60,142,0,16,73,105,175
15055020007,78.47,1,7.01,32.4,50.21,1097,14,98,453,702,1398
15055020008,80.27,0.26,9.31,38.77,57.9,940,3,109,454,678,1171
15055020010,85.79,0,9.15,42.76,58.35,1238,0,132,617,842,1443
15055020011,81.61,0,9.03,36.94,56.45,506,0,56,229,350,620
15055020012,77.06,0,6.78,29.9,47.52,853,0,75,331,526,1107
15055020013,78.11,0.39,8,37.42,54,810,4,83,388,560,1037
15055020014,72.32,0,8.73,31.42,52.12,290,0,35,126,209,401
15055020015,81.37,0,10,40.51,61.2,952,0,117,474,716,1170
15055360002,76.52,0,7.96,32.37,51.87,981,0,102,415,665,1282
15055360003,78.58,0,7.77,29.94,50.98,1042,0,103,397,676,1326
15055360005,81.88,0.04,8.94,37.57,55.31,5624,3,614,2581,3799,6869
15055360007,77.93,0,9.46,38.83,55.71,1985,0,241,989,1419,2547
15055360008,82.28,0,8.43,37.1,53.49,3375,0,346,1522,2194,4102
15055360009,76.18,0,8.11,33.45,53.55,451,0,48,198,317,592
15055360010,80.95,0,15.87,35.71,57.94,102,0,20,45,73,126
15055360011,81.25,0.4,9.84,40.96,58.38,611,3,74,308,439,752
15055360012,83.25,0.2,8.5,39.77,55.34,1685,4,172,805,1120,2024
15055360013,69.29,0,11.43,37.14,58.57,97,0,16,52,82,140
15055360014,85.16,0,10.97,39.27,60.04,1234,0,159,569,870,1449
15055360015,79.65,0,8.49,37.86,56.48,873,0,93,415,619,1096
15055360016,84.52,0,10.46,37.66,59.83,202,0,25,90,143,239
15055360017,84.8,0,8.99,40.04,53.75,396,0,42,187,251,467
15055360018,80.92,0,8.73,38.92,54.39,1391,0,150,669,935,1719
15055360020,85.44,1.13,10.84,43.53,60.52,528,7,67,269,374,618
15055360021,89.01,0,14.65,46.89,61.54,243,0,40,128,168,273
15055360022,86,0,12.8,41.6,57.2,215,0,32,104,143,250
15055360023,82.26,0,9.68,41.13,54.44,204,0,24,102,135,248
15055360024,96.57,0,10.86,34.29,49.71,169,0,19,60,87,175
15055360025,79.19,0,15.95,45.95,67.3,293,0,59,170,249,370
15060050001,85.5,0,7.49,40.09,57.16,902,0,79,423,603,1055
15061380001,81.62,0,11.42,36.77,60.17,293,0,41,132,216,359
15061380002,79.95,0,7.77,34.84,52.88,319,0,31,139,211,399
15061380003,85.54,0,10.46,40.56,57.28,793,0,97,376,531,927
15061380004,76.78,0.5,7.36,30.25,47.02,929,6,89,366,569,1210
15061380006,76.35,0,6.98,31.48,47.58,536,0,49,221,334,702
15061380007,85.14,0,13.1,42.32,60.33,676,0,104,336,479,794
15061380008,80.12,0.44,9,36.36,53.34,1104,6,124,501,735,1378
15061380009,80.68,0,8.5,33.41,50.98,1850,0,195,766,1169,2293
15061380010,80.69,0,9.11,36.77,54.35,1400,0,158,638,943,1735
15061380011,75.99,0.43,10.65,36.22,54.26,535,3,75,255,382,704
15063510001,90.97,0.97,7.42,41.29,57.74,282,3,23,128,179,310
15063510002,82.78,0,8.89,31.67,47.22,149,0,16,57,85,180
15063510003,82.35,0,8.09,26.47,50,112,0,11,36,68,136
15063510004,83.41,0,7.26,37.67,51.15,724,0,63,327,444,868
15063510005,85.34,0,7.69,37.26,50.72,355,0,32,155,211,416
15065000001,89.75,0.71,11.48,33.57,59.19,508,4,65,190,335,566
15065000002,85.05,0,10.02,38.83,55.78,552,0,65,252,362,649
15065000003,90.24,0,12,36.64,56.64,564,0,75,229,354,625
15065000004,83.91,0.18,8.76,32.1,50.33,3343,7,349,1279,2005,3984
15065000005,83.38,0,7.05,34.39,49.86,1159,0,98,478,693,1390
15065000006,83.95,0,10.03,36.1,51.29,293,0,35,126,179,349
15065000007,83.56,0,9.59,38.36,53.97,305,0,35,140,197,365
15065000008,84.53,0,9.94,38.67,55.8,153,0,18,70,101,181
15065000009,87.04,0,9.63,35.55,55.48,262,0,29,107,167,301
15065000011,78.18,0,8.13,35.09,55.56,577,0,60,259,410,738
15065000012,85.53,0.22,8.63,34.45,52.59,1537,4,155,619,945,1797
15065000014,86.24,0,6.6,32.41,53.5,1059,0,81,398,657,1228
15065000016,83.89,0,6.99,34.95,47.72,276,0,23,115,157,329
15065000019,76.19,0,8.33,36.9,54.52,320,0,35,155,229,420
15065000022,84.07,0,9.89,34.62,49.63,459,0,54,189,271,546
15068070002,79.64,2.05,8.25,37.39,55.7,1670,43,173,784,1168,2097
15068070003,79.95,0.2,9.21,33.36,54.02,1172,3,135,489,792,1466
15068070004,86.58,0,10.43,40.21,59.5,1503,0,181,698,1033,1736
15068070005,79.07,3.68,7.23,31.96,52.21,1269,59,116,513,838,1605
15068070006,80.38,0.34,7.03,28.85,47.88,3831,16,335,1375,2282,4766
15068070007,78.14,0.89,5.99,28.86,46.06,704,8,54,260,415,901
15068070008,86.34,1.6,10.18,41.87,59.91,3351,62,395,1625,2325,3881
15068070009,81.74,0.67,7.44,33.03,54.26,3188,26,290,1288,2116,3900
15068070010,84.04,0.44,7.67,36.25,55.35,5903,31,539,2546,3888,7024
15068070011,77.14,2.02,6.62,28.92,47.5,955,25,82,358,588,1238
15068070013,82.11,0,4.21,35.79,53.68,78,0,4,34,51,95
15068070014,79.18,1.47,7.85,33.86,52.19,3922,73,389,1677,2585,4953
15068070015,71.5,1.04,5.96,23.83,36.01,276,4,23,92,139,386
15068070016,76.95,0,5.27,26.84,40.49,1359,0,93,474,715,1766
15068070017,83.85,0.97,9.39,38.01,55.94,5374,62,602,2436,3585,6409
15068070018,86.8,0.63,9.27,40.23,57.98,4419,32,472,2048,2952,5091
15068070019,84.87,0,10.09,40.7,59.83,488,0,58,234,344,575
15068070020,79.91,0.99,8.45,32.93,53.37,1126,14,119,464,752,1409
15068070021,79.47,1.84,6.32,33.16,53.42,302,7,24,126,203,380
15068070022,84.81,3.66,13.68,44.95,66.75,1066,46,172,565,839,1257
15068070023,83.11,1.13,10.69,40.64,59.85,2722,37,350,1331,1960,3275
15068070024,74.95,0.62,7.48,33.26,53.95,721,6,72,320,519,962
15068070025,79.22,4.22,15.91,46.43,67.86,244,13,49,143,209,308
15068070026,83.38,0,8.75,34.41,52.91,3412,0,358,1408,2165,4092
15068070027,88.26,0,10.53,41.7,59.92,218,0,26,103,148,247
15068070030,73.16,1.84,6.07,26.69,47.46,518,13,43,189,336,708
15068070034,74.95,0.47,6.05,24.05,51.76,1128,7,91,362,779,1505
15068070035,82.87,0.16,7.5,32.53,51.81,5345,10,484,2098,3342,6450
15068070036,83.95,4.27,11.99,40.81,59.82,8473,431,1210,4119,6038,10093
15068070037,87.5,0,10,42.5,58.33,105,0,12,51,70,120
15068070040,87.79,1,13.08,45.94,63.62,2020,23,301,1057,1464,2301
15068070041,82.24,3.95,8.55,29.61,46.05,125,6,13,45,70,152
15068070042,81.48,0,8.02,32.72,53.7,396,0,39,159,261,486
15068070043,85.65,0.87,10.13,39.22,57.48,1970,20,233,902,1322,2300
15068070044,87.15,0.51,8.25,37.81,57.08,1194,7,113,518,782,1370
15068070045,83.01,0,5.77,28.53,45.19,259,0,18,89,141,312
15068070046,79.64,3.58,5.7,30.54,47.48,1580,71,113,606,942,1984
15068070047,80.51,0,8.05,27.97,49.58,190,0,19,66,117,236
15068070048,84.45,0.93,7.93,31.1,51.79,543,6,51,200,333,643
15070030001,93.52,0,9.72,36.03,52.23,231,0,24,89,129,247
15070030002,91.46,0,9.15,31.71,45.12,150,0,15,52,74,164
15070030003,80.24,0,6.69,33.13,47.26,528,0,44,218,311,658
15070030004,88.84,0,9.38,29.91,48.21,199,0,21,67,108,224
15073000001,82.57,0,9.36,40.55,57.43,450,0,51,221,313,545
15076070001,86.81,0,11.4,41.62,60.3,632,0,83,303,439,728
15076070002,87.07,0,12.93,41.63,57.98,458,0,68,219,305,526
15076070003,88.83,0,10.77,47.07,64.23,668,0,81,354,483,752
15076070007,93.26,0,14.2,44.48,64.71,650,0,99,310,451,697
15076070008,92.83,0,10.19,41.51,55.85,246,0,27,110,148,265
15076070009,94.47,0,12.34,44.68,60.43,222,0,29,105,142,235
15076070010,89.3,0,10.62,40.91,58.54,1135,0,135,520,744,1271
15076070011,81.92,0,7.56,31.41,49.23,639,0,59,245,384,780
15076070012,89.53,0,8.66,43.32,62.45,248,0,24,120,173,277
15076070013,85.72,0.17,9.52,37.57,56.78,2017,4,224,884,1336,2353
15076070014,85.13,0,10.18,37.96,57.14,435,0,52,194,292,511
15080010001,81.92,0.62,12.64,42.48,61.18,920,7,142,477,687,1123
15080010002,77.87,0,7.27,29.72,48.05,739,0,69,282,456,949
15080010003,87.41,0,11.43,43.08,60.78,2944,0,385,1451,2047,3368
15080010004,82.98,0,9.13,41.94,58.51,736,0,81,372,519,887
15080010005,86.69,0,8.13,38.4,56.18,736,0,69,326,477,849
15080010006,80.18,0,7.3,30.93,49.61,1768,0,161,682,1094,2205
15080010007,79.43,0.46,6.77,29.37,48.57,1912,11,163,707,1169,2407
15080010008,82.28,0.27,9.67,39.64,57.28,2136,7,251,1029,1487,2596
15080010009,84.86,0,10.54,39.63,56.9,1272,0,158,594,853,1499
15080010010,80.65,0,9.45,42.05,59.79,700,0,82,365,519,868
15081000001,75.14,0.63,8,30.69,47.83,1315,11,140,537,837,1750
15081000004,84.37,0.27,8.55,36.35,56.62,3730,12,378,1607,2503,4421
15081000005,81.91,0,8.45,41.93,57.1,756,0,78,387,527,923
15081000006,78.1,0,7.04,31.93,49.08,1020,0,92,417,641,1306
15081000007,77.51,0.26,8.79,39.32,58.5,2671,9,303,1355,2016,3446
15081000008,71.13,0,5.67,29.9,48.71,276,0,22,116,189,388
15081000009,77.56,0,7.24,35.95,54.4,643,0,60,298,451,829
15081000013,80.55,0,10.91,42,57.27,443,0,60,231,315,550
15081000015,85.81,0,10.42,43.46,63.41,387,0,47,196,286,451
15081000016,86.03,0,13.24,52.94,70.59,117,0,18,72,96,136
15081000018,88.94,0,13.07,45.73,61.81,177,0,26,91,123,199
15081000019,68.46,0,7.38,36.58,53.69,204,0,22,109,160,298
15081000020,73.46,0,5.9,25.74,42.09,274,0,22,96,157,373
15081000021,83.96,0,10.91,43.17,61.41,916,0,119,471,670,1091
15081000022,72.64,0,5.65,30.47,47.81,1659,0,129,696,1092,2284
15081000024,80.07,0,9.23,37.27,55.72,217,0,25,101,151,271
15081000026,78.11,0.48,7.65,35.37,54.59,817,5,80,370,571,1046
15081000029,82.8,0,7.42,40.64,57.5,491,0,44,241,341,593
15081000030,85.13,0,15.51,47.78,66.14,269,0,49,151,209,316
15081000031,84.25,0.52,9.68,44.22,61.05,1471,9,169,772,1066,1746
15081000033,77.41,0,7.65,37.29,56.24,658,0,65,317,478,850
15082090001,82.44,0.32,9.13,36.97,52.43,1291,5,143,579,821,1566
15082090002,77.3,0,8.11,36.06,52.96,1267,0,133,591,868,1639
15082090003,74.64,0,8.61,36.84,53.83,312,0,36,154,225,418
15082090005,84.24,0,7.02,32.92,49.14,540,0,45,211,315,641
15082090006,76.83,0,6.96,32.77,49.23,2483,0,225,1059,1591,3232
15083080002,90.54,0,9.12,40.54,55.74,268,0,27,120,165,296
15083080003,85.52,0,10.44,46.46,60.94,254,0,31,138,181,297
16001050001,79.49,0,16.03,47.44,64.1,248,0,50,148,200,312
16002120001,84.17,0,11.45,41.96,57.27,654,0,89,326,445,777
16002790001,83.41,0,9.61,40.28,58.73,2700,0,311,1304,1901,3237
16002790002,82.88,0,9.6,39.42,57.45,2193,0,254,1043,1520,2646
16002790003,82.94,0,11.43,43.15,59.19,1872,0,258,974,1336,2257
16002790005,82.27,0,10.14,41.63,57.69,1322,0,163,669,927,1607
16002790006,81.99,0,8.4,42.54,57.8,478,0,49,248,337,583
16002790010,82.56,0,7.77,35.29,57.35,393,0,37,168,273,476
16003030001,80.99,0.18,10.74,41.76,62.21,7531,17,999,3883,5785,9299
16003030003,73.07,0,10.28,39.05,60.1,597,0,84,319,491,817
16003030004,72.45,0,9.13,34.7,55.25,476,0,60,228,363,657
16003030005,79.09,0.08,11.68,43.04,61.78,9367,9,1383,5097,7317,11843
16003030006,78.04,0,10.65,39.8,59.83,2139,0,292,1091,1640,2741
16003030007,77.17,0,10.5,41.32,56.85,338,0,46,181,249,438
16003030008,85.36,0,11.18,42.44,63.9,1603,0,210,797,1200,1878
16003030010,78.2,0,10.24,39.25,59.26,6970,0,913,3498,5282,8913
16003030011,82.4,0.31,9.92,38.29,56.2,1063,4,128,494,725,1290
16003030012,76.73,0,9.66,37.87,59.76,389,0,49,192,303,507
16003030013,79.16,0.1,11.73,43.75,63.62,3199,4,474,1768,2571,4041
16003030014,81.71,0,11.37,49.26,65.24,496,0,69,299,396,607
16003030015,78.79,0,10.36,42.49,64.06,1118,0,147,603,909,1419
16003030016,81.26,0.06,11.61,44.5,64.85,5394,4,771,2954,4305,6638
16003030017,82.92,0,12.42,47.87,66.36,641,0,96,370,513,773
16003030019,81.55,0,11.34,42.89,61.58,1021,0,142,537,771,1252
16003030020,77.65,0,9.02,44.31,59.22,198,0,23,113,151,255
16003030021,91.32,0,10.17,45.62,63.05,1221,0,136,610,843,1337
16003030023,77.43,0,9.97,40.46,60.76,3441,0,443,1798,2700,4444
16003030024,79.19,0,10.13,41.73,59.97,1446,0,185,762,1095,1826
16003030025,91.43,0,20.37,41.61,55.78,736,0,164,335,449,805
16003030026,81.29,0.13,11.45,36.23,55.53,2464,4,347,1098,1683,3031
16003030027,73.94,0,12.24,42.15,62.19,749,0,124,427,630,1013
16003030028,77.3,0.14,9.96,40.86,58.37,6427,12,828,3397,4853,8314
16003030029,78.61,0,10.78,43.78,60.7,474,0,65,264,366,603
16003030030,81.09,0,10.35,42.32,61,1441,0,184,752,1084,1777
16003030031,81.08,1.46,9.74,41.55,59.35,724,13,87,371,530,893
16003030032,80.54,0,9.2,39.97,61.09,534,0,61,265,405,663
16003030033,76.66,0,9.07,36.64,57.07,634,0,75,303,472,827
16003030034,79.81,0,8.29,37.03,58.16,597,0,62,277,435,748
16003030035,91.4,0,7.53,0,0,85,0,7,0,0,93
16003030036,77.72,0,4.39,25.96,46.14,443,0,25,148,263,570
16003030037,78.66,0,10.2,39.74,58.5,671,0,87,339,499,853
16003030038,74.73,0,8.06,41.4,62.37,139,0,15,77,116,186
16003030039,75.99,0.41,8.92,37.31,55.42,554,3,65,272,404,729
16003030040,80.82,0,10.27,39.04,53.77,236,0,30,114,157,292
16003030041,81.89,0,13.37,48.17,67.57,692,0,113,407,571,845
16003030042,77.27,0,9.51,41.31,62.19,707,0,87,378,569,915
16003030043,81.15,0,11.86,44.68,65.3,732,0,107,403,589,902
16003030044,76.43,0,7.48,35.83,53.98,480,0,47,225,339,628
16003030045,75.66,0.46,8.27,36.85,56.95,659,4,72,321,496,871
16003030046,79.45,0,10.5,40.41,57.76,348,0,46,177,253,438
16003030047,77.74,1.79,12.38,45.12,64.88,653,15,104,379,545,840
16003030048,82.58,0,13.03,46.82,62.12,545,0,86,309,410,660
16003030049,79.35,0,13.43,47.04,66.76,857,0,145,508,721,1080
16003030052,81.99,0,9.19,40.68,56.68,651,0,73,323,450,794
16003030053,77.29,1.47,8.79,39.93,54.95,211,4,24,109,150,273
16003030054,81.37,0,11.78,44.66,63.56,297,0,43,163,232,365
16003030056,76.73,0,6.72,29.19,48.14,765,0,67,291,480,997
16003030063,80.31,0.46,12.46,44.92,61.08,522,3,81,292,397,650
16003030064,78.86,0.72,10.78,39.9,57.94,1097,10,150,555,806,1391
16003030067,78.16,0,7.17,27.3,47.78,229,0,21,80,140,293
16003030069,77.28,0,9.34,35.46,56.37,728,0,88,334,531,942
16003030071,71.23,0,5.96,33.68,55.61,406,0,34,192,317,570
16003030073,79.75,0,10.89,40.08,58.52,571,0,78,287,419,716
16003030076,81.98,0,9.01,32.04,50.06,655,0,72,256,400,799
16003030077,74.55,0,8.5,34.13,52.82,1280,0,146,586,907,1717
16003030079,80.32,0,10.51,33.15,51.48,298,0,39,123,191,371
16003030080,80.53,0,9.98,39.43,56.95,823,0,102,403,582,1022
16003030081,81.46,0,7.22,40.4,56.46,857,0,76,425,594,1052
16003030082,77.53,0,7.95,35.59,54.47,390,0,40,179,274,503
16003030083,77.95,0.39,10.44,36.65,57.74,806,4,108,379,597,1034
16003030084,75.7,0,7.75,35.21,51.76,215,0,22,100,147,284
16003030085,82.73,0,10.31,39.36,56.46,1011,0,126,481,690,1222
16003030086,82.47,0.62,11.03,37.42,54.95,800,6,107,363,533,970
16003030087,77.11,0,8.19,38.07,60.24,320,0,34,158,250,415
16003030088,82.86,0,10.67,41.43,58.95,870,0,112,435,619,1050
16003030089,80.94,0,8.39,44.41,60.49,463,0,48,254,346,572
16003030090,81.84,0,8.89,40.34,58.6,856,0,93,422,613,1046
16003030092,73.09,0,9.22,37.41,55.63,967,0,122,495,736,1323
16003030093,81.45,0.16,10.21,41.99,60.09,2002,4,251,1032,1477,2458
16003030094,77.29,0,6.53,30.62,49.67,1290,0,109,511,829,1669
16003030095,77.36,0,12.26,44.53,63.21,410,0,65,236,335,530
16003030096,76.69,0,6.77,39.85,53.76,204,0,18,106,143,266
16003030097,81.64,0,8.76,39.97,58.47,578,0,62,283,414,708
16003030098,74.96,0.29,7.06,29.69,47.82,1030,4,97,408,657,1374
16003030099,80.31,0,8.08,38.32,55.76,1073,0,108,512,745,1336
16003030100,81.82,0,10.13,37.14,56.36,315,0,39,143,217,385
16003030101,82.52,0.07,11.28,43.76,62.4,3351,3,458,1777,2534,4061
16003030102,80.21,0.59,11,41.5,55.57,547,4,75,283,379,682
16003030103,74.3,0,9.5,30.73,54.75,266,0,34,110,196,358
16003030104,86.23,0,17.37,51.5,68.86,144,0,29,86,115,167
16003030105,84.95,0.13,13.85,44.67,64.09,3172,5,517,1668,2393,3734
16006000002,77.74,0,10.72,43.46,62.78,2567,0,354,1435,2073,3302
16006000003,80.11,0,10.12,43.12,62.76,2304,0,291,1240,1805,2876
16006000004,82.69,0,10.51,41.42,61.37,4003,0,509,2005,2971,4841
16006000005,80.03,0,10.23,41.93,61.75,1651,0,211,865,1274,2063
16006000006,83.61,0,12.09,41.6,58.61,408,0,59,203,286,488
16006000007,77.08,0.13,8.56,38.02,58.36,1766,3,196,871,1337,2291
16006000008,83.51,0,13.14,45.62,59.54,324,0,51,177,231,388
16006000009,78.77,0,11.45,43.6,64.4,1644,0,239,910,1344,2087
16006000015,82.37,0,10.51,38.98,57.97,243,0,31,115,171,295
16006000016,76.75,0,9.7,36.87,58.97,997,0,126,479,766,1299
16006000017,77.92,0.28,9.64,40.69,60.9,833,3,103,435,651,1069
16006000018,87.04,0,9.67,39.8,59.7,1404,0,156,642,963,1613
16006000019,79.08,0,9.34,38.16,60.26,601,0,71,290,458,760
16006000020,82.13,0,12.59,44.42,61.94,1383,0,212,748,1043,1684
16006000021,82.53,0,8.13,42.47,60.69,548,0,54,282,403,664
16006000023,75.84,0,14.09,40.27,55.03,113,0,21,60,82,149
16006000024,84.77,0,12.76,40.33,60.49,206,0,31,98,147,243
16006000025,85.81,0,12.32,45.85,65.17,919,0,132,491,698,1071
16006000026,77.83,0,9.92,35.82,53.56,667,0,85,307,459,857
16006000028,86.37,0,8.77,38.87,58.43,640,0,65,288,433,741
16006000029,80.02,0,10.31,39.53,58.77,753,0,97,372,553,941
16006000030,74.86,0,8.06,33.4,52.78,390,0,42,174,275,521
16006000031,85.43,0,10.84,43.48,64.51,780,0,99,397,589,913
16006000032,80.62,0,13.37,44.57,62.6,416,0,69,230,323,516
16006000034,90.75,0,15.86,42.73,60.35,206,0,36,97,137,227
16008080001,83.91,0,11.16,42.58,61.14,1872,0,249,950,1364,2231
16008080002,79.15,0,8.49,39.11,56.09,429,0,46,212,304,542
16008080003,81.26,0,9.6,36.58,52.92,542,0,64,244,353,667
16008080004,81.55,0,11.01,39.84,59.61,1052,0,142,514,769,1290
16008080005,80.74,0,10.36,41.79,60.02,2494,0,320,1291,1854,3089
17021090009,83.13,0,7.33,39.85,54.52,340,0,30,163,223,409
17021090010,82.29,0,10.69,37.71,54.05,539,0,70,247,354,655
17021090012,75.14,0.76,5.65,31.05,45.06,692,7,52,286,415,921
17021090013,86.81,0,7.87,34.95,53.7,375,0,34,151,232,432
17021090014,81.27,1.15,12.39,44.67,63.98,282,4,43,155,222,347
17021090015,78.85,0,9.5,37.74,53.85,656,0,79,314,448,832
17021090016,75.7,0.32,7.6,29.12,47,707,3,71,272,439,934
17021090017,84.74,0,14.71,40.33,56.68,311,0,54,148,208,367
17021090018,82.92,0,8.36,37.57,54.3,704,0,71,319,461,849
17021090019,80.16,0.17,10.06,37.43,53.87,2756,6,346,1287,1852,3438
17021090022,82.22,0,10.56,40,52.22,148,0,19,72,94,180
17021090023,83.17,0,9.84,41.9,56.51,262,0,31,132,178,315
17090050001,82.62,0,11.7,41.13,59.93,233,0,33,116,169,282
17095000004,83.88,0,8.68,36.59,51.78,541,0,56,236,334,645
17095000005,81.46,0,7.69,33.53,49.7,413,0,39,170,252,507
17165050001,85.83,0,10,41,58,515,0,60,246,348,600
17210000002,77.41,0,8.82,35.42,50.81,1967,0,224,900,1291,2541
17210000003,77.51,0,8.67,32.25,55.28,286,0,32,119,204,369
17210000004,77.83,0,9.91,43.87,58.49,165,0,21,93,124,212
17210000005,84.69,0,11.58,42.84,61.17,929,0,127,470,671,1097
17210000006,79.06,0,7.91,35.51,53.46,1189,0,119,534,804,1504
17210000007,78.12,0.1,8.73,36.84,53.12,3034,4,339,1431,2063,3884
17210000008,80.55,0,8.91,38.32,53.03,1238,0,137,589,815,1537
17210000009,73.51,0.42,7.65,31.44,46.74,519,3,54,222,330,706
17210000010,79.57,0,9.14,39.62,52.82,705,0,81,351,468,886
17210000014,82.35,0,11.76,35.29,52.94,112,0,16,48,72,136
17210000015,75.58,0,8.71,31.9,49.08,616,0,71,260,400,815
17210000016,79.93,0,6.69,32.78,54.18,239,0,20,98,162,299
17210000017,83.54,0,7.59,36.71,58.23,66,0,6,29,46,79
17210000018,78.99,0,9.87,41.77,60.76,312,0,39,165,240,395
17210000019,84.47,0,13.01,46.12,62.33,370,0,57,202,273,438
17210000020,82.35,0,10.43,39.57,62.83,308,0,39,148,235,374
17210000021,83.84,0,11.92,38.05,54.96,1344,0,191,610,881,1603
17210000024,75,0,5.31,21.88,33.75,240,0,17,70,108,320
17210000026,72.74,0,7.58,34.66,53.25,403,0,42,192,295,554
17210000030,78.59,0.33,8.87,36.09,53.25,8558,36,966,3930,5798,10889
17210000032,74.5,0,7.94,32.66,48.88,666,0,71,292,437,894
17210000033,78.4,0,11.17,35.92,55.1,323,0,46,148,227,412
17221070001,83.43,0,7.38,39.91,52.41,554,0,49,265,348,664
21000550002,76.68,0,8.97,32.74,47.53,171,0,20,73,106,223
21000550003,83.12,0,8.59,36.36,51.95,1152,0,119,504,720,1386
21023250002,84.98,0,7.91,43.68,58.3,430,0,40,221,295,506
21030000001,83.92,0,8.13,40.11,55.08,454,0,44,217,298,541
21030000002,88.45,0,9.16,41.72,55.8,1853,0,192,874,1169,2095
21030000004,90.33,0,11.93,40.33,58.78,1317,0,174,588,857,1458
21053020001,82.7,0.48,8.59,37.65,54.53,1386,8,144,631,914,1676
21053020002,85.05,0,10.52,36.98,52.85,1479,0,183,643,919,1739
21053020003,76.73,0.32,6.72,30.25,51.98,1451,6,127,572,983,1891
21053020004,83.37,0,11.98,38.06,56.15,1253,0,180,572,844,1503
21053020005,78.36,0,8.74,31.07,51.32,565,0,63,224,370,721
21053020006,86.49,0,9.01,40.54,59.46,96,0,10,45,66,111
21053020007,76.8,0.23,9.31,34.23,50.45,1023,3,124,456,672,1332
21054010002,92.22,0,13.33,50.37,70.74,249,0,36,136,191,270
21054010003,89.9,0,6.84,43,44.3,276,0,21,132,136,307
21075060003,90.33,0.3,7.14,35.49,50.89,1214,4,96,477,684,1344
21075060005,83.36,0,7.72,34.17,52.7,1403,0,130,575,887,1683
21075060006,81.87,0,9.91,38.88,54.95,438,0,53,208,294,535
21075060007,85.39,0.13,10.97,37.97,55.79,2530,4,325,1125,1653,2963
21075060008,83.3,0.12,8.27,32.12,46.7,2085,3,207,804,1169,2503
21075060009,75.66,0.16,6.71,31.99,48.58,1386,3,123,586,890,1832
21075060010,76.15,0,4.86,26.13,42.68,2366,0,151,812,1326,3107
21075060011,82.02,0,5.68,27.38,44.78,707,0,49,236,386,862
21075060012,75.22,0,4.88,25.45,45.4,1342,0,87,454,810,1784
21075060013,75,0,5.07,22.82,40.28,1065,0,72,324,572,1420
21075060014,83.37,0,4.54,29.81,47.3,386,0,21,138,219,463
21075060015,85.17,0,4.56,25.48,44.11,224,0,12,67,116,263
21075060016,82.22,0,8.58,33.47,48.12,393,0,41,160,230,478
21075060018,86.41,0,6.12,28.42,44.69,903,0,64,297,467,1045
21075060019,86.7,0,9.04,37.17,53.28,1017,0,106,436,625,1173
21075060021,81.33,0,7.47,32.99,52.49,392,0,36,159,253,482
21075060022,79.84,0,7.38,33.45,49.8,3160,0,292,1324,1971,3958
21075060024,74.13,0,7.11,30.54,46.39,636,0,61,262,398,858
21075060025,82.13,0,9.06,35.32,51.68,979,0,108,421,616,1192
21075060026,80.62,0,11.08,38.15,50.77,524,0,72,248,330,650
21075060030,81.63,0,6.01,27.99,43.22,1222,0,90,419,647,1497
21075060031,80.09,0.26,8.53,31.96,50,2140,7,228,854,1336,2672
21075060033,80.63,0,7.93,31.97,47.61,691,0,68,274,408,857
21075060034,82.25,0,10.79,36.75,54.68,922,0,121,412,613,1121
21075060035,81.41,1.51,11.89,40.03,57.29,486,9,71,239,342,597
21075060036,93.05,0,9.05,36.32,51.79,884,0,86,345,492,950
21075060037,81.95,0,12.04,38.05,54.16,463,0,68,215,306,565
21075060038,84.96,0,11.87,36.41,54.62,644,0,90,276,414,758
21075060039,82.35,0,6.91,31.8,48.85,966,0,81,373,573,1173
21075060041,80.53,0,7.33,31.93,49.33,1319,0,120,523,808,1638
21075060042,82.28,0,6.96,32.44,48.73,520,0,44,205,308,632
21075060043,76.9,0,11.68,34.51,49.73,283,0,43,127,183,368
21086030002,80.13,0,6.84,32.23,49.89,363,0,31,146,226,453
21094520001,68.64,0,5.73,28.32,43.37,383,0,32,158,242,558
21094520002,77.51,0.15,6.77,32.65,51.33,2037,4,178,858,1349,2628
21094520003,75.62,0,8.31,33.75,51.43,1219,0,134,544,829,1612
21094520004,68.69,1.73,8.57,33.72,49.42,713,18,89,350,513,1038
21094520005,77.43,1.79,10.86,38.71,57.17,734,17,103,367,542,948
21094520006,86.04,0,13.83,38.83,58.63,678,0,109,306,462,788
21094520007,77.71,0,8.48,37.21,52.9,495,0,54,237,337,637
21094520008,77.2,0,8.79,32.3,50.36,325,0,37,136,212,421
21094520009,73.46,0.34,5.38,32.04,50.46,642,3,47,280,441,874
21094520010,85.19,0,9.1,37.89,55.94,1133,0,121,504,744,1330
21094520011,82.8,0,10.5,41.69,60.06,284,0,36,143,206,343
21094520012,80.47,0,9.38,39.45,60.94,206,0,24,101,156,256
21099080001,69.8,0.6,4.4,26.2,42.4,349,3,22,131,212,500
21099080002,80,0,7.27,41.45,56.36,220,0,20,114,155,275
21112010013,78.43,0,8.57,29.69,49.19,531,0,58,201,333,677
21112010014,85.06,0,6.75,32.83,49.96,1008,0,80,389,592,1185
21112010015,83.77,0,7.16,37.47,49.64,351,0,30,157,208,419
21112010018,82.07,0,8.2,34.06,50.99,4265,0,426,1770,2650,5197
21112010022,80.42,0.46,6.44,30.55,48.29,1224,7,98,465,735,1522
21112010023,75.95,0,5,26.72,43.95,1336,0,88,470,773,1759
21112010024,85.77,0,7.05,33.59,52.31,669,0,55,262,408,780
21112010025,83.06,0.12,7.68,35,54.25,2162,3,200,911,1412,2603
21112010027,80.61,0.18,7.8,38.78,57.07,1322,3,128,636,936,1640
21112010028,78.72,0,5.78,28.97,45.72,2383,0,175,877,1384,3027
21112010029,80.32,0.23,6.01,31.11,46.13,2086,6,156,808,1198,2597
21112010030,79.12,0,7.01,30.3,47.14,3013,0,267,1154,1795,3808
21112010032,76,0,6.06,29.81,47.13,2093,0,167,821,1298,2754
21112010033,63.12,0,7.64,29.57,47.51,190,0,23,89,143,301
21112010034,79.96,0,9.74,36.1,53.15,2142,0,261,967,1424,2679
21112010036,78.04,0,9.06,35.47,52.45,1034,0,120,470,695,1325
21112010037,80.49,0,7.09,30.53,47.79,2747,0,242,1042,1631,3413
21112010038,74.64,0,6.06,26.67,43.1,3126,0,254,1117,1805,4188
21112010039,82.7,0.15,7.79,32.23,47.41,1678,3,158,654,962,2029
21112010040,67.7,0,6.56,25.61,43.24,526,0,51,199,336,777
21112010041,78.41,0.03,7.19,30.55,48.29,12130,5,1112,4726,7470,15470
21112010043,87,0,8.27,36.88,54.14,368,0,35,156,229,423
21112010044,78.48,0,8.19,33.39,48.28,2856,0,298,1215,1757,3639
21112010047,69.79,0,7.37,29.67,42.94,2670,0,282,1135,1643,3826
21112010048,86.55,0,10.61,34.98,53.06,579,0,71,234,355,669
21112010049,81.49,0,7.8,33.72,51.19,2047,0,196,847,1286,2512
21112010050,77.05,0.3,8.19,34.19,51.64,1289,5,137,572,864,1673
21112010051,78.79,0,7.53,29.43,45.54,680,0,65,254,393,863
21112010052,71.06,0,5.53,23.4,41.7,167,0,13,55,98,235
21112010054,85.68,0.88,9.03,39.21,58.59,389,4,41,178,266,454
21113000008,84.81,0,6.33,29.48,46.65,469,0,35,163,258,553
21113000010,84.43,0,5.39,21.76,42.32,423,0,27,109,212,501
21113000011,81.24,0.19,7.25,30.33,48.22,3811,9,340,1423,2262,4691
21113000012,80.94,0,7.3,30.72,47.91,7795,0,703,2958,4614,9630
21113000013,80.94,0,6.86,27.96,46.96,4021,0,341,1389,2333,4968
21113000014,81.24,0,5.24,26.86,41.05,853,0,55,282,431,1050
21113000015,81.6,0.18,6.4,29.16,47.19,6786,15,532,2425,3924,8316
21113000016,87.82,0,8.61,40.34,55.25,418,0,41,192,263,476
21113000017,81.3,0.1,9.03,37,51.85,5913,7,657,2691,3771,7273
21113000018,80.58,0.07,6.61,28.65,45.53,15910,14,1306,5657,8990,19744
21113000019,74.81,0.11,7.67,33.81,49.15,2058,3,211,930,1352,2751
21113000021,84.54,0,8.5,38.83,56.67,995,0,100,457,667,1177
21113000022,73.81,0,7.48,29.23,43.62,2694,0,273,1067,1592,3650
21113000023,81.99,0.18,7.39,36.6,51.09,1398,3,126,624,871,1705
21113000024,81.49,0,7.15,31.57,51.6,2039,0,179,790,1291,2502
21113000025,79.83,0,7.19,30.72,47.32,2664,0,240,1025,1579,3337
21113000026,86.87,0,7.61,33.13,51.9,708,0,62,270,423,815
21113000028,79.35,0,6.69,30.77,46.45,3546,0,299,1375,2076,4469
21113000030,83.18,0,7.57,32.01,50.46,5021,0,457,1932,3046,6036
21113000031,78.98,0,5.05,25.34,41.35,1845,0,118,592,966,2336
21113000032,84.84,0.25,5.86,26.25,42.98,2418,7,167,748,1225,2850
21113000033,77.84,0,5.35,26.62,41.83,1500,0,103,513,806,1927
21113000034,80.62,0,8.59,32.69,46.93,957,0,102,388,557,1187
21113000036,78.27,0.71,7.13,31.58,47.34,5435,49,495,2193,3287,6944
21113000037,82.64,0,7.38,29.17,46.61,952,0,85,336,537,1152
21113000040,83.35,0.1,6.92,30.31,47.44,42548,52,3531,15475,24217,51050
21113000041,74.7,0.05,5.62,26.07,43.2,4786,3,360,1670,2768,6407
21113000042,81.42,0,6.55,25.91,44.19,1367,0,110,435,742,1679
21113000043,81.15,0.1,7.36,31.07,52.13,9116,11,827,3490,5856,11233
21113000044,76.83,0.22,5.52,25.53,43.42,4204,12,302,1397,2376,5472
21113000045,77.47,0.1,6.92,28.98,46.55,6327,8,565,2367,3802,8167
21113000046,78.94,0.12,6.59,29.64,46.35,7863,12,656,2952,4617,9961
21113000047,79.61,0,7.17,30.34,47.63,4374,0,394,1667,2617,5494
21113000048,81.84,0,8.02,33.87,50.71,3397,0,333,1406,2105,4151
21113000049,78.77,1.21,6.62,30.2,51.5,1106,17,93,424,723,1404
21113000050,78.12,0.06,6.39,28.73,47.45,7687,6,629,2827,4669,9840
21113000051,77.86,0,6.88,30.97,49.42,3688,0,326,1467,2341,4737
21113000052,82.87,0,6.63,28.61,50.71,1350,0,108,466,826,1629
21113000053,81.97,0.17,4.77,27.25,41.94,3315,7,193,1102,1696,4044
21113000054,83.77,0,9.5,37.58,52.96,1781,0,202,799,1126,2126
21113000055,83.43,0,9.19,35.19,50.47,1425,0,157,601,862,1708
21113000056,62.96,0,8.35,29.86,46.13,1938,0,257,919,1420,3078
21113000057,71.18,0.19,8.23,30.13,46.71,3799,10,439,1608,2493,5337
21113000058,80.57,0.2,5.76,27.15,44.31,3653,9,261,1231,2009,4534
21113000059,85.27,0,4.91,25.82,44.55,938,0,54,284,490,1100
21113000060,80.14,0.51,6.22,26.27,45.12,2062,13,160,676,1161,2573
21113000061,80.2,0,6.49,29.26,46.55,3475,0,281,1268,2017,4333
21113000062,78.57,1,7.3,28.99,46.27,1496,19,139,552,881,1904
21113000063,84.04,0,8.05,33.72,51.3,2233,0,214,896,1363,2657
21113000064,76.04,0,7.24,31.27,49.61,1082,0,103,445,706,1423
21113000065,77.13,0,5.86,28.03,46.3,553,0,42,201,332,717
21113000067,80.3,0,7.77,39.39,53.03,424,0,41,208,280,528
21113000068,78.95,0,10.05,40.19,56.94,165,0,21,84,119,209
21113000069,78.79,0.19,9.27,37.48,55.77,1215,3,143,578,860,1542
21113000070,84.82,0,7.44,27.98,45.54,285,0,25,94,153,336
21113000071,86.86,1.09,6.93,37.23,50.36,238,3,19,102,138,274
21113000072,79.63,1.17,7.96,29.5,49.61,610,9,61,226,380,766
21113000073,84.36,0,9.28,33.74,50.94,1300,0,143,520,785,1541
21113000074,81.16,0.22,7.12,31.88,50.5,22179,60,1946,8712,13800,27326
21113000075,75.81,0,8.37,33.26,50.93,326,0,36,143,219,430
21113000076,83.88,0,12.84,43.44,59.29,307,0,47,159,217,366
21113000077,77.19,0,6.32,25.26,37.89,220,0,18,72,108,285
21113000078,82.53,0,7.32,31.28,53.03,789,0,70,299,507,956
21113000079,78.13,0,6.14,26.87,43.72,4595,0,361,1580,2571,5881
21113000080,83.07,0,7.96,34.73,51.23,574,0,55,240,354,691
21113000081,92.54,0,6.45,37.3,50,459,0,32,185,248,496
21113000082,86.95,0,8.87,35.47,56.9,353,0,36,144,231,406
21113000083,83.72,0,11.73,43.4,61.14,571,0,80,296,417,682
21113000084,80.59,0,9.18,36.1,53.76,922,0,105,413,615,1144
21113000085,80.59,0,7.66,38.1,56.28,789,0,75,373,551,979
21113000086,84.88,0,12.37,43.99,59.79,247,0,36,128,174,291
21113000087,84.99,0,14.77,45.76,64.16,351,0,61,189,265,413
21113000088,82.32,0,8.29,35.36,53.96,447,0,45,192,293,543
21113000089,79.62,0,7.5,33.69,51.84,1496,0,141,633,974,1879
21113000090,78.48,0,7.69,34.09,49.89,1867,0,183,811,1187,2379
21113000091,88.1,0,9.81,34.53,50.97,1222,0,136,479,707,1387
21113000092,83.73,0,8.73,37.83,54.1,633,0,66,286,409,756
21113000093,80,0,8.51,33.78,50.14,592,0,63,250,371,740
21113000094,77.76,0,6.21,28.94,46.1,5118,0,409,1905,3034,6582
21113000095,80.6,0,6.18,30.89,48.42,561,0,43,215,337,696
21113000096,82.83,0,8.74,30.21,49.92,521,0,55,190,314,629
21113000097,83.85,0,7.45,28.53,49.9,867,0,77,295,516,1034
21113000099,76.34,0.14,6.81,30.04,47.03,2107,4,188,829,1298,2760
21113000100,80.64,0,7.95,35.9,51.92,629,0,62,280,405,780
21113000101,81,0,7.78,32.65,50.7,2622,0,252,1057,1641,3237
21113000102,79.66,0.08,7.65,30.88,48.19,4896,5,470,1898,2962,6146
21113000103,82.29,1.12,8.51,40.03,54.81,590,8,61,287,393,717
21113000104,84.86,0,8.8,36.22,52.36,1099,0,114,469,678,1295
21113000105,81.9,0.37,10.34,42,63.3,665,3,84,341,514,812
21113000106,83.06,0,5.85,27.06,48.39,1363,0,96,444,794,1641
21113000107,83.63,0,8.48,37.13,50.88,572,0,58,254,348,684
21113000109,79.23,0,9.35,36.05,50.89,534,0,63,243,343,674
21113000110,81.12,0.17,7.33,30.31,49.13,1405,3,127,525,851,1732
21113000111,80.61,0,8.83,33.57,52.68,557,0,61,232,364,691
21113000112,52.64,0,4.7,23.17,37.27,459,0,41,202,325,872
21113000113,81.06,0,6.98,28.65,50.07,5563,0,479,1966,3436,6863
21113000114,78.73,0,7.05,26.28,40.84,692,0,62,231,359,879
21113000115,77.92,0,5.77,27.9,44.65,2689,0,199,963,1541,3451
21113000116,69.34,0,7.12,28.72,44.74,857,0,88,355,553,1236
21113000117,78.34,0.06,6.39,28.72,47.11,4207,3,343,1542,2530,5370
21122090007,85.08,0,10.59,38.15,59,747,0,93,335,518,878
21122090010,86.82,0,12.84,45.1,61.99,514,0,76,267,367,592
21125060001,81.49,0,7.9,38.15,53.95,361,0,35,169,239,443
21125060002,76.36,0,10.3,36.36,52.73,126,0,17,60,87,165
21140070001,87.63,0,11.37,44.48,61.87,262,0,34,133,185,299
21140070002,90.04,0,11.81,36.53,55.35,244,0,32,99,150,271
22077020002,85.53,0,14.47,37.94,59.65,390,0,66,173,272,456
22080070002,87,0,12.5,38,56,174,0,25,76,112,200
22080070007,87.44,0,8.54,44.22,58.29,174,0,17,88,116,199
22110010001,80.86,0,7.91,30.83,49.38,1369,0,134,522,836,1693
22110010002,84.2,0,8.14,32.76,50.87,1748,0,169,680,1056,2076
22110010003,75.78,0,4.88,25.26,44.43,435,0,28,145,255,574
22110010004,84,0,5.71,26.29,44,147,0,10,46,77,175
22110010005,83.12,0,9.09,35.06,49.78,192,0,21,81,115,231
22110010006,80.38,1.32,5.36,28.52,46.25,975,16,65,346,561,1213
22110010007,78.59,0,5.87,27.68,42.42,3524,0,263,1241,1902,4484
22110010008,77.47,0,5.8,21.5,42.66,227,0,17,63,125,293
22110010009,80.27,0.57,8.06,34.44,50.09,846,6,85,363,528,1054
22110010010,69.72,0,7.04,22.54,41.9,198,0,20,64,119,284
22110010011,81.83,0.14,6.01,28.89,47.02,1756,3,129,620,1009,2146
22110010012,85.65,0,7.66,26.32,43.54,179,0,16,55,91,209
22110010013,78.33,0,5.32,24.71,38.4,206,0,14,65,101,263
22110010014,81.08,0.72,4.7,26.75,44.7,673,6,39,222,371,830
22110010016,77.65,0,5.59,27.09,44.69,278,0,20,97,160,358
22110010017,80.44,0,7.06,29.44,46.67,798,0,70,292,463,992
22110010020,83.47,0,6.5,26.56,52.57,308,0,24,98,194,369
22110010022,88.79,0,5.17,25.86,44.4,206,0,12,60,103,232
22110010023,83.19,0,5.46,28.15,48.74,198,0,13,67,116,238
22110010024,79.28,0,6.31,27.33,43.13,2590,0,206,893,1409,3267
22110010025,84.04,0,9.39,32.97,49.64,1522,0,170,597,899,1811
22110010026,86.33,0,7.59,29.24,47.53,1364,0,120,462,751,1580
22110010027,81.13,0,6.26,30.45,46.83,946,0,73,355,546,1166
22110010028,89.58,0,8.34,33.42,50.03,1332,0,124,497,744,1487
22110010029,86.12,0,4.98,26.69,41.81,484,0,28,150,235,562
22110010030,82.1,0,5.73,24.5,42.14,945,0,66,282,485,1151
22110010031,83.3,0,6.82,30.15,47.13,2310,0,189,836,1307,2773
22110010032,82.48,0,5.79,24.85,41.18,4547,0,319,1370,2270,5513
22110010034,78.73,0,5.53,24.96,43.89,470,0,33,149,262,597
22110010035,80.69,0.33,5.53,26.68,43.06,744,3,51,246,397,922
22110010037,82.44,2.11,7.15,28.46,42.93,507,13,44,175,264,615
22110010038,80.88,0.45,6.95,29.53,47.52,2361,13,203,862,1387,2919
22110010039,78.41,0,4.41,25.55,40.97,178,0,10,58,93,227
22110010040,77.6,0,6.77,27.6,44.79,298,0,26,106,172,384
22110010041,70.1,0,7.31,24.92,41.2,211,0,22,75,124,301
22110010042,88.21,0,4.88,24.39,39.43,217,0,12,60,97,246
22110010043,78.23,0,7.1,31.55,47.61,672,0,61,271,409,859
22110010044,75.53,0,6.34,24.65,45.6,429,0,36,140,259,568
22110010045,74.32,0,7.38,24.59,40.71,272,0,27,90,149,366
22110010046,78.63,0,7.26,24.36,41.45,184,0,17,57,97,234
22110010047,78.25,5.53,7.34,33.72,48.39,608,43,57,262,376,777
22110010049,80.48,0,5.18,27.49,43.03,202,0,13,69,108,251
22110010050,82.46,0,6.48,30.02,45.18,522,0,41,190,286,633
22110010051,72.55,0,5.23,25.82,42.16,222,0,16,79,129,306
22110010052,80.48,0,6.87,28.14,45.8,738,0,63,258,420,917
22110010053,82.78,0,7.47,34.02,48.76,399,0,36,164,235,482
22110010054,80.37,0,6.16,30.82,49.09,352,0,27,135,215,438
22110010055,83.27,0,6.18,24.5,40.64,418,0,31,123,204,502
22110010056,79.72,0.87,8.16,32.35,52.8,1466,16,150,595,971,1839
22110010057,80.65,0,5.85,29.47,49.04,1434,0,104,524,872,1778
22110010058,84.24,0,9.47,34.07,52.49,2438,0,274,986,1519,2894
22110010059,81.4,0,6.51,32.56,52.56,175,0,14,70,113,215
22110010060,84.44,0.23,7.41,32.3,51.35,3284,9,288,1256,1997,3889
22110010061,79.22,0.25,9.27,32.45,51.82,957,3,112,392,626,1208
22110010062,84.07,0,3.98,25.22,42.92,190,0,9,57,97,226
22110010063,85.19,0,7.63,29.63,49.67,391,0,35,136,228,459
22110010064,85.69,0,6.79,28.51,50.33,1539,0,122,512,904,1796
22110010065,82.59,0,7.22,27.91,49.1,503,0,44,170,299,609
22110010066,82.06,0,6.36,26.14,44.6,2232,0,173,711,1213,2720
22110010067,79.45,0,7.18,27.2,48.47,1218,0,110,417,743,1533
22110010068,84.6,0,8.44,33.77,53.64,511,0,51,204,324,604
22110010070,76.9,0,4.97,27.78,39.77,263,0,17,95,136,342
22110010071,76.72,0,3.92,19.61,36.27,313,0,16,80,148,408
22110010072,81.42,0,6.19,30.65,52.94,263,0,20,99,171,323
22110010073,84.03,0.32,7.35,31.23,49.79,2400,9,210,892,1422,2856
22110010075,79.67,0,5.49,25.27,40.66,145,0,10,46,74,182
22110010076,79.9,0,7.79,30.4,45.98,318,0,31,121,183,398
22110010077,80.21,0.08,6.55,28.38,48.6,5265,5,430,1863,3190,6564
22110010078,86.11,0,5.56,33.33,52.78,93,0,6,36,57,108
22110010079,87.22,0,5.68,24.15,38.64,307,0,20,85,136,352
22110010080,86.36,0,7.49,29.41,44.65,323,0,28,110,167,374
22110010081,80.31,0,7.14,32.06,49.3,461,0,41,184,283,574
22110010082,82.7,0.08,7.86,32.7,50.83,11244,11,1068,4446,6911,13596
22110010083,83.4,0,9.36,36.03,55.6,588,0,66,254,392,705
22110010084,85.59,0,5.41,27.03,42.34,190,0,12,60,94,222
22110010086,83.88,0,11.16,29.75,53.72,203,0,27,72,130,242
22110010087,80.16,0,6.01,28.77,48.93,1014,0,76,364,619,1265
22110010089,82.46,0,7.96,34.13,51.79,5624,0,543,2328,3532,6820
22110010090,82.47,0,6.6,27.95,51.22,475,0,38,161,295,576
22110010091,84.34,0.14,6.99,35.4,52.49,3064,5,254,1286,1907,3633
22110010092,86.2,0.06,7.82,35.36,51.33,4474,3,406,1835,2664,5190
22110010093,80.84,0,7.83,34.82,53.04,599,0,58,258,393,741
22110010094,84.83,0.1,8.4,37.68,51.79,4251,5,421,1888,2595,5011
22110010095,81.94,0,8.21,35.57,50.75,599,0,60,260,371,731
22110010096,81.67,0,6.81,31.17,51.26,744,0,62,284,467,911
22110010097,77.93,0,6.39,32.72,51.9,512,0,42,215,341,657
22110010098,82.7,0,9.53,35.92,53.67,564,0,65,245,366,682
22110010100,83.33,0,3.33,35.71,50.95,175,0,7,75,107,210
22110010101,81.23,0,6.71,31.7,50.02,1658,0,137,647,1021,2041
22110010102,74.44,0,8.33,33.89,47.78,134,0,15,61,86,180
22110010103,82.05,0,6.36,30.68,44.77,361,0,28,135,197,440
22110010104,83.65,0,10.49,37.41,54.72,957,0,120,428,626,1144
22110010105,78.83,0,8.13,30.21,49.85,514,0,53,197,325,652
22110010106,84.4,0.38,7.73,35.18,49.21,1125,5,103,469,656,1333
22110010107,85.11,0,7.61,37.06,53.3,503,0,45,219,315,591
22110010108,80.33,0,7.06,34.49,53.46,580,0,51,249,386,722
22110010110,80.45,0,9.47,33.38,50.08,535,0,63,222,333,665
22110010111,85.85,0,8.92,39.69,52.31,279,0,29,129,170,325
22110010113,77.93,2.07,7.59,32.41,52.41,113,3,11,47,76,145
22110010116,81.11,0,7.12,32.82,52.94,262,0,23,106,171,323
22110010117,77,0,5,34.67,49,231,0,15,104,147,300
22110010119,81.7,0,7.14,29.91,47.47,549,0,48,201,319,672
22110010122,86.6,0,7.32,34.47,48.17,1467,0,124,584,816,1694
22110010123,78.35,0,6.46,26.82,44.1,485,0,40,166,273,619
22110010124,80.77,0,5.23,28.92,46.77,525,0,34,188,304,650
22110010125,81.57,0.07,7.15,28.5,45.68,3400,3,298,1188,1904,4168
22110010127,67.74,0,10.08,41.13,53.23,168,0,25,102,132,248
22110010128,83.42,0,11.56,35.68,52.26,166,0,23,71,104,199
22110010129,84.77,0,9.93,35.1,56.29,128,0,15,53,85,151
22110010130,83.46,0,11.72,36.8,55.31,762,0,107,336,505,913
22110010131,75.11,0,5.74,25.77,42.63,851,0,65,292,483,1133
22110010132,82.59,0,7.04,35.43,51.33,2676,0,228,1148,1663,3240
22110010133,83.22,0,9.92,38.75,53.07,3701,0,441,1723,2360,4447
22110010135,85.89,0,7.02,32.78,49.76,1077,0,88,411,624,1254
22110010136,84.06,0,12.5,45.31,56.56,269,0,40,145,181,320
22110010139,80.3,0,7.67,29.64,46.29,921,0,88,340,531,1147
22110010140,85.23,0,12.21,36.87,56.78,698,0,100,302,465,819
22110010141,70.45,0,6.88,33.6,50.61,174,0,17,83,125,247
22110010142,79.79,0,5.85,29.26,46.81,150,0,11,55,88,188
22110010145,83.15,0,12.64,34.83,49.72,296,0,45,124,177,356
22110010146,80.86,0,4.55,27.19,41.07,693,0,39,233,352,857
22110010147,79.35,0,6.77,30.65,48.39,246,0,21,95,150,310
22110010148,82.29,0,7.02,35.75,54.01,739,0,63,321,485,898
22110010149,77.78,0,13.17,35.39,58.44,189,0,32,86,142,243
22110010150,82.16,0,9.05,36.68,55.28,327,0,36,146,220,398
22110010153,92.2,0,5.37,27.32,42.93,189,0,11,56,88,205
22110010155,79.5,0,4.43,19.11,33.24,287,0,16,69,120,361
22110010156,85.41,0,12.91,42.33,59.82,2534,0,383,1256,1775,2967
22110010159,80.09,0,6.86,32.43,51.14,736,0,63,298,470,919
22110010160,80.14,0,5.14,32.19,45.21,234,0,15,94,132,292
22110010162,78.4,0,10.15,38.36,51.96,842,0,109,412,558,1074
22110010164,83.49,0.53,8.89,34.36,52.35,2367,15,252,974,1484,2835
22110010165,79.28,0.36,5.39,25.39,38.8,662,3,45,212,324,835
22110010167,86.03,0,15.28,42.36,56.77,197,0,35,97,130,229
22110010169,89.36,0,11.97,40.23,56.36,1075,0,144,484,678,1203
22110010170,80,0,8.77,39.18,53.7,292,0,32,143,196,365
22110010176,84.13,0,7.62,35.1,52.45,1203,0,109,502,750,1430
22110010178,76.6,0,6.23,28.49,45.85,406,0,33,151,243,530
22110010179,83.95,0,11.07,38.74,56.76,1062,0,140,490,718,1265
22110010180,81.89,0,11.88,37.76,53.91,1592,0,231,734,1048,1944
22110010181,87.85,0,14.66,41.61,59.84,665,0,111,315,453,757
22110010182,74.32,0,9.97,36.86,58.01,246,0,33,122,192,331
22110010183,87.54,0,10.39,36.8,55.79,295,0,35,124,188,337
22110010184,76.85,0,6.33,27.12,44.12,425,0,35,150,244,553
22110010185,74.21,0,8.07,31.8,47.78,469,0,51,201,302,632
22110010186,75.78,0,5.38,30.04,46.19,169,0,12,67,103,223
22110010187,77.81,0,5.62,26.92,44.08,526,0,38,182,298,676
22110010192,83.16,0,8.03,32.76,49.08,632,0,61,249,373,760
22110010193,80.58,0,8.58,35.69,52.33,639,0,68,283,415,793
22110010194,85.67,0,8.02,32.66,48.14,299,0,28,114,168,349
22110010195,78.98,0.97,6.25,27.4,42.49,1225,15,97,425,659,1551
22110010198,82.76,0,8.54,37.11,52.48,533,0,55,239,338,644
22110010199,75.94,0,9.09,32.09,51.34,142,0,17,60,96,187
22110010200,81.48,0,9.57,43.21,61.73,264,0,31,140,200,324
22110010202,81.94,0,13.69,41.44,58.94,431,0,72,218,310,526
22110010203,74.42,0,7.75,28.78,47.23,605,0,63,234,384,813
22110010204,83.33,0,9.34,39.8,55.75,580,0,65,277,388,696
22110010205,84.41,0,13.66,39.47,60.93,834,0,135,390,602,988
22110010206,81.76,0,6.77,26.63,41.37,2779,0,230,905,1406,3399
22110010210,87.55,0,11.96,35.87,56.84,1069,0,146,438,694,1221
22110010211,89.38,0,16.1,39.73,67.12,261,0,47,116,196,292
22110010212,83.93,0,7.7,36.08,49.62,4685,0,430,2014,2770,5582
22110010213,84.4,0,6.39,34.21,49.06,449,0,34,182,261,532
22110010215,84.71,0,0,0,0,72,0,0,0,0,85
22110010216,72.6,0,5.48,20.55,42.47,53,0,4,15,31,73
22110010217,79.5,0,6.33,27.78,42.91,993,0,79,347,536,1249
22110010218,84.18,0,9.44,37.5,58.93,330,0,37,147,231,392
22110010219,88.1,0,14.13,41.26,63.57,237,0,38,111,171,269
22110010221,83.11,0,6.85,38.81,49.77,182,0,15,85,109,219
22110010222,76.57,0,5.02,28.03,45.19,183,0,12,67,108,239
23002000002,84.04,0,9.09,37.37,53.94,416,0,45,185,267,495
23002000003,68.86,0,9.58,23.35,36.53,115,0,16,39,61,167
23002000004,89.51,0,7.41,31.48,50,145,0,12,51,81,162
23010000001,75.9,0,6.47,26.26,41.73,211,0,18,73,116,278
23010000002,80,0,8.78,32.68,54.15,164,0,18,67,111,205
23010000004,80,0,9.58,34.17,50.83,192,0,23,82,122,240
23010000006,78.3,0,9.43,34.91,52.83,83,0,10,37,56,106
23010000009,70.73,0,9.76,31.71,47.97,87,0,12,39,59,123
23010000011,87.98,0,8.15,40.34,53.65,205,0,19,94,125,233
23011090001,71.82,0,9.09,27.27,47.27,79,0,10,30,52,110
23011090005,59.77,0,6.71,28.28,41.98,205,0,23,97,144,343
23011090006,70.12,0.99,5.68,28.89,48.15,284,4,23,117,195,405
23011090007,67.05,1.16,4.87,25.29,39.91,289,5,21,109,172,431
23011090008,78.33,0,6.67,33.33,45.83,94,0,8,40,55,120
23011090010,79.76,0,8.9,34.15,51.83,654,0,73,280,425,820
23011090011,78.1,0,7.59,35,51.55,453,0,44,203,299,580
23019010008,63.32,0,3.49,24.89,36.24,145,0,8,57,83,229
23019010010,78.46,0,6.63,27.22,42.6,663,0,56,230,360,845
23019010011,80.11,0,7.38,30.53,45.73,2018,0,186,769,1152,2519
23019010012,82.61,0,8.53,32.88,48.04,2043,0,211,813,1188,2473
23019010014,75.7,0,7.96,27.74,49.46,352,0,37,129,230,465
23019010015,91.12,0,10.87,35.14,54.89,503,0,60,194,303,552
23019010016,84.91,0,8.82,35.05,53.01,2340,0,243,966,1461,2756
23028000001,74.79,0.77,7.53,30.13,44.43,973,10,98,392,578,1301
23028000002,83.94,0,10.32,39.33,55.86,1082,0,133,507,720,1289
23028000003,77.64,0,7.45,32.06,50.48,729,0,70,301,474,939
23028000004,77.63,0,8.17,32.49,49.96,2110,0,222,883,1358,2718
23028000006,77.79,0,8.46,31.8,48.87,1030,0,112,421,647,1324
23028000007,73.02,0,7.84,31.34,48,820,0,88,352,539,1123
23032040001,72.83,0,10.5,33.67,50.5,437,0,63,202,303,600
23037090001,77.57,0.56,6.03,24.67,41.29,695,5,54,221,370,896
23037090002,75.12,0.21,6.31,27.76,44.28,1096,3,92,405,646,1459
23037090003,82.45,0,8.87,39.06,59.62,437,0,47,207,316,530
23037090004,69.73,0,10.27,28.65,44.86,129,0,19,53,83,185
23037090007,77.46,0.78,7.22,34.34,52.1,794,8,74,352,534,1025
23037090012,77.61,1.79,7.76,28.96,48.66,260,6,26,97,163,335
23037090013,79.81,1.48,7.22,31.78,49.51,2044,38,185,814,1268,2561
23037090014,84.53,0,7.97,32.61,51.21,3077,0,290,1187,1864,3640
23037090015,76.44,0,8.57,32.06,50.88,1178,0,132,494,784,1541
23037090016,72.82,0.92,7.79,29.95,51.3,1262,16,135,519,889,1733
23037090017,78.9,0,8.18,34.14,52.56,617,0,64,267,411,782
23037090018,76.55,5.36,8.3,35.34,52.25,1172,82,127,541,800,1531
23037090019,79.01,0.2,9.91,37.8,57.01,1555,4,195,744,1122,1968
23037090021,77.97,0,6.78,0,0,46,0,4,0,0,59
23037090022,89.03,0,5.81,31.18,47.31,414,0,27,145,220,465
23037090024,72.12,0,7.58,33.03,51.82,238,0,25,109,171,330
23037090025,78.17,0,7.11,29.84,46.51,605,0,55,231,360,774
23037090027,86.51,1.2,8.7,36.73,56.07,577,8,58,245,374,667
23037090028,85.75,0,6.78,29.44,47.9,367,0,29,126,205,428
23037090029,76.67,0,5.49,28.43,43.73,391,0,28,145,223,510
23037090030,74.91,1.62,8.37,31.84,50.3,3230,70,361,1373,2169,4312
23037090031,63.98,0,6.21,27.33,42.86,103,0,10,44,69,161
23037090034,79.87,0,7.52,37.83,54.65,627,0,59,297,429,785
23037090035,51.23,22.22,7.41,26.54,44.44,83,36,12,43,72,162
23037090036,87.05,0.95,9.05,32.1,50.76,914,10,95,337,533,1050
23037090037,74.63,0,4.78,22.39,35.22,250,0,16,75,118,335
23037090038,69.85,1.84,6.62,26.65,43.57,380,10,36,145,237,544
23037090039,75,2.05,8.2,34.97,53.83,549,15,60,256,394,732
23037090040,77.28,0.24,7.28,29.52,48.08,966,3,91,369,601,1250
23037090041,75.42,0.27,8.76,33.15,52.77,1945,7,226,855,1361,2579
23037090042,76.55,0.89,7.7,32.34,48.29,1541,18,155,651,972,2013
23037090043,76.52,0,8.56,31.39,49.16,590,0,66,242,379,771
23037090044,75.07,0.25,6.86,28.08,43.91,2144,7,196,802,1254,2856
23037090045,76.12,1.59,7.49,31.14,47.82,1342,28,132,549,843,1763
23037090046,71.63,0,7.44,33.13,48.81,722,0,75,334,492,1008
23037090051,77.31,0,10.57,36.78,56.39,351,0,48,167,256,454
23037090052,72.21,6.12,7.63,29.98,48.87,956,81,101,397,647,1324
23037090054,89.62,0,7.91,35.54,56.29,691,0,61,274,434,771
23037090055,74.66,0,7,33.49,50.46,651,0,61,292,440,872
23037090056,81.47,0,9.16,38,54.42,774,0,87,361,517,950
23037090057,75.63,0,6.89,28.08,47.02,571,0,52,212,355,755
23037090058,72.71,0.82,7.58,30.65,48.44,1516,17,158,639,1010,2085
23037090059,74.89,1.27,7.43,34.45,53.4,826,14,82,380,589,1103
23037090060,74.22,1.06,4.78,24.53,41.81,838,12,54,277,472,1129
23037090061,75.92,0.21,9.01,38.87,57.11,1078,3,128,552,811,1420
23037090062,73.4,0,8.45,35.31,54.32,2293,0,264,1103,1697,3124
23037090063,78.22,0,8.04,35.51,56.45,564,0,58,256,407,721
23037090064,77.99,0.94,7.88,32.94,49.26,999,12,101,422,631,1281
23037090065,75.99,0.71,7.39,34.8,50,535,5,52,245,352,704
23037090066,70.77,1.01,6.91,30.41,47.68,840,12,82,361,566,1187
23037090068,75.15,0,9.7,30.91,40,124,0,16,51,66,165
23037090069,73.43,0,6.99,27.39,45.69,630,0,60,235,392,858
23041030001,65.08,0,2.38,19.84,39.68,82,0,3,25,50,126
23041030002,69.25,13.64,7.75,33.69,50.53,259,51,29,126,189,374
23042020003,76.46,0.29,7.77,31.19,47.78,1309,5,133,534,818,1712
23042020004,83.57,0,8.12,33.39,51.37,2808,0,273,1122,1726,3360
23042020005,74.51,0.69,5.83,29.1,45.21,1073,10,84,419,651,1440
23042020006,76.61,0,5.42,23.05,25.08,226,0,16,68,74,295
23042020007,70.87,0,7.12,29.52,47.12,737,0,74,307,490,1040
23042020008,82.66,0,7.51,34.97,52.02,286,0,26,121,180,346
23042020009,74.9,0,7.63,31.73,48.59,373,0,38,158,242,498
23042020010,77.39,0,8.94,33.81,52.21,753,0,87,329,508,973
23042020011,74.33,0,3.58,14.93,24.18,249,0,12,50,81,335
23042020012,74.8,0,9.35,30.89,50,184,0,23,76,123,246
23042020013,66.87,0,5.78,28.27,46.81,220,0,19,93,154,329
23042020014,84.5,0,7.64,31.22,48.47,387,0,35,143,222,458
23042020015,73.17,0,4.88,29.27,45.53,90,0,6,36,56,123
23042020016,71.66,0,5.93,29.97,46.59,483,0,40,202,314,674
23042020017,80.79,0,7.07,30.83,49.22,1863,0,163,711,1135,2306
23042020018,85.24,0,7.87,31.79,50.42,1126,0,104,420,666,1321
23042020019,81.58,0,8.95,34.21,49.47,155,0,17,65,94,190
23042020020,79.59,0,6.1,27.83,46.83,1018,0,78,356,599,1279
23042850003,80.35,0,10.39,35.42,53.57,642,0,83,283,428,799
23042850005,73.82,0,6.31,26.5,45.11,234,0,20,84,143,317
23042850006,86.11,0,7.22,32.78,47.78,155,0,13,59,86,180
23042850007,69.38,0,8.13,34.93,53.59,145,0,17,73,112,209
23042850008,81.31,0,7.32,38.69,56.47,622,0,56,296,432,765
23042850009,77.21,0,6.53,30.58,44.1,674,0,57,267,385,873
23044000001,75.14,0,6.34,30.5,47.04,3035,0,256,1232,1900,4039
23044000004,76.68,0,7.03,30.86,47.51,2400,0,220,966,1487,3130
23044000005,67.12,3.65,3.2,21.92,38.36,147,8,7,48,84,219
23044000006,78.09,0,7.44,31.66,48.22,745,0,71,302,460,954
23044000010,74.51,0,8.01,29.85,47.33,307,0,33,123,195,412
23044000011,80.22,0.13,6.1,28.61,44.85,2381,4,181,849,1331,2968
23044000013,73.07,0,7.2,28.3,43.91,426,0,42,165,256,583
23044000015,66.08,0,4.05,20.44,36.38,1206,0,74,373,664,1825
23044000018,75.62,0,7.72,33.33,48.15,245,0,25,108,156,324
23044000019,77.29,0,11.73,37.44,56.24,514,0,78,249,374,665
23044000021,71.85,0,9.68,40.18,58.06,245,0,33,137,198,341
23044000023,77.22,0,7.49,30.89,50.39,495,0,48,198,323,641
23044000024,76.5,0,5.25,26.25,43.5,612,0,42,210,348,800
23044000026,82.1,0.12,6.72,29.58,48.06,3297,5,270,1188,1930,4016
23044000030,71.49,0,6.46,29.62,49.89,321,0,29,133,224,449
23044000032,74.55,0,6.36,27.88,40.3,246,0,21,92,133,330
23044000035,80.52,0.17,7.39,33.36,50.24,2332,5,214,966,1455,2896
23044000038,77.45,0,7.1,26.1,41.44,742,0,68,250,397,958
23044000041,76.38,0,5.52,31.03,46.38,443,0,32,180,269,580
23044000042,80.78,0,5.69,29.01,44.79,4998,0,352,1795,2771,6187
23044000045,75.85,0,5.98,25.43,33.76,355,0,28,119,158,468
23044000047,79.18,0,6.65,26.18,41.42,369,0,31,122,193,466
23044000053,67.15,0,4.14,25.3,38.2,276,0,17,104,157,411
23044000054,76.26,0,6.06,29.8,45.96,151,0,12,59,91,198
23044000056,80.93,0,5.67,29.64,46.91,314,0,22,115,182,388
23044000059,75.64,0,5.57,25.64,40.02,652,0,48,221,345,862
23044000060,76.31,0,5.44,24.26,38.78,799,0,57,254,406,1047
23044000074,78.07,0,6.14,31.14,50.88,178,0,14,71,116,228
23044000075,74.98,0.06,7.3,32,49.35,4941,4,481,2109,3252,6590
23044000081,76.27,0.04,6.79,27.35,42.56,5720,3,509,2051,3192,7500
23044000083,74.31,0,10.07,26.74,44.1,214,0,29,77,127,288
23044000084,76.43,0,7.29,33.64,42.17,493,0,47,217,272,645
23044000087,72.83,0,6.06,29.79,44.35,445,0,37,182,271,611
23044000090,72.69,0,4.8,26.33,41.01,817,0,54,296,461,1124
23044000093,78.48,0,7.86,33.01,52.51,2487,0,249,1046,1664,3169
23044000094,82.46,0,4.68,0,0,141,0,8,0,0,171
23044000095,77.99,0,4.78,31.58,44.5,163,0,10,66,93,209
23044000100,75.66,0,3.45,26.37,43.61,373,0,17,130,215,493
23044000101,67.09,0,5.13,21.79,39.74,157,0,12,51,93,234
23044000104,73.75,0.48,7.35,31.78,50.21,8234,54,821,3548,5606,11164
23044000107,71.29,0,4.24,20.88,40.78,437,0,26,128,250,613
23044000110,75.96,0,4.33,24.52,39.9,158,0,9,51,83,208
23044000111,75.72,0.05,6.17,27.49,43.28,18482,13,1506,6709,10564,24409
23044000116,61.22,0,6.12,20.41,42.86,150,0,15,50,105,245
23044000118,72.51,0,5.59,28.4,43.05,480,0,37,188,285,662
23044000120,75.91,0,6.39,28.44,44.18,2127,0,179,797,1238,2802
23044000121,67.44,3,4.16,20.79,35.1,292,13,18,90,152,433
23044000122,66.23,0,4.68,18.7,34.03,255,0,18,72,131,385
23044000133,82.5,0,5.23,23.64,41.14,363,0,23,104,181,440
23044000135,75.09,0,5.6,25.21,43.32,1248,0,93,419,720,1662
23044000136,74.21,0,7.08,30.7,48.57,5580,0,532,2308,3652,7519
23044000138,78.22,0,5.7,25.31,39.91,686,0,50,222,350,877
23044000139,79.15,0,8.06,27.49,43.84,334,0,34,116,185,422
23044000144,76.8,0.32,7.49,31.57,49.28,1917,8,187,788,1230,2496
23044000145,71.91,0,4.95,24.76,41.55,668,0,46,230,386,929
23044000146,66.75,0,6.09,29.44,43.65,263,0,24,116,172,394
23044000154,68.51,0,6.49,25.32,41.56,211,0,20,78,128,308
23044000174,71.86,0,7.04,24.12,36.68,143,0,14,48,73,199
23044000191,76.31,0,6,26.51,42.87,1488,0,117,517,836,1950
23044000202,73.29,0,6.94,26.92,43.27,686,0,65,252,405,936
23044000213,77.21,0,8.12,34.87,52.91,1074,0,113,485,736,1391
23044000217,75.36,0,9.05,38.13,55.76,1257,0,151,636,930,1668
23044000227,76.2,0,5.82,27.75,43.49,1060,0,81,386,605,1391
23044000242,74.21,0,5.53,22.11,37.11,282,0,21,84,141,380
23044000263,74.55,0,5.76,26.08,45.68,829,0,64,290,508,1112
23044000265,81.06,0,7.91,33.81,52.64,676,0,66,282,439,834
23044000266,74.53,0.07,5.91,25.78,40.63,5004,5,397,1731,2728,6714
23044000268,74.97,0.2,6.06,27.37,43.18,2238,6,181,817,1289,2985
23044000269,67.55,0,5.28,19.62,32.83,179,0,14,52,87,265
23044000272,86.67,0,7.69,28.46,45.13,338,0,30,111,176,390
23044000277,78.97,0,5.95,24.6,39.29,199,0,15,62,99,252
23044000280,65.71,0,5.71,25.71,41.14,115,0,10,45,72,175
23044000281,73.48,0,6.63,29.76,43.86,521,0,47,211,311,709
23044000283,68.01,0,2.97,20.59,33.59,1235,0,54,374,610,1816
23044000284,74.1,0,5.05,26.38,41.05,1233,0,84,439,683,1664
23044000285,76.98,0.03,6.51,29.56,46.12,8495,3,718,3262,5089,11035
23044000286,68.27,0.23,5.71,25.58,42.19,2728,9,228,1022,1686,3996
23044000288,88.26,0,9.37,38.55,58.13,744,0,79,325,490,843
23044000289,77.35,0,8.37,34.06,54.14,813,0,88,358,569,1051
23044000290,76.33,0,7.46,26.87,44.56,358,0,35,126,209,469
23044000292,74.45,0,8.03,38.69,56.2,102,0,11,53,77,137
23044000293,75.87,0,7.37,30.06,48.27,525,0,51,208,334,692
23044000296,79.28,0,7.81,27.03,44.74,264,0,26,90,149,333
23044000298,66.81,0,5.64,25.05,42.59,320,0,27,120,204,479
23044000300,80.08,0,7.63,33.9,47.46,189,0,18,80,112,236
23044000303,74,0,6.33,29.48,44.83,2174,0,186,866,1317,2938
23044000304,78.91,0,5.62,28,45.45,2469,0,176,876,1422,3129
23044000308,74.79,0,8,35.95,53.24,982,0,105,472,699,1313
23044000310,80.85,0.18,8.37,33.88,51.78,5988,13,620,2509,3835,7406
23044000312,74.52,0,8.78,34.6,54.07,2893,0,341,1343,2099,3882
23044000313,88.91,0,7.39,33.49,52.89,770,0,64,290,458,866
23044000315,71.71,0,5.04,30.36,47.16,555,0,39,235,365,774
23044000317,75.53,0,7.45,0,0,71,0,7,0,0,94
23044000318,73.24,1.04,9.27,35.35,55.2,1620,23,205,782,1221,2212
23044000319,72.49,0.53,6.6,29.89,46.95,3539,26,322,1459,2292,4882
23044000322,76.56,0.28,6.92,32.89,47.42,1881,7,170,808,1165,2457
23044000324,67.37,0,6.02,21.8,35.34,448,0,40,145,235,665
23044000325,84.62,0,8,33.6,54.32,3440,0,325,1366,2208,4065
23044000327,90.13,0,11.76,38.87,55.88,429,0,56,185,266,476
23044000330,75.71,1.59,7.6,36.48,54.86,857,18,86,413,621,1132
23044000333,75.62,0.11,6.73,30.31,47.29,2066,3,184,828,1292,2732
23044000334,78.03,0,7.11,26.82,41.52,483,0,44,166,257,619
23044000336,72.34,0.16,5.77,27.33,43.97,1805,4,144,682,1097,2495
23044000337,85.13,0,8.05,34.76,54.16,1237,0,117,505,787,1453
23044000338,80.91,0,8.95,38.81,55.17,1157,0,128,555,789,1430
23044000339,79.58,0.25,6.27,31.61,48.64,939,3,74,373,574,1180
23044000341,76.13,0,6.45,26.45,40.65,118,0,10,41,63,155
23044000342,76.62,0,7.95,31.01,48.85,1937,0,201,784,1235,2528
23044000343,78.63,0,5.14,27.57,45.48,887,0,58,311,513,1128
23044000344,77.75,0.39,6.81,30.5,54.19,594,3,52,233,414,764
23044000345,77.7,0,9.36,38.68,56.02,1362,0,164,678,982,1753
23044000346,77.86,0,6.7,27.19,49.49,988,0,85,345,628,1269
23044000347,78.05,0,4.63,23.41,35.85,640,0,38,192,294,820
23044000348,80.93,0,7.92,35.9,56.01,3442,0,337,1527,2382,4253
23044000349,77.89,0,7.89,35.23,52.97,997,0,101,451,678,1280
23044000350,79.57,0.49,7.8,36.62,53.9,806,5,79,371,546,1013
23044000352,71.09,0,6.83,26.02,42.58,541,0,52,198,324,761
23044000354,81.35,0,8.81,35.71,54.92,1016,0,110,446,686,1249
23044000355,67.32,0,6.14,26.04,43.49,274,0,25,106,177,407
23044000356,75.18,0.24,7.23,36,54.45,1581,5,152,757,1145,2103
23044000357,80.71,0,6.55,30.9,46.82,431,0,35,165,250,534
23044000358,80.83,0,7.63,30.37,48.29,2129,0,201,800,1272,2634
23044000359,80.34,0,7.23,32.83,51.88,1434,0,129,586,926,1785
23044000360,85.09,0,6.13,27.56,42.21,639,0,46,207,317,751
23044000361,71.49,0,5.96,22.27,34.61,504,0,42,157,244,705
23044000362,86.02,0,8.14,35.02,53.47,1427,0,135,581,887,1659
23044000363,83,0,8.5,32.02,51.14,547,0,56,211,337,659
23044000364,78.16,0,10.2,37.28,56.53,1149,0,150,548,831,1470
23044000365,86.04,0,8.88,35.64,54.79,746,0,77,309,475,867
23044000366,73.92,0,6.64,25.9,39.45,802,0,72,281,428,1085
23044000367,78.47,0,7.29,32.88,49.32,463,0,43,194,291,590
23044000369,68.03,0.27,6.7,26.18,39.4,751,3,74,289,435,1104
23044000370,66.4,0,6.07,28.74,43.72,164,0,15,71,108,247
23044000371,79.25,0,6.5,33,48.5,317,0,26,132,194,400
23044000374,76.76,0,7.55,31.83,48.39,2573,0,253,1067,1622,3352
23044000375,72.42,0,5.04,22.54,37.26,1279,0,89,398,658,1766
23044000376,68.08,0.39,5.42,24.33,40.59,691,4,55,247,412,1015
23044000377,81.85,0,5.38,28.57,47.06,487,0,32,170,280,595
23044000378,83.94,0,6.22,31.79,47.6,998,0,74,378,566,1189
23044000379,78.32,0,8.52,34.21,53.26,625,0,68,273,425,798
23044000380,78.54,0,8.23,32.68,50.57,2463,0,258,1025,1586,3136
23044000381,79.53,0,10.3,37.23,56.59,579,0,75,271,412,728
23044000382,68.68,0,7.13,25.92,46.22,318,0,33,120,214,463
23044000383,81.36,0,8.93,36.87,54.39,1741,0,191,789,1164,2140
23044000384,75.29,0,7.6,31.31,49.49,1188,0,120,494,781,1578
23044000387,81.88,0,7.32,31.01,45.3,235,0,21,89,130,287
23044000388,76.8,0,5.44,29.28,46.56,480,0,34,183,291,625
23044000390,66.43,0,2.8,21.68,35.66,95,0,4,31,51,143
23044000392,76.98,0,6.28,30.93,46.74,331,0,27,133,201,430
23044000393,80.73,0,6.77,23.44,40.62,155,0,13,45,78,192
23044000394,67.9,0,5.56,25,39.2,220,0,18,81,127,324
23044000395,69.86,0,7.32,27.61,47.89,248,0,26,98,170,355
23044000396,78.83,0,8.76,37.96,54.01,108,0,12,52,74,137
23044000397,73.99,0,6.95,29.54,46.47,1906,0,179,761,1197,2576
23044000398,80.51,0.2,5.61,30.96,48.63,1235,3,86,475,746,1534
23044000400,77.49,0,8.36,30.87,54.02,241,0,26,96,168,311
23044000401,80.9,0,10.95,39.17,56.81,665,0,90,322,467,822
23044000403,75.37,0,5.57,25.07,39.37,1028,0,76,342,537,1364
23044000404,76.45,0,8.26,29.53,49.74,435,0,47,168,283,569
23044000405,79.35,0,8.5,34.25,51.63,607,0,65,262,395,765
23044000406,73.79,0,6.88,29.32,44.31,901,0,84,358,541,1221
23044000407,77.75,0,5.63,26.14,45.98,580,0,42,195,343,746
23044000408,65.23,0,5.47,23.44,43.75,167,0,14,60,112,256
23044000409,78.16,0.79,8.68,32.63,47.37,297,3,33,124,180,380
23044000411,78.15,0,7.71,28.79,49.36,304,0,30,112,192,389
23044000413,83.05,0,6.1,34.58,56.95,245,0,18,102,168,295
23044000416,66.67,0,8.33,23.61,36.81,96,0,12,34,53,144
23044000419,75.22,0,7.96,37.61,40.27,170,0,18,85,91,226
23044000420,81.76,0,9.41,36.59,56.82,695,0,80,311,483,850
23044000421,85.61,0,6.1,28.27,44.31,3004,0,214,992,1555,3509
23044000422,81.08,0,4.73,33.11,46.62,120,0,7,49,69,148
23044000423,68.83,0,7.79,37.66,56.49,106,0,12,58,87,154
23044000424,67.59,0,2.76,22.76,31.72,98,0,4,33,46,145
23044000425,81.72,0,8.14,35.61,53.89,693,0,69,302,457,848
23044000426,77.46,0.34,8.37,30.83,52.09,907,4,98,361,610,1171
23044000427,69.79,0,4.13,17.64,30.21,372,0,22,94,161,533
23044000428,69.84,0,5.56,21.43,27.78,88,0,7,27,35,126
23044000429,75.5,0,7.43,30.69,49.5,610,0,60,248,400,808
23044000430,74.77,0,8.04,35.47,53.38,409,0,44,194,292,547
23044000431,80.5,0,8.12,37.57,56.41,615,0,62,287,431,764
23044000432,73.22,0,8.43,31.66,49.11,495,0,57,214,332,676
23044000436,72.55,0,6.86,33.33,44.12,74,0,7,34,45,102
23044000437,80.63,0,8.64,32.29,51.85,849,0,91,340,546,1053
23044000441,75.69,0,7.34,27.06,47.71,330,0,32,118,208,436
23044000443,77.76,0,7.23,30.02,51.18,430,0,40,166,283,553
23044000444,59.31,0,2.84,13.25,25.24,188,0,9,42,80,317
23044000447,84.35,0,4.52,28,46.52,970,0,52,322,535,1150
23044000448,72.73,0,6.57,30.3,42.42,144,0,13,60,84,198
23044000449,80.08,0,7.42,33.83,51.03,852,0,79,360,543,1064
23044000450,80.29,0,6.19,29.97,45.93,493,0,38,184,282,614
23044000451,78.7,0,6.25,31.25,49.54,340,0,27,135,214,432
23044000452,69.63,0,6.67,30,47.78,188,0,18,81,129,270
23044000453,79.79,0,8.51,37.94,54.96,450,0,48,214,310,564
23044000454,79.95,0,7.13,31.49,50.74,594,0,53,234,377,743
23044000456,59.18,0,2.33,18.66,40.23,203,0,8,64,138,343
23044000457,78.04,0,5.3,30.22,49.84,501,0,34,194,320,642
23044000459,70.36,0,6.79,37.58,55.79,425,0,41,227,337,604
23044000460,71.02,0,4.08,19.59,35.1,174,0,10,48,86,245
23044000461,77.29,0,5.24,24.89,42.79,177,0,12,57,98,229
23044000462,80.66,0,13.17,42.8,62.14,196,0,32,104,151,243
23044000463,71.95,0,6.06,22.14,36.36,926,0,78,285,468,1287
23044000465,72.52,0,3.82,19.85,35.88,95,0,5,26,47,131
23044000466,81.19,0,7.8,32.57,49.08,177,0,17,71,107,218
23044000467,79.14,0,7.96,30.11,49.25,368,0,37,140,229,465
23044000469,78.77,0.07,7.63,31.03,49.75,3417,3,331,1346,2158,4338
23044000470,76.59,0,5.85,24.39,40.98,157,0,12,50,84,205
23044000471,88.39,0,7.93,32.58,49.86,312,0,28,115,176,353
23044000472,89.5,0,13.87,39.5,58.82,213,0,33,94,140,238
23044000474,66.23,0,7.95,31.13,50.33,100,0,12,47,76,151
23044000476,74.36,0,7.27,27.45,45.82,409,0,40,151,252,550
23044000478,77.83,0,9.91,41.51,58.96,165,0,21,88,125,212
23044000479,73.86,0,7.01,29.66,45.66,1865,0,177,749,1153,2525
23044000480,76.36,0,6.2,34.38,51.74,924,0,75,416,626,1210
23044000481,77.94,0,5.37,32.23,49.49,682,0,47,282,433,875
23044000483,74.96,0,7.03,29.58,47.21,3198,0,300,1262,2014,4266
23044000485,77.58,0,8.53,33.13,51.59,391,0,43,167,260,504
23044000486,77.91,0.24,7.17,30.77,49.14,2261,7,208,893,1426,2902
23044000487,70.99,0,7.56,29.31,46.68,1165,0,124,481,766,1641
23044000488,74.59,0,6.38,27.66,44.43,596,0,51,221,355,799
23044000489,77.44,0,7.85,35.97,54.57,1490,0,151,692,1050,1924
23044000491,81.55,0,10.68,40.78,59.22,252,0,33,126,183,309
23044000492,79.66,0,7.94,34.06,52.63,2980,0,297,1274,1969,3741
23044000493,74.04,0,6.69,34.56,53.69,542,0,49,253,393,732
23044000494,90,0,6.11,22.78,35.56,162,0,11,41,64,180
23044000496,72.33,0,7.02,31.16,47.79,2010,0,195,866,1328,2779
23044000497,91.07,0,6.98,32.85,48.69,1500,0,115,541,802,1647
23044000499,81.59,0,6.47,34.99,52.07,492,0,39,211,314,603
23044000500,72.56,0.04,5.96,26.21,43.59,9512,5,782,3436,5715,13110
23044000502,75.83,0,7.4,30.78,47.92,1424,0,139,578,900,1878
23044000503,86.87,0,9.65,38.29,56.96,549,0,61,242,360,632
23044000505,83.77,0,7.68,29.24,47.21,676,0,62,236,381,807
23044000506,77.56,0.2,8.12,34.32,52.48,1175,3,123,520,795,1515
23044000507,76.22,0,8.96,35.3,52.71,1939,0,228,898,1341,2544
23044000508,71.78,0,7.91,31.35,50.1,735,0,81,321,513,1024
23044000509,73.03,0,4.21,24.72,37.92,260,0,15,88,135,356
23044000511,78.48,0,6.36,23.33,38.48,259,0,21,77,127,330
23044000512,75.44,0,5.2,27.24,44.75,1379,0,95,498,818,1828
23044000513,77.34,0,8.63,32.02,48.83,529,0,59,219,334,684
23044000514,75.44,0,5.69,22.06,36.3,212,0,16,62,102,281
23044000515,79.88,0,7.67,33,51.09,552,0,53,228,353,691
23044000516,79.55,0,7.2,33.75,50.71,1669,0,151,708,1064,2098
23044000517,72.57,0,5.05,27.66,41.41,934,0,65,356,533,1287
23044000519,74.08,0,5.4,25.13,39.77,8018,0,584,2720,4305,10824
23044000521,76.82,0,4.75,26.82,45.53,275,0,17,96,163,358
23044000522,79.71,0,8.05,37.52,55.56,495,0,50,233,345,621
23044000523,76.91,0,9.24,36.95,56.63,383,0,46,184,282,498
23044000524,78.9,0.36,9.54,37.31,55.66,662,3,80,313,467,839
23044000526,64.98,0,2.3,27.19,42.4,141,0,5,59,92,217
23044000527,81.76,0,9.18,35.75,53.14,677,0,76,296,440,828
23044000528,73.65,0,4.73,27.7,45.95,109,0,7,41,68,148
23044000530,74.19,0,7.26,30.24,47.98,184,0,18,75,119,248
23044000531,77.9,0,6.38,28.17,43.66,1001,0,82,362,561,1285
23044000532,75.23,0,8.88,33.18,50.93,161,0,19,71,109,214
23044000533,76.79,0,6.07,28.21,50.71,215,0,17,79,142,280
23044000535,75.44,0,7.42,30.36,48.58,559,0,55,225,360,741
23044000536,75.13,0,6.74,31.61,46.11,145,0,13,61,89,193
23044000537,70.24,0,4.71,25.8,41.05,373,0,25,137,218,531
23044000538,76.32,0,6.04,30.65,47.52,493,0,39,198,307,646
23044000539,78.32,0,10.3,33.6,53.66,289,0,38,124,198,369
23044000541,74.46,0,9.52,12.55,18.18,172,0,22,29,42,231
23044000542,69.21,0,6.87,26.46,42.75,272,0,27,104,168,393
23044000543,74.26,0,5.15,25.59,41.32,505,0,35,174,281,680
23044000545,85.45,0,9.09,43.27,62.18,235,0,25,119,171,275
23044000546,76.34,0,7.59,28.12,40.62,171,0,17,63,91,224
23044000547,71.25,0,7.78,30.29,47.83,788,0,86,335,529,1106
23044000548,65.27,0,4.58,24.81,42.75,171,0,12,65,112,262
23044000549,43.07,0,0,0,0,59,0,0,0,0,137
23044000550,77.38,0,6.75,28.97,43.92,1170,0,102,438,664,1512
23044000551,78.95,0,4.39,22.37,39.04,180,0,10,51,89,228
23044000552,76.17,0.98,5.08,25.2,43.36,390,5,26,129,222,512
23044000553,71.28,0,7.64,30.99,48.55,345,0,37,150,235,484
23044000554,72.68,0,5.84,29.61,46.89,572,0,46,233,369,787
23044000557,80,0,4,24,39.11,180,0,9,54,88,225
23044000558,75.66,0.1,7.99,31.56,51.03,2347,3,248,979,1583,3102
23044000559,84.97,0,9.84,32.12,50.78,164,0,19,62,98,193
23044000560,78.43,0,8.45,29.88,50.29,538,0,58,205,345,686
23044000561,76.76,0,5.08,19.92,37.11,393,0,26,102,190,512
23044000562,79.83,0,6.58,24.42,37.58,376,0,31,115,177,471
23044000563,72.06,0,7,28.14,46.83,1782,0,173,696,1158,2473
23044000564,75.71,0,7,26.71,44.71,530,0,49,187,313,700
23044000566,77.06,0,4.71,23.82,38.82,262,0,16,81,132,340
23044000567,72.99,0,6.4,24.17,41.94,308,0,27,102,177,422
23044000568,72.68,1.46,6.34,32.68,49.76,149,3,13,67,102,205
23044000569,73.96,0,7.1,25.15,43.49,250,0,24,85,147,338
23044000570,74.89,0,8.68,38.13,56.85,328,0,38,167,249,438
23044000571,70.78,0,2.41,20.18,37.05,235,0,8,67,123,332
23044000573,73.19,0,7.66,27.66,44.26,172,0,18,65,104,235
23044000574,79.77,0,8.67,30.06,46.24,138,0,15,52,80,173
23044000575,72.78,0,5.61,29.07,46.4,2193,0,169,876,1398,3013
23044000576,72.61,1.3,6.96,29.57,38.7,167,3,16,68,89,230
23044000577,76.4,0,6.74,27.72,45.69,204,0,18,74,122,267
23044000578,83.54,0,7.59,31.22,54.85,198,0,18,74,130,237
23044000579,66.73,0,5,22.5,37.88,347,0,26,117,197,520
23044000580,74.59,0,6.63,27.9,46.69,270,0,24,101,169,362
23044000590,69.17,9.17,8.61,33.33,54.72,249,33,31,120,197,360
23044000591,72.73,0,7.86,31.94,50.12,296,0,32,130,204,407
23044000592,79.84,0,11.11,36.63,49.38,194,0,27,89,120,243
23044000593,77.31,0,10.15,35.33,51.33,1455,0,191,665,966,1882
23044000594,77.73,0,9.08,40.03,58.76,967,0,113,498,731,1244
23044000595,72.99,0.46,6.22,27.16,49.01,481,3,41,179,323,659
23044000596,75.42,0,9.04,41.24,57.91,267,0,32,146,205,354
23044000597,77.16,0,7.16,32.55,51.08,787,0,73,332,521,1020
23044000598,76.54,0.34,6.32,28.93,47.3,2241,10,185,847,1385,2928
23044000599,82.44,0,6.11,29.77,46.56,108,0,8,39,61,131
23044000600,78.6,0,7.13,31.19,46.99,562,0,51,223,336,715
23044000602,76.49,0,6.34,26.24,44,784,0,65,269,451,1025
23044000604,72.64,0,6.78,29.06,47.94,300,0,28,120,198,413
23044000605,77.61,0,7.09,32.46,48.51,208,0,19,87,130,268
23044000608,78.64,0,3.88,30.1,49.19,243,0,12,93,152,309
23044000609,76.75,0.25,6.69,28.85,47.9,1205,4,105,453,752,1570
23044000610,75.62,0,6.49,27.52,45.64,338,0,29,123,204,447
23044000611,77.14,0,6.7,28.98,45.84,668,0,58,251,397,866
23044000612,71.07,0,5.33,22.34,35.79,280,0,21,88,141,394
23044000613,77.43,0,6.65,24.89,39.77,734,0,63,236,377,948
23044000614,77.9,0,7.97,34.42,50.72,215,0,22,95,140,276
23044000615,79,0,7.06,30.67,49.63,425,0,38,165,267,538
23044000616,66.82,0,4.11,20.7,34.25,439,0,27,136,225,657
23044000617,72.86,0,8.29,31.91,53.77,290,0,33,127,214,398
23044000618,76.75,0,6,27.38,46.25,614,0,48,219,370,800
23044000622,74.32,0,8.42,36.03,53.12,1774,0,201,860,1268,2387
23044000623,77.02,0,8.47,33.06,55.24,191,0,21,82,137,248
23044000624,89.35,0,7.56,34.71,50.52,260,0,22,101,147,291
23044000626,77.7,0,7.49,28.79,45.76,467,0,45,173,275,601
23044000629,82.11,0,8.65,38.93,55.87,1120,0,118,531,762,1364
23044000634,77.59,0,5.17,29.31,46.55,90,0,6,34,54,116
23044000635,83.13,0,7.83,34.94,52.11,276,0,26,116,173,332
23044000636,71.36,0,8.41,28.64,49.09,314,0,37,126,216,440
23044000637,80.71,0,8.42,40.49,55.43,297,0,31,149,204,368
23044000638,73.38,0,7.91,29.5,46.04,102,0,11,41,64,139
23044000639,78.85,0,5.49,31.87,52.2,287,0,20,116,190,364
23044000640,80.47,0,5.62,28.4,45.86,272,0,19,96,155,338
23044000643,74.07,0,4.94,30.86,43.83,120,0,8,50,71,162
23044000644,70.52,0.5,5.86,25.46,39.7,421,3,35,152,237,597
23044000646,80.6,0,4.48,0,0,54,0,3,0,0,67
23044000648,76.44,0,6.28,27.75,51.83,146,0,12,53,99,191
23044000649,83.1,0,4.93,32.39,48.24,236,0,14,92,137,284
23044000650,83.46,0,9.12,36.48,56.2,787,0,86,344,530,943
23044000651,78.55,0,9.97,37.87,58.61,780,0,99,376,582,993
23044000655,76,0,6.22,27.56,50.89,342,0,28,124,229,450
23044000658,66.97,0,6.29,28.54,44.72,298,0,28,127,199,445
23044000659,93.2,0,10.65,39.35,57.69,315,0,36,133,195,338
23044000663,79.16,0,9.89,35.16,57.26,376,0,47,167,272,475
23044000664,81.26,0,9.54,36.19,54.52,997,0,117,444,669,1227
23044000665,78.6,0,8.08,30.13,50,360,0,37,138,229,458
23044000667,67.86,0,5.25,23.11,35.92,323,0,25,110,171,476
23044000668,83.52,0,10.8,29.55,47.16,147,0,19,52,83,176
23044000669,78.96,0,6.53,29.36,46.33,484,0,40,180,284,613
23044000670,75.21,0,5.92,25.26,42.07,801,0,63,269,448,1065
23044000671,77.93,0,9.68,35.81,54.28,346,0,43,159,241,444
23044000672,75.25,0,6,31.75,48.25,301,0,24,127,193,400
23044000673,79.14,0,7.98,29.45,48.47,129,0,13,48,79,163
23044000674,74.56,0,10.25,33.57,53.36,211,0,29,95,151,283
23044000676,74.37,0,7.04,32.16,45.73,148,0,14,64,91,199
23044000677,73.69,0.23,6.54,29.42,48.73,3817,12,339,1524,2524,5180
23044000678,77.49,0,6.03,23.9,39.21,334,0,26,103,169,431
23044000679,71.84,0,6.71,29.15,43.89,653,0,61,265,399,909
23044000680,74.26,0,6.91,29.36,46.49,698,0,65,276,437,940
23044000682,75.6,0,3.83,26.79,47.85,158,0,8,56,100,209
23044000683,71.59,0,4.46,20.61,39.28,257,0,16,74,141,359
23044000684,69.03,0,7.37,26.84,46.02,234,0,25,91,156,339
23044000685,75,0,6.54,27.88,43.46,390,0,34,145,226,520
23044000686,73.87,0.38,5.3,25.69,42.04,1156,6,83,402,658,1565
23044000687,68.97,0,6,23.64,39.22,598,0,52,205,340,867
23044000688,79.68,0,4.81,31.02,48.13,149,0,9,58,90,187
23044000691,69.68,0,6.11,25.44,39.49,1597,0,140,583,905,2292
23044000693,75.24,0,4.81,28.61,45.19,313,0,20,119,188,416
23044000694,73.1,0,5.26,28.07,50.88,125,0,9,48,87,171
23044000696,68.83,0,5.97,27.53,44.57,945,0,82,378,612,1373
23044000703,78.26,0,8.7,28.26,42.39,72,0,8,26,39,92
23044000705,80.79,3.39,7.34,32.2,46.33,143,6,13,57,82,177
23044000706,70.23,0,4.68,20.74,38.13,210,0,14,62,114,299
23044000708,69.41,0,5.71,26.83,40.75,608,0,50,235,357,876
23044000710,92.58,0,11.31,32.86,48.41,524,0,64,186,274,566
23044000711,64.96,0,5.2,26.55,42.52,712,0,57,291,466,1096
23044000712,73.56,0,8.62,35.36,53.87,751,0,88,361,550,1021
23044000713,79.6,0,5.76,28.38,46.78,359,0,26,128,211,451
23044000714,69.14,0,4.94,34.98,47.33,168,0,12,85,115,243
23044000715,66.29,0,11.24,33.71,55.62,118,0,20,60,99,178
23044000716,71.14,0,6.15,27.35,43.91,567,0,49,218,350,797
23044000717,77.97,0,7.8,24.41,44.75,230,0,23,72,132,295
23044000718,69.85,0,5.23,27.69,46.77,227,0,17,90,152,325
23044000719,66.83,0,6.47,23.38,42.95,403,0,39,141,259,603
23044000720,76.72,1.08,7.11,32.97,51.94,356,5,33,153,241,464
23044000721,82.39,0,8.1,36.97,51.41,234,0,23,105,146,284
23044000722,62.43,0,3.47,20.81,32.37,108,0,6,36,56,173
23044000723,77.38,0,8.04,39.29,54.46,260,0,27,132,183,336
23044000724,73.44,0.78,7.81,33.01,51.95,376,4,40,169,266,512
23044000727,78.11,0,6.97,30.06,49.4,1099,0,98,423,695,1407
23044000729,75.54,0,5.04,23.02,39.57,105,0,7,32,55,139
23044000731,68.65,0,4.08,31.87,44.1,657,0,39,305,422,957
23044000732,85.33,0,5,32.67,49,256,0,15,98,147,300
23044000733,76.16,0.31,9.17,34.33,51.67,1735,7,209,782,1177,2278
23044000734,76.51,0,9.46,36.38,55.2,736,0,91,350,531,962
23044000735,76.03,0,8.51,32.36,50.78,2002,0,224,852,1337,2633
23044000736,77.81,0,8.81,31,52.2,477,0,54,190,320,613
23044000740,81.4,0,13.95,0,0,70,0,12,0,0,86
23044000742,73.83,0,6.74,32.12,49.74,285,0,26,124,192,386
23044000743,69.13,0,3.48,27.39,40.87,159,0,8,63,94,230
23044000744,68.78,1.13,2.94,25.79,44.57,304,5,13,114,197,442
23044000745,89.12,0,4.72,25.67,42.51,434,0,23,125,207,487
23044000746,73.16,0,8.46,37.5,56.99,199,0,23,102,155,272
23044000747,74.57,0,7.9,27.55,46.82,387,0,41,143,243,519
23044000748,69,0,3.93,22.27,37.55,158,0,9,51,86,229
23044000749,70.23,0.29,6.03,24.75,41.32,979,4,84,345,576,1394
23044000750,75.52,0,9.13,36.1,48.96,182,0,22,87,118,241
23044000751,84.35,0,6.52,31.74,51.3,582,0,45,219,354,690
23044000752,85.95,0,6.92,30.76,49.23,1168,0,94,418,669,1359
23044000753,76.72,0,7.8,29.5,47.75,580,0,59,223,361,756
23044000754,69.11,0,10.04,30.12,45.56,179,0,26,78,118,259
23044000755,80.89,0,7.95,29.36,45.72,529,0,52,192,299,654
23044000757,75.92,0,6.8,28.61,48.73,268,0,24,101,172,353
23044000759,75.71,0,8.93,30.36,50.54,424,0,50,170,283,560
23044000760,76.32,0,3.12,27.1,37.69,245,0,10,87,121,321
23044000761,81.44,0,9.28,36.49,54.43,395,0,45,177,264,485
23044000762,76.84,0.69,6.03,28.02,48.4,1108,10,87,404,698,1442
23044000763,81.91,0,8.24,30.32,48.94,308,0,31,114,184,376
23044000764,70.28,0,6.98,32.82,51.42,272,0,27,127,199,387
23044000765,80.46,0,10.34,39.31,56.78,350,0,45,171,247,435
23044000767,79.55,0,3.41,27.27,40.91,70,0,3,24,36,88
23044000768,81.54,0,6.15,36.92,52.31,53,0,4,24,34,65
23044000770,73.3,0,7.66,34.14,50.98,335,0,35,156,233,457
23044000771,75.72,0,7.25,31.88,47.46,209,0,20,88,131,276
23044000773,80.99,0,6.61,28.1,41.32,98,0,8,34,50,121
23044000774,78.77,0,7.37,33.18,51.62,705,0,66,297,462,895
23044000775,74.15,0,8.11,35.97,55.51,1070,0,117,519,801,1443
23044000777,77.23,0,7,28.84,46.68,1082,0,98,404,654,1401
23044000778,84.2,0,11.78,46.84,62.93,293,0,41,163,219,348
23044000779,80.71,0,7.62,36.6,51.93,816,0,77,370,525,1011
23044000780,74.01,0,4.28,28.95,46.38,225,0,13,88,141,304
23044000782,70.97,0,5.38,28.23,43.95,528,0,40,210,327,744
23044000784,72.57,0,5.49,29.54,48.52,172,0,13,70,115,237
23044000786,71.97,0,6.53,27.44,46.24,1091,0,99,416,701,1516
23044000787,76.33,0,6.92,31.09,49.69,1235,0,112,503,804,1618
23044000789,71.45,0,7.03,27.5,44.1,478,0,47,184,295,669
23044000790,71.72,0,10,34.48,50.69,208,0,29,100,147,290
23044000793,78.53,0,9.32,43.22,60.73,278,0,33,153,215,354
23044000795,98.63,0,7.79,31.28,48.22,722,0,57,229,353,732
23044000796,57.61,0,4.89,19.57,26.09,106,0,9,36,48,184
23044000797,81.01,0,8.69,36.57,54.24,802,0,86,362,537,990
23044000798,90.85,0,7.32,29.27,52.44,149,0,12,48,86,164
23044000799,74.51,0,7.84,32.03,52.51,342,0,36,147,241,459
23044000800,80.94,0,8.84,32.87,48.9,293,0,32,119,177,362
23044000802,52,0,4,16.8,28.8,65,0,5,21,36,125
23044000803,72.83,0,9.58,35.63,49.22,327,0,43,160,221,449
23044000804,76.38,0,7.1,25.58,42.27,430,0,40,144,238,563
23044000806,72.83,0,7.32,25.43,44.89,378,0,38,132,233,519
23044000808,81.98,0,8.64,37.28,60.74,332,0,35,151,246,405
23044000809,79.82,0,7.08,39.91,59.94,530,0,47,265,398,664
23044000811,73.54,0,7.47,30.51,44.24,364,0,37,151,219,495
23044000812,77.14,0,7.86,32.5,51.79,216,0,22,91,145,280
23044000813,71.65,0,6.7,28.87,43.3,139,0,13,56,84,194
23044000816,75.88,0,7.65,34.12,51.76,129,0,13,58,88,170
23044000817,75.97,0.05,7.76,32.8,51.19,4789,3,489,2068,3227,6304
23044000818,54.62,0,4.62,22.31,44.62,71,0,6,29,58,130
23044000820,76.68,0.39,7.86,31.06,52.06,595,3,61,241,404,776
23044000821,72.5,0,5.75,30,47,290,0,23,120,188,400
23044000822,77.21,0,7.25,31.37,51.65,2205,0,207,896,1475,2856
23044000823,74.27,0,7.6,31.58,47.37,254,0,26,108,162,342
23044000824,80.09,0,4.38,23.19,40.7,366,0,20,106,186,457
23044000825,72.91,0.25,8.34,34.76,51.2,883,3,101,421,620,1211
23044000826,71.85,0,6.06,26.84,47.62,605,0,51,226,401,842
23044000827,81.82,0,10.23,33.71,55.11,432,0,54,178,291,528
23044000829,74.23,0,5.52,24.54,38.04,121,0,9,40,62,163
23044000831,73.09,0,7.39,34.3,50.4,277,0,28,130,191,379
23044000835,74.2,0,8.23,34.71,52.49,7023,0,779,3285,4968,9465
23044000836,72.13,0,5.34,29.25,45.65,365,0,27,148,231,506
23044000837,76.62,0,5.97,33.33,50.75,154,0,12,67,102,201
23044000838,82.55,0,11.82,37.45,56.36,454,0,65,206,310,550
23044000839,69.76,0,8.93,34.71,55.67,203,0,26,101,162,291
23044000841,72,0,6.22,32.89,53.78,162,0,14,74,121,225
23044000842,77.38,0,5.95,28.57,0,65,0,5,24,0,84
23044000843,79.27,0.52,5.35,26.25,41.45,459,3,31,152,240,579
23044000844,63.16,0,5.26,26.32,47.37,60,0,5,25,45,95
23044000845,82.08,0,4.72,30.19,46.7,174,0,10,64,99,212
23044000847,71.66,0,5.81,22.84,39.87,913,0,74,291,508,1274
23044000848,77.78,0,7.78,27.78,52.78,140,0,14,50,95,180
23044000849,72.2,0,5.97,25.67,46.44,883,0,73,314,568,1223
23044000850,72.14,0.1,5.76,26.68,41.64,5849,8,467,2163,3376,8108
23044000852,79.48,0,8.47,36.48,48.86,244,0,26,112,150,307
23044000854,80.52,0,7.13,33.02,49.17,339,0,30,139,207,421
23044000855,74.8,0,8.27,33.46,48.43,190,0,21,85,123,254
23044000856,72.4,0,4.07,23.53,39.37,160,0,9,52,87,221
23044000857,77.27,0,5.84,19.48,31.17,119,0,9,30,48,154
23044000858,72.08,0,6.62,23.8,42.27,839,0,77,277,492,1164
23044000859,80.75,0,7.76,37.27,54.66,260,0,25,120,176,322
23044000860,76.76,0,7.02,28.09,48.67,317,0,29,116,201,413
23044000861,80.43,0.38,7.62,33.21,51.18,855,4,81,353,544,1063
23044000862,79.85,0,0,0,0,107,0,0,0,0,134
23044000863,78.7,0,7.39,29.74,47.26,5334,0,501,2016,3203,6778
23044000864,79.99,0.17,7.83,33.48,51.88,4289,9,420,1795,2782,5362
23044000865,77.58,0.15,6.84,29.7,46.96,3527,7,311,1350,2135,4546
23044000867,75.97,0.02,7.42,31.01,50.21,10927,3,1067,4460,7222,14383
23044000868,77.33,0,7.93,32.37,51.25,1921,0,197,804,1273,2484
23044000869,100,0,6.9,0,0,58,0,4,0,0,58
23044000870,73.77,0,7.1,33.88,56.28,135,0,13,62,103,183
23044000871,78.9,0,7.8,30.73,50.46,172,0,17,67,110,218
23044000872,86.26,0,4.37,24.53,38.72,967,0,49,275,434,1121
23044000875,78.23,0,6.24,29.75,47.46,539,0,43,205,327,689
23044000876,73.24,0,6.81,24.82,46.23,301,0,28,102,190,411
23044000877,76.06,0,5.89,28.3,42.06,1188,0,92,442,657,1562
23044000878,73.03,0,4.98,24.48,41.49,352,0,24,118,200,482
23044000879,69.17,0,4.17,17.5,34.17,83,0,5,21,41,120
23044000880,74.34,0,7.16,29.57,47.6,2358,0,227,938,1510,3172
23047070004,91.27,0,11.27,38.91,60,251,0,31,107,165,275
23049540002,82.74,0,8.19,39.5,55.34,465,0,46,222,311,562
23049540003,83.09,0,9.11,33.64,50,447,0,49,181,269,538
23049540005,89.08,0,5.7,31.33,47.78,563,0,36,198,302,632
23058030002,86.62,0,14.01,44.59,61.78,136,0,22,70,97,157
23058030003,78.79,0,8.86,35.57,52.48,587,0,66,265,391,745
23059020001,80,0,11.58,31.58,45.26,76,0,11,30,43,95
23059020003,80,0,9.82,45.61,61.05,228,0,28,130,174,285
23062560004,82.76,0,5.17,37.93,55.6,192,0,12,88,129,232
23064050002,80.19,0,8.16,33.04,47.7,1012,0,103,417,602,1262
23064050003,78.05,0.17,8.22,32.22,49.63,1376,3,145,568,875,1763
23064050004,75.69,0,8,29.85,51.08,246,0,26,97,166,325
23064050005,88.51,0,5.36,30.27,44.83,231,0,14,79,117,261
23064050006,77.7,0,7.68,30.71,48.08,1275,0,126,504,789,1641
23064050007,83.13,0,9.47,36.21,58.44,202,0,23,88,142,243
23064050008,79.16,0,7.2,30.09,49.63,847,0,77,322,531,1070
23064050009,82.02,0.82,7.36,27.25,38.69,301,3,27,100,142,367
23064050010,78.44,0,8.82,32.61,51.6,2037,0,229,847,1340,2597
23064050012,81.93,0,7.69,29.56,44.86,1832,0,172,661,1003,2236
23064050013,80.1,0,15.18,44.5,62.3,153,0,29,85,119,191
23064050014,73.05,0.34,7.66,32.01,49.18,1068,5,112,468,719,1462
23064050015,78.99,0,7.64,36.15,55.39,579,0,56,265,406,733
23064050016,80,0,6.32,34.02,50.09,468,0,37,199,293,585
23073040002,80.27,0.22,7.52,32.45,50.33,3255,9,305,1316,2041,4055
23073040008,80.78,0.6,9.61,39.04,57.51,538,4,64,260,383,666
23073040009,86.35,0,9.52,34.92,52.7,272,0,30,110,166,315
23073040010,75.52,0,8.1,37.01,55.23,1314,0,141,644,961,1740
23073040011,76.69,0,11.66,38.65,56.13,250,0,38,126,183,326
23073040013,76.14,0,8.66,35.8,53.69,536,0,61,252,378,704
23076010001,80.8,0,7.37,28.12,42.63,362,0,33,126,191,448
23076010002,75.21,0,3.85,20.09,35.04,176,0,9,47,82,234
23076010003,70.64,0,8.6,30.59,45.21,575,0,70,249,368,814
23076010004,68.76,0,7.64,32.81,48.54,306,0,34,146,216,445
23076500003,73.3,0,6.31,25.73,43.2,151,0,13,53,89,206
23076500004,83.86,0,9.29,33.74,51.1,343,0,38,138,209,409
23076500008,70,1.32,7.36,29.81,47.36,371,7,39,158,251,530
23076500009,76.33,0,7.89,35.03,54.91,987,0,102,453,710,1293
23076500010,80.45,1.57,7.33,36.65,49.74,461,9,42,210,285,573
23076500011,82.7,0,9.05,37.94,55.4,521,0,57,239,349,630
23076500012,74.03,0,8.91,35.44,55.47,399,0,48,191,299,539
23076500013,85.86,1.32,4.93,34.54,55.26,261,4,15,105,168,304
23076500015,81.63,0,8.16,27.04,41.84,160,0,16,53,82,196
23076500016,83.84,0,7.07,30.81,49.49,166,0,14,61,98,198
23076500018,88.89,0,8.77,18.71,32.16,152,0,15,32,55,171
23076500019,80.69,0,8.68,31.89,47.72,372,0,40,147,220,461
23076500020,91.05,0,11.93,41.41,61.69,763,0,100,347,517,838
23076500022,81.16,0,6.51,29.78,46.94,823,0,66,302,476,1014
23076500023,81.24,1.52,9.24,37.79,53.24,589,11,67,274,386,725
23076500026,75.58,0,9.89,34.74,51.79,359,0,47,165,246,475
23077000001,75.7,0,6.51,28.44,46.43,732,0,63,275,449,967
23077000002,77.91,0,6.61,30.71,47.77,3498,0,297,1379,2145,4490
23077000004,70.93,0,6.02,26.32,39.35,283,0,24,105,157,399
23077000006,75.56,0,7.07,29.26,44.37,235,0,22,91,138,311
23077000007,84.3,0,9.3,29.07,52.62,290,0,32,100,181,344
23077000008,83.04,0,7.45,29.78,49.95,803,0,72,288,483,967
23077000009,78.8,0,8.7,38.59,55.98,290,0,32,142,206,368
23077000010,77.19,0,9.31,32.12,51.82,423,0,51,176,284,548
23077000013,80.22,0,5.63,22.32,38.66,442,0,31,123,213,551
23077000014,85.2,0,5.74,28.4,35.95,282,0,19,94,119,331
23077000015,78.53,0.85,4.8,25.14,46.05,278,3,17,89,163,354
23077000016,86.42,0,7.41,34.16,48.15,210,0,18,83,117,243
23077000018,81.94,0,8.71,37.1,55.81,254,0,27,115,173,310
23077000019,80.32,0,5.94,29.19,48.61,608,0,45,221,368,757
23087080003,50.61,0,4.9,18.37,29.59,248,0,24,90,145,490
23087080004,73.07,0,7.24,30.25,50.53,616,0,61,255,426,843
23096070004,80.82,0,7.53,36.29,52.38,1020,0,95,458,661,1262
23096070006,79.73,0,8.59,32.3,50.17,232,0,25,94,146,291
23096070007,76.11,0,7.34,28.33,48.12,446,0,43,166,282,586
23096070008,72.86,0,6.19,27.62,50.48,153,0,13,58,106,210
23097060002,82.24,0,7.48,39.72,55.14,176,0,16,85,118,214
23097060003,91,0,11,37.5,57.5,182,0,22,75,115,200
23097060004,78.7,0,4.63,0,0,85,0,5,0,0,108
23097060005,80.99,1.17,7.6,30.7,46.78,277,4,26,105,160,342
23097060007,79.47,0,6.44,36.52,52.74,333,0,27,153,221,419
23107040001,76.07,0,8.39,33.82,51.82,1923,0,212,855,1310,2528
23107040003,74.27,0,9.28,33.78,50,664,0,83,302,447,894
23107040004,80,0,7.92,36.6,50.19,212,0,21,97,133,265
23107040005,78.95,0,12.63,37.37,56.32,150,0,24,71,107,190
23113060001,85.48,0,8.09,37.14,54.36,412,0,39,179,262,482
23113060002,82.81,0,12.81,42.19,59.38,265,0,41,135,190,320
23124030002,79.45,0,7.39,30.95,47.34,344,0,32,134,205,433
23129080009,80.72,0,6.87,29.1,46.23,1093,0,93,394,626,1354
23129080010,89.64,0,6.96,27.33,44.82,528,0,41,161,264,589
23129080011,88.97,0,6.62,25,35.29,121,0,9,34,48,136
23129080012,75.99,0,6.68,28.41,47.87,535,0,47,200,337,704
23129080014,85.36,0,7.01,28.25,47.84,414,0,34,137,232,485
23129080015,83.49,1.44,8.05,31.89,49.23,809,14,78,309,477,969
23129080016,83.41,0,8.13,34.13,50.88,523,0,51,214,319,627
23134010001,79.76,0,11.63,42.84,62,741,0,108,398,576,929
23135000001,82.26,0,9.17,37.28,56.21,960,0,107,435,656,1167
23135000002,78.99,0.16,7.9,36.49,51.26,1470,3,147,679,954,1861
24032510005,52.15,0,7.31,30.78,45.39,571,0,80,337,497,1095
24032510006,70.27,0,7.47,33.61,51.39,1288,0,137,616,942,1833
24032510007,67.72,0,7.02,31.93,51.23,386,0,40,182,292,570
24032510008,59.1,0,5.59,27.57,43.24,328,0,31,153,240,555
24032510009,61.58,0,6.36,29.92,45.31,920,0,95,447,677,1494
24032510010,68.9,0,8.13,31.26,53.43,432,0,51,196,335,627
24036080001,70.04,0,6.46,25.4,42.44,477,0,44,173,289,681
24080030002,64.59,0,9.77,33.99,57.37,456,0,69,240,405,706
24080030003,64.44,0,9.12,37.08,51.67,212,0,30,122,170,329
24080030004,66.29,0,7.3,31.64,48.49,1054,0,116,503,771,1590
24080030005,67.57,0,8.48,37.53,52.35,821,0,103,456,636,1215
24080030007,58.77,0,9.73,32.67,51.62,707,0,117,393,621,1203
24080030008,65.23,0,6.47,29.38,44.48,1270,0,126,572,866,1947
24080030010,51.11,0.99,4.94,24.44,36.79,207,4,20,99,149,405
24080030011,68.23,0,6.05,27.09,42.51,1093,0,97,434,681,1602
24080030012,64.12,0,3.64,20.77,34.24,352,0,20,114,188,549
24080030013,61.47,0,6.69,29.13,44.71,726,0,79,344,528,1181
24080030014,69.98,0,6.42,29.19,45.76,338,0,31,141,221,483
24080030017,58.03,0,4.37,23.28,38.51,1406,0,106,564,933,2423
24081020001,71.64,0.28,8.7,34.12,49.83,1268,5,154,604,882,1770
24081020002,71.71,0,8.62,37.07,53.82,882,0,106,456,662,1230
24081020034,66.17,0,6.82,29.67,48.07,223,0,23,100,162,337
24081020035,62.88,0.56,6.61,29.81,45.09,1350,12,142,640,968,2147
24081020036,50.17,0,6.64,24.58,42.19,151,0,20,74,127,301
24081020037,68.82,0,7.3,29.68,49.09,415,0,44,179,296,603
24081020038,76.79,0,9.81,36.98,57.17,407,0,52,196,303,530
24081020039,66.97,0,6.17,26.17,41.39,673,0,62,263,416,1005
24081020040,73.35,0,7.64,34.93,54.25,691,0,72,329,511,942
24081020041,71.47,0,6.73,28.53,46.69,669,0,63,267,437,936
24081020042,68.83,0,6.23,34.03,48.05,265,0,24,131,185,385
24081020043,67.14,0,8.2,33.21,51.03,942,0,115,466,716,1403
24081020044,65.29,0,7.06,30.59,42.35,111,0,12,52,72,170
24081020045,71.61,0.23,8.3,30.21,46.58,941,3,109,397,612,1314
24081020046,73.02,0.16,8.83,33.62,51.22,3182,7,385,1465,2232,4358
24081020048,68.38,0.17,7.45,32.65,50,1194,3,130,570,873,1746
24081020049,72.73,0.04,6.99,29.87,46.64,6856,4,659,2816,4396,9426
24081020050,65.68,0.13,6.14,27.78,45.72,4430,9,414,1874,3084,6745
24081020051,69.5,0.53,6.9,34.88,50.93,524,4,52,263,384,754
24081020052,66.74,0.36,6.67,30.22,48.08,4785,26,478,2167,3447,7170
24081020053,59.2,0,8.33,27.59,41.67,206,0,29,96,145,348
24081020055,58.87,0,4.15,21.21,40.6,780,0,55,281,538,1325
24081020056,60.99,0,4.26,18.27,39.29,444,0,31,133,286,728
24081020057,69.89,0,9.9,35.02,52.5,868,0,123,435,652,1242
24081020058,65.36,0,5.16,20.88,36.86,266,0,21,85,150,407
24081020059,72.52,0,8.24,34.9,51.4,2774,0,315,1335,1966,3825
24081020061,73.87,0,10.56,39.82,56.87,2098,0,300,1131,1615,2840
24081020063,58.53,0,5.18,24.27,40.83,463,0,41,192,323,791
24081020064,65.35,0,7.7,27.37,43.5,628,0,74,263,418,961
24081020065,67.5,0,6.45,29.93,46.96,1946,0,186,863,1354,2883
24081020066,66.67,0,6.8,30.71,46.22,1500,0,153,691,1040,2250
24081020067,65.06,0,8.7,33.57,51.46,1622,0,217,837,1283,2493
24081020069,73.2,0,6.51,28.23,44.23,1281,0,114,494,774,1750
24081020073,66.99,0,7.34,29.07,46.3,1104,0,121,479,763,1648
24081020074,68.24,0,9.41,33.18,47.53,290,0,40,141,202,425
24081020075,69.63,0.19,8.64,35.4,52.95,13969,38,1734,7102,10623,20061
24081020076,71.08,0,8.4,32.28,46.83,381,0,45,173,251,536
24081020079,65.85,0,4.84,23.96,38.06,775,0,57,282,448,1177
24081020080,66.23,0.72,6.11,28.26,45.27,553,6,51,236,378,835
24081020082,45.83,0,4.35,21.38,35.14,253,0,24,118,194,552
24081020083,44.26,0,4.11,18.07,30.95,409,0,38,167,286,924
24081020084,61.03,0,8.06,30.52,48.22,462,0,61,231,365,757
24081020085,35.47,0,4.91,18.87,36.1,282,0,39,150,287,795
24081020086,67.7,0,4.81,26.55,45.96,436,0,31,171,296,644
24081020087,43.51,0,5.6,26.11,38.79,295,0,38,177,263,678
24081020088,60.59,0.65,7.49,30.94,51.47,372,4,46,190,316,614
24081020090,66.28,0.29,7.8,31.29,48.05,680,3,80,321,493,1026
24081020091,64.21,0.48,6.93,29.98,47.93,1195,9,129,558,892,1861
24081020092,65.98,0,8.79,31.96,49.53,353,0,47,171,265,535
24081020093,51.88,0,4.51,19.3,33.96,414,0,36,154,271,798
24081020095,70.63,0,10.09,35.43,58.3,315,0,45,158,260,446
24081020097,62.72,0,6.63,29.39,45.88,350,0,37,164,256,558
24081020098,65.62,0,6.76,31.16,49.68,815,0,84,387,617,1242
24081020099,62.94,0,7.69,34.27,54.55,90,0,11,49,78,143
24081020100,54.42,0,4.14,19.31,33.86,868,0,66,308,540,1595
24081020101,58.6,0,6.99,28.49,48.39,109,0,13,53,90,186
24081020102,67.39,0,10.67,39.1,58.8,2463,0,390,1429,2149,3655
24081020103,69.51,0,10.16,38.17,53.42,1231,0,180,676,946,1771
24081020104,45.75,0,3.59,20.42,36.48,242,0,19,108,193,529
24081020105,62.42,1.82,4.85,26.06,47.88,103,3,8,43,79,165
24081020106,50.25,0,1.51,10.8,33.17,200,0,6,43,132,398
24081020107,63.44,0.11,7.29,31.5,47.45,2769,5,318,1375,2071,4365
24081020108,66.12,0,6.31,34.81,51.87,283,0,27,149,222,428
24081020109,76.57,0,9.23,39.38,53.71,1186,0,143,610,832,1549
24081020110,60.09,0.9,8.28,36.6,50.45,399,6,55,243,335,664
24081020111,49.05,0.32,3.68,16.11,28.74,466,3,35,153,273,950
24081020112,72.16,0,9.62,40.11,57.73,1335,0,178,742,1068,1850
24081020114,74.53,0,7.69,33.42,51.65,834,0,86,374,578,1119
24081020115,64.01,0,8.15,31.35,49.86,1131,0,144,554,881,1767
24081020116,63.49,0.08,5.22,23.2,37.38,5607,7,461,2049,3301,8832
24081020117,63.59,0,4.9,24.33,38.23,1610,0,124,616,968,2532
24081020118,64.94,0,6.94,27.56,45.96,6414,0,685,2722,4539,9877
24081020119,65.3,0,6.54,27.66,44.76,1577,0,158,668,1081,2415
24120050002,68.25,0,6.56,27.97,46.51,832,0,80,341,567,1219
24120050004,64.35,0.47,7.57,28.39,44.48,408,3,48,180,282,634
24120050005,65.43,0,7.17,26.52,46.09,301,0,33,122,212,460
24120050006,68.25,0,6.08,33.27,47.15,359,0,32,175,248,526
24120050007,70.03,0,7.39,31.89,49.95,2075,0,219,945,1480,2963
24120050008,61.39,0,8.98,29.63,47.38,574,0,84,277,443,935
24120050009,63.66,0,9.29,32.79,43.99,233,0,34,120,161,366
24120050010,65.86,0.55,7.14,33.05,48.82,839,7,91,421,622,1274
24120050011,69.92,0,8.08,36.49,51.81,251,0,29,131,186,359
25018070001,69.86,0,8.51,35.11,50,197,0,24,99,141,282
25018070002,71.23,0,9.91,35.94,51.12,1431,0,199,722,1027,2009
25018070003,70.41,0.93,7.42,31.28,47.11,1290,17,136,573,863,1832
25018070007,71.01,0,8.88,33.43,47.63,240,0,30,113,161,338
25018070008,65.32,0,9.26,26.84,44.66,275,0,39,113,188,421
25018070010,72.65,1.06,9.09,37.73,53.41,959,14,120,498,705,1320
25018070011,71.15,0.97,9.29,35.51,55.48,513,7,67,256,400,721
25018070012,71.11,0,5.81,32.14,46.5,416,0,34,188,272,585
25018070013,70.22,0,5.65,29.13,45.43,323,0,26,134,209,460
25018070014,69.59,0,9,30.64,47.15,611,0,79,269,414,878
25018070015,78.75,0,9.38,35.62,46.88,126,0,15,57,75,160
25018070016,70.56,1.67,7.78,35,48.89,254,6,28,126,176,360
25018070020,79.75,0,8.44,33.33,47.26,189,0,20,79,112,237
25018070021,65.39,0,6.79,30.64,47.25,905,0,94,424,654,1384
25018070022,70.34,1.11,8.09,33.15,49.72,887,14,102,418,627,1261
25018070024,73.78,0,5.9,29.69,44.1,425,0,34,171,254,576
25018070025,71.01,0,5.33,23.67,44.38,120,0,9,40,75,169
25018070026,74.71,0,8.05,0,0,65,0,7,0,0,87
25018070027,72.29,0.83,8.32,31.99,47.32,608,7,70,269,398,841
25018070028,73.21,0.99,7.74,34.13,49.4,369,5,39,172,249,504
25018070029,65.95,0.32,7.17,31.26,45.5,616,3,67,292,425,934
25018070030,79.74,0,13.79,43.1,56.03,185,0,32,100,130,232
25018070031,73.09,0,6.57,27.97,47.03,345,0,31,132,222,472
25032090001,70.93,0,11.24,36.82,61.24,183,0,29,95,158,258
25032090003,82.61,0,10.64,41.38,58.62,551,0,71,276,391,667
25032090004,71.38,0,10.93,41.4,57.13,581,0,89,337,465,814
25032090005,74.38,0,8.95,31.48,45.99,241,0,29,102,149,324
25032090006,71.9,0.91,9.2,37.13,54.95,2126,27,272,1098,1625,2957
25032090007,84.19,0,11.57,43.07,60.71,735,0,101,376,530,873
25032090008,77.75,0,8.2,31.62,47.54,332,0,35,135,203,427
25032090010,78.44,0,10.88,39.84,57.7,382,0,53,194,281,487
25032090011,71.67,1.9,8.88,36.58,52.85,339,9,42,173,250,473
25032090012,74.53,0.54,10.25,36.62,53.46,2908,21,400,1429,2086,3902
25032090013,69.44,0.58,6.77,32.11,45.45,359,3,35,166,235,517
25032090014,79.48,0.52,5.57,28.17,43.13,457,3,32,162,248,575
25032090015,74.7,0,8.03,31.28,47.58,1237,0,133,518,788,1656
25032090017,71.86,0.27,7.72,31.64,48.03,1601,6,172,705,1070,2228
25032090018,72.59,0,7.84,31.33,48.04,2537,0,274,1095,1679,3495
25032090020,81.19,0,10.24,40.94,57.81,587,0,74,296,418,723
25032090021,74.95,0.65,12.1,44.06,60.69,347,3,56,204,281,463
25032090022,87.5,0,9.72,41.67,62.04,189,0,21,90,134,216
25032090023,78.35,3.61,14.43,37.63,68.04,152,7,28,73,132,194
25032090024,70.14,0,9.35,34.53,50.36,195,0,26,96,140,278
25032090025,73.19,0,7.23,26.38,44.26,172,0,17,62,104,235
25032090027,77.42,0,5.73,30.47,44.44,216,0,16,85,124,279
25032090028,72.57,0,11.11,38.89,56.25,209,0,32,112,162,288
25032090029,76.19,0,7.58,35.1,53.62,432,0,43,199,304,567
25032090030,75,0,10.23,43.18,56.82,66,0,9,38,50,88
25037040001,76.43,0,8.57,33.93,50.71,214,0,24,95,142,280
25037040002,70.74,0,8.33,35.51,53.44,781,0,92,392,590,1104
25037040003,69.5,0,6.16,26.39,43.11,237,0,21,90,147,341
25037040004,72.94,0,9.02,32.1,53.32,275,0,34,121,201,377
25037040005,77.18,0,7.67,30.84,48.26,443,0,44,177,277,574
25037040006,67.53,0,9.09,34.42,50,104,0,14,53,77,154
25037040007,74.91,0,8.52,34.65,51.91,1081,0,123,500,749,1443
25037040009,71.54,0,7.69,30,40.77,93,0,10,39,53,130
25040090001,63.81,0,3.75,24.93,38.87,238,0,14,93,145,373
25040090002,70.15,0,9.13,37.15,54.18,914,0,119,484,706,1303
25040090003,57.14,0,5.13,26.37,44.69,156,0,14,72,122,273
25040090004,66.08,0,8.32,32.01,49.97,2207,0,278,1069,1669,3340
25040090005,80.11,0,12.61,38.38,58.82,572,0,90,274,420,714
25040090006,73.96,0,6.9,32.4,48.09,815,0,76,357,530,1102
25040090008,72.21,0,9.51,35.02,53.46,2588,0,341,1255,1916,3584
25040090009,73.91,0.05,8.49,33.96,50.74,4825,3,554,2217,3312,6528
25040090010,68.14,0,6.27,29.2,43.94,1923,0,177,824,1240,2822
25040090011,65.32,0.73,8.26,33.21,50.64,356,4,45,181,276,545
25040090012,66.67,0.66,7.73,32.45,51.88,302,3,35,147,235,453
25040090013,63.05,0,8.56,31.32,47.08,604,0,82,300,451,958
25040090014,72.99,0,7.15,33.87,49.64,500,0,49,232,340,685
25040090015,70.56,0,7.95,29.27,45.35,417,0,47,173,268,591
25040090016,65.37,0,10.82,40.48,58.01,302,0,50,187,268,462
25040090017,71.52,0,7.95,34.88,52.1,324,0,36,158,236,453
25040090018,70.24,0,6.83,23.41,40.49,144,0,14,48,83,205
25040090019,71.43,0,10.83,43.32,61.52,310,0,47,188,267,434
25040090020,75.53,0,10.21,38.16,55.67,673,0,91,340,496,891
25040090021,68.42,0,8.67,39.32,56.97,221,0,28,127,184,323
25040090022,69.91,0,5.92,21.33,41.71,295,0,25,90,176,422
25040090023,66.67,0,4.09,23.68,39.18,228,0,14,81,134,342
25040090024,76.77,0,4.72,26.57,43.11,390,0,24,135,219,508
25046030001,81.87,0,11.5,44.83,63.55,420,0,59,230,326,513
25046030002,73.28,1.42,8.63,36.77,47.74,875,17,103,439,570,1194
25046030003,66.67,7.1,10.38,36.61,56.28,122,13,19,67,103,183
25046030004,66.3,0,8.7,35.87,47.83,61,0,8,33,44,92
25046030005,63.33,10.37,5.93,25.56,42.96,171,28,16,69,116,270
25046030006,65.91,0,9.55,39.55,58.18,145,0,21,87,128,220
25046030007,82.47,0,10.39,40.26,44.81,254,0,32,124,138,308
25049000001,74.68,0,10.23,41.69,56.01,292,0,40,163,219,391
25049000002,64.64,0,9.62,38.08,54.6,309,0,46,182,261,478
25049000003,70.61,0,8.95,37.7,57.19,221,0,28,118,179,313
25049000004,74.59,0,16.02,41.44,59.67,135,0,29,75,108,181
25049000005,87.01,0,11.04,29.87,43.51,134,0,17,46,67,154
25049000007,72.6,0,10.1,39.42,53.37,151,0,21,82,111,208
25075070001,70.86,1.14,6.82,30.19,45.62,873,14,84,372,562,1232
25075070002,75.43,0.64,8.61,36.82,52.49,2137,18,244,1043,1487,2833
25075070003,74.11,0,12.26,36.78,56.95,272,0,45,135,209,367
25075070006,64.94,0,6.9,33.33,48.28,226,0,24,116,168,348
25075070007,77.73,0.5,8.43,31.59,50.35,775,5,84,315,502,997
25075070012,72.79,0,6.56,28.85,43.93,222,0,20,88,134,305
25075070013,62.14,0,2.91,25.24,31.07,64,0,3,26,32,103
25075070016,73.43,0,7.61,30.16,44.55,1495,0,155,614,907,2036
25075070017,66,0.23,7.17,28.73,45.24,1151,4,125,501,789,1744
25075070018,79.82,0,8.44,34.86,49.72,435,0,46,190,271,545
25075070019,68.8,0,7.67,31.85,47.01,1471,0,164,681,1005,2138
25075070020,73.54,0,12.82,41.72,56.17,453,0,79,257,346,616
25075070021,73.36,0,9.26,34.31,47.18,325,0,41,152,209,443
25075070022,71.57,2.06,9.8,38.04,53.63,730,21,100,388,547,1020
25075070024,75.53,0,9.9,37.61,55.73,2189,0,287,1090,1615,2898
25075070025,73.34,0,7.69,32.46,50.61,897,0,94,397,619,1223
25075070029,58.4,0,6.55,27.07,45.58,205,0,23,95,160,351
25075070030,71.63,0.88,8.89,33.41,50.88,894,11,111,417,635,1248
25075070031,70.36,0,9.14,34.96,51.22,1294,0,168,643,942,1839
25075070033,68.46,0,8.05,31.32,44.74,306,0,36,140,200,447
25075070034,69.78,0,8.71,33.8,48.53,545,0,68,264,379,781
25075070035,74.57,0,9.74,31.74,47.97,827,0,108,352,532,1109
25075070036,74.53,0.3,7.08,35.21,50.51,1738,7,165,821,1178,2332
25075070037,77.34,0,7.48,36.68,49.77,331,0,32,157,213,428
25075070038,65.44,0,8.97,32.45,46.17,248,0,34,123,175,379
25075070039,64.66,0,4.59,30.74,48.06,183,0,13,87,136,283
25075070041,62.92,0,8.51,36.47,54.1,207,0,28,120,178,329
25075070042,69.95,0,3.63,24.87,37.82,135,0,7,48,73,193
25075070043,62.47,0.47,6.06,26.57,40.21,536,4,52,228,345,858
25075070044,68,0,7.6,31.2,47.87,510,0,57,234,359,750
25075070045,80.18,0,8.83,41.34,57.53,708,0,78,365,508,883
25075070046,65.72,0.38,6.04,27.76,41.83,696,4,64,294,443,1059
25075070047,72.95,0,10.42,42.08,58.12,364,0,52,210,290,499
25075070049,71.05,0.41,7.6,35.11,49.28,692,4,74,342,480,974
25075070050,93.33,0,6.11,31.67,44.72,336,0,22,114,161,360
25075070051,80.85,0,9.41,35.78,54.7,739,0,86,327,500,914
25075070052,74.21,0,8.99,33.53,45.47,1131,0,137,511,693,1524
25075070054,72.51,0,7.24,31.48,48.16,691,0,69,300,459,953
25075070057,74.4,0.14,6.59,28.94,42.71,1648,3,146,641,946,2215
25075070058,77.92,0,8.04,34.94,51.9,533,0,55,239,355,684
25075070059,64.62,0,4.1,34.36,45.64,126,0,8,67,89,195
25075070060,69.76,2.5,7.96,31.62,46.48,1061,38,121,481,707,1521
25075070061,68.35,0.15,8.11,35.84,52.77,1356,3,161,711,1047,1984
25075070063,68.28,0,7.52,30.87,44.09,1126,0,124,509,727,1649
25075070064,67.24,0,6.27,29.91,46.72,236,0,22,105,164,351
25075070067,64.22,0,4.74,25.43,42.67,149,0,11,59,99,232
25075070069,74.56,0,7.02,33.16,48.95,425,0,40,189,279,570
25075070072,70.75,0.23,7.28,34.17,53.05,4284,14,441,2069,3212,6055
25075070073,76.89,0,7.18,32.35,47.3,782,0,73,329,481,1017
25075070074,78.32,0,5.5,29.13,44.01,242,0,17,90,136,309
25075070075,64.17,0,6.46,29.14,44.9,566,0,57,257,396,882
25075070076,72.91,0,7.26,34.36,46.37,261,0,26,123,166,358
25075070078,72.75,0.64,6.01,30.69,43.56,339,3,28,143,203,466
25075070079,73.57,0,6.97,30.13,46.65,1372,0,130,562,870,1865
25075070080,78.74,0.26,8.03,33.3,47.99,1511,5,154,639,921,1919
25075070081,74.78,0.19,7.45,31.97,47.45,5513,14,549,2357,3498,7372
25075070082,75.7,0,9.69,35.81,54.78,539,0,69,255,390,712
25075070083,67.14,0,9.39,34.74,52.58,143,0,20,74,112,213
25075070084,62.35,0,4.63,33.33,48.15,202,0,15,108,156,324
25075070085,71.99,0.96,8.2,35.38,55.05,527,7,60,259,403,732
25075070086,71.87,0,5.81,24.46,37.31,235,0,19,80,122,327
25075070087,73.5,0,5.74,33.88,49.73,269,0,21,124,182,366
25075070088,77.24,0,6.9,16.21,28.97,224,0,20,47,84,290
25075070089,61.19,0,8.96,29.85,52.24,41,0,6,20,35,67
25075070090,70.12,0,5.58,28.69,43.43,176,0,14,72,109,251
25075070091,65.39,0,10.5,37.23,58.23,274,0,44,156,244,419
25075070092,67.39,0,8.7,29.71,50.72,93,0,12,41,70,138
25075070093,68.28,0,7.53,27.96,45.16,127,0,14,52,84,186
25075070094,74.71,0,8.43,38.08,56.98,257,0,29,131,196,344
25075070095,59.32,0,5.76,34.24,46.78,175,0,17,101,138,295
25075070096,74.77,0,10.75,39.72,47.66,160,0,23,85,102,214
25075070097,63.85,0,10,36.92,54.62,83,0,13,48,71,130
25075070099,64.47,1.97,3.95,30.92,45.39,98,3,6,47,69,152
25075070102,77.19,0.33,10.1,38.24,53.5,2812,12,368,1393,1949,3643
25075070103,88.16,0,10.2,40.82,55.51,216,0,25,100,136,245
25075070104,70.93,0,8.82,33.79,51.43,571,0,71,272,414,805
25075070106,72.06,0,6.23,31.82,45.83,890,0,77,393,566,1235
25075070107,78.18,0,7.88,32.73,45.45,129,0,13,54,75,165
25075070110,63.57,1.03,5.81,28.42,47.93,492,8,45,220,371,774
25075070111,82.55,0,13.21,40.57,59.43,175,0,28,86,126,212
25075070112,80,0.49,11.64,42.46,60.16,488,3,71,259,367,610
25075070113,62.92,0.52,5.75,26.42,40.61,1334,11,122,560,861,2120
25075070115,66.56,0,7.02,27.76,39.8,199,0,21,83,119,299
25075070117,77.48,0.67,8.34,35.03,49.71,929,8,100,420,596,1199
25075070122,71.5,0,7.36,31.16,45.36,670,0,69,292,425,937
25075070124,73.88,0,9.59,38.18,50.41,447,0,58,231,305,605
25075070125,73.08,2.31,6.15,24.62,35.38,95,3,8,32,46,130
25075070126,73.21,0,6.82,28.04,42.68,880,0,82,337,513,1202
25075070127,79.21,0,16.29,48.88,63.48,141,0,29,87,113,178
25075070128,74.45,0,3.65,23.6,40.15,306,0,15,97,165,411
25075070129,69.88,0,7.4,35.05,49.62,652,0,69,327,463,933
25075070131,73,5.42,12.26,41.83,58.08,768,57,129,440,611,1052
25075070133,65.83,0,7.11,32.57,46.79,287,0,31,142,204,436
25075070134,66.18,0,4,20,34.91,182,0,11,55,96,275
25075070135,75.36,0,7.95,32.75,42.93,474,0,50,206,270,629
25075070136,67.94,1.18,7.35,30.88,48.53,231,4,25,105,165,340
25075070138,60,0,0,0,0,66,0,0,0,0,110
25075070139,66.82,0,4.21,34.11,48.13,143,0,9,73,103,214
25075070142,56.26,0,7.06,30.98,42.6,247,0,31,136,187,439
25075070143,72.25,0,4.05,21.97,39.88,125,0,7,38,69,173
25075070144,72.31,0,7.3,34.16,50.55,525,0,53,248,367,726
25075070145,69.05,0,9.84,36.49,54.03,386,0,55,204,302,559
25075070146,70.91,0,11.36,44.55,61.36,156,0,25,98,135,220
25075070150,71.88,0,12.78,34.19,50.48,225,0,40,107,158,313
25075070151,86.76,0,13.97,36.76,57.35,118,0,19,50,78,136
25075070152,78.06,0.94,7.21,23.82,42.95,249,3,23,76,137,319
25075070153,65.31,0,5.1,32.14,53.06,128,0,10,63,104,196
25075070154,78.46,0,11.08,45.85,63.38,255,0,36,149,206,325
25075070155,79.21,1.75,11.43,36.98,54.6,499,11,72,233,344,630
25075070156,76.67,0,14.33,44.33,58.67,230,0,43,133,176,300
25075070157,73.91,0,7.5,34.38,49.53,473,0,48,220,317,640
25075070158,78.24,0,8.26,37.9,51.22,417,0,44,202,273,533
25075070159,69.2,0,9.67,34.52,51.34,465,0,65,232,345,672
25075070160,72.36,0,3.25,21.95,39.84,89,0,4,27,49,123
25075070161,74.67,0,8,29.33,0,56,0,6,22,0,75
25075070162,73.2,0,6.54,30.07,47.71,112,0,10,46,73,153
25075070163,78.3,0,8.25,35.26,50.83,664,0,70,299,431,848
25075070164,NA,NA,NA,NA,NA,0,0,0,0,0,0
25075070167,74.67,0,9.87,33.55,50,227,0,30,102,152,304
25075070168,74.3,0,12.45,35.34,56.22,185,0,31,88,140,249
25075070169,69.14,0,8.64,23.46,40.74,56,0,7,19,33,81
25075070170,62.47,0,5.36,29.14,41.26,268,0,23,125,177,429
25075070171,71.94,0.89,6.75,34.64,44.94,405,5,38,195,253,563
25075070175,76.52,0,7.58,30.3,43.94,101,0,10,40,58,132
25075070176,72.69,0,9.25,38.33,56.39,165,0,21,87,128,227
25075070178,76.53,0,11.22,34.69,48.98,75,0,11,34,48,98
25075070179,67.98,0,7.88,25.12,48.77,138,0,16,51,99,203
25075070181,60.92,2.16,7.01,31.27,48.79,226,8,26,116,181,371
25075070182,53.42,1.37,3.65,16.89,41.55,117,3,8,37,91,219
25075070188,71.29,0,9.41,33.17,43.07,144,0,19,67,87,202
25075070189,65.82,0,7.28,31.64,49.75,389,0,43,187,294,591
25075070190,60.6,1.75,5.49,28.43,38.4,243,7,22,114,154,401
25075070191,78.7,0,6.48,37.04,45.37,85,0,7,40,49,108
25075070195,82.35,0,8.09,40.44,54.41,112,0,11,55,74,136
25075070196,86.58,0,6.04,24.83,46.98,129,0,9,37,70,149
25075070197,77.78,0,10.14,32.37,50.72,161,0,21,67,105,207
25075070198,90.97,0,5.16,30.97,43.23,141,0,8,48,67,155
25075070200,69.73,0,8.11,35.14,54.05,129,0,15,65,100,185
25075070201,87.25,0,9.8,46.08,64.71,89,0,10,47,66,102
25075070202,97.14,0,5.71,33.33,46.67,102,0,6,35,49,105
25075070203,84.62,0,11.11,46.15,58.97,99,0,13,54,69,117
25075070204,77.14,0,7.27,32.73,46.49,297,0,28,126,179,385
25075070207,69.05,0,7.14,35.71,50,87,0,9,45,63,126
25075070208,72.83,0,6.52,33.7,46.74,67,0,6,31,43,92
25075070210,64.72,0.6,5.85,27.22,43.55,321,3,29,135,216,496
25075070211,70.93,0,7.85,34.3,47.97,244,0,27,118,165,344
25075070212,68.28,0,8.96,33.96,48.51,183,0,24,91,130,268
25075070214,71.79,0,12.18,44.23,53.85,112,0,19,69,84,156
25075070215,77.39,0,7.04,29.15,42.71,154,0,14,58,85,199
25075070218,74.83,0,2.65,19.21,31.79,113,0,4,29,48,151
25075070219,NA,NA,NA,NA,NA,0,0,0,0,0,0
25075070220,74.7,0.72,9.4,39.04,55.42,310,3,39,162,230,415
25075070221,69.68,0.54,8.76,34.77,50.74,1034,8,130,516,753,1484
25075070224,58.16,0,9.18,28.57,47.96,57,0,9,28,47,98
25075070225,69.71,0.21,8.28,33.83,49.61,985,3,117,478,701,1413
25075070226,72.16,0,7.42,29,40.84,311,0,32,125,176,431
25075070227,63.61,0,4.43,27.22,43.67,201,0,14,86,138,316
25079030001,68.61,0,12.41,42.09,61.31,282,0,51,173,252,411
25086040001,76.27,0.31,10.68,39.4,54.61,993,4,139,513,711,1302
25086040002,72.31,0,8.46,30,45.38,94,0,11,39,59,130
25086040005,83.67,5.61,11.73,43.88,58.16,164,11,23,86,114,196
25086040006,81.2,0,9.64,36.87,55.42,674,0,80,306,460,830
25108080001,78.46,0,8.54,34.96,51.63,193,0,21,86,127,246
25108080002,68.2,0,4.88,24.49,37.76,699,0,50,251,387,1025
25108080003,73.87,0,9.91,43.24,63.96,82,0,11,48,71,111
25108080004,60.35,0.34,4.02,21.46,36.8,720,4,48,256,439,1193
25108080005,72.61,0,11.74,48.26,64.78,167,0,27,111,149,230
25108080006,71.11,0.45,9.73,34.73,54.94,475,3,65,232,367,668
25108080008,93.33,0,17.14,40,74.29,98,0,18,42,78,105
25137030001,81.21,0.29,8.55,35.23,49.63,1111,4,117,482,679,1368
25137030002,74.63,0,10.99,41.68,58.78,1318,0,194,736,1038,1766
25137030003,67.17,0,7.88,27.77,42.78,358,0,42,148,228,533
25137030004,73.39,0.3,6.93,28.82,43.42,1462,6,138,574,865,1992
25137030005,73.39,0.11,8.72,37.19,53.03,2011,3,239,1019,1453,2740
25137030006,85.12,0,10.32,37.3,53.97,429,0,52,188,272,504
25137030007,74.98,0,10.14,36.66,53.19,998,0,135,488,708,1331
25137030008,77.39,0,6.13,27.2,37.93,202,0,16,71,99,261
25137030009,75.82,0,10.33,40.76,54.89,279,0,38,150,202,368
25137030010,75.63,0,13.87,40.34,59.24,180,0,33,96,141,238
25137030011,72.14,0.15,9.76,35.9,53.42,2351,5,318,1170,1741,3259
25162010001,70.32,0,7.76,36.07,49.32,154,0,17,79,108,219
25162010003,70.08,0,6.52,26.71,39.44,677,0,63,258,381,966
25162010004,75.7,0,8.43,34.74,49.4,377,0,42,173,246,498
25162010005,68.59,0,6.95,28.3,41.25,286,0,29,118,172,417
25162010006,75.86,0,8.35,35.21,51.36,418,0,46,194,283,551
25162010008,81.14,0,9.11,36.91,54.15,499,0,56,227,333,615
25162010009,84.25,0,7.33,31.14,51.28,230,0,20,85,140,273
25162010010,81.02,0,11.31,36.5,54.38,222,0,31,100,149,274
25162010012,68.35,0,9.71,40.65,61.15,190,0,27,113,170,278
25162010013,72.73,0,8.08,36.36,51.52,72,0,8,36,51,99
26000540002,78.01,0,9.27,30.57,48.55,564,0,67,221,351,723
26000540003,72.86,0,7.66,31.82,47.92,561,0,59,245,369,770
26000540004,74.06,0,5.45,30.91,49.33,611,0,45,255,407,825
26000540005,75.25,0.68,7.33,31.81,47.12,2207,20,215,933,1382,2933
26000540006,73.9,0,6.93,33.33,47.71,725,0,68,327,468,981
26000540007,72.9,0,5.65,25.98,41.27,710,0,55,253,402,974
26000540008,71.18,0,7.44,34.54,48.85,373,0,39,181,256,524
26000540009,78.72,0,8.51,32.62,47.52,111,0,12,46,67,141
26000540010,77.32,0,6.46,29.47,45.2,467,0,39,178,273,604
26000540011,76.38,0,6.64,29.52,42.44,207,0,18,80,115,271
26000540012,69.58,0,7.05,29.97,45.77,938,0,95,404,617,1348
26000540013,74.74,0,7.01,31.89,45.33,1568,0,147,669,951,2098
26000540014,70,0,6.29,26.29,40.65,434,0,39,163,252,620
26000540015,77.78,0,6.67,30.34,46.47,805,0,69,314,481,1035
26010520001,80.72,0,7.38,33.68,51.14,2898,0,265,1209,1836,3590
26010520002,85.37,0,11.69,40.45,59.97,1220,0,167,578,857,1429
26010520003,80.4,0,9.86,42.7,57.24,1239,0,152,658,882,1541
26010520004,79.58,0,6.91,32.73,51.65,265,0,23,109,172,333
26010520005,87.57,0,15.68,37.84,62.7,162,0,29,70,116,185
26012010001,71.93,2.19,12.57,43.71,61.84,492,15,86,299,423,684
26012010002,78.8,0,10.14,41.94,56.68,171,0,22,91,123,217
26012010003,76.4,0.86,8.27,37.64,53.14,887,10,96,437,617,1161
26012010004,74.81,0,11.07,38.93,57.63,196,0,29,102,151,262
26017060001,71.09,0,8.06,31.52,49.53,300,0,34,133,209,422
26017060002,68.57,0,4.29,0,0,48,0,3,0,0,70
26017060003,83.08,0,13.85,40,70.77,54,0,9,26,46,65
26017060004,65.64,0,12.88,41.72,53.99,107,0,21,68,88,163
26017060005,69.89,0,9.5,36.92,54.12,390,0,53,206,302,558
26017060006,66.67,0,7.41,31.48,48.15,108,0,12,51,78,162
26019040001,46.85,0,5.86,24.32,41.89,104,0,13,54,93,222
26019040002,55.24,0,5.71,40,54.29,58,0,6,42,57,105
26019040003,49.35,0.11,7.11,29.13,44.61,1291,3,186,762,1167,2616
26019040004,50.45,0,7.27,31.93,49.32,444,0,64,281,434,880
26029020001,74.46,0,6.19,27.93,43.56,3658,0,304,1372,2140,4913
26029020002,72.7,0.04,5.53,27.28,42.51,8118,4,618,3046,4747,11167
26029020004,71.17,0,6.7,30.25,46.17,5812,0,547,2470,3770,8166
26029020007,68.75,0,7.5,30.21,48.33,330,0,36,145,232,480
26029020009,72.4,0,6.14,28.57,44.64,2524,0,214,996,1556,3486
26029020010,78.91,0,7.18,34.32,50.97,692,0,63,301,447,877
26029020011,70.37,0.04,6.64,29.08,44.66,5440,3,513,2248,3453,7731
26029020012,74.46,0,9.15,38.65,55.91,863,0,106,448,648,1159
26029020013,69.81,0.22,7.91,31.99,49.41,3487,11,395,1598,2468,4995
26029020014,75.22,0,4.25,25.51,38.71,513,0,29,174,264,682
26029020016,76.48,0,6.18,28.15,43.89,1720,0,139,633,987,2249
26029020017,75.92,0,6.27,30.17,45.21,848,0,70,337,505,1117
26029020018,77.84,0.15,7.61,30.77,46.66,3527,7,345,1394,2114,4531
26029020019,74.31,0,5.59,28,43.37,1542,0,116,581,900,2075
26029020020,74.9,0,7.88,32.71,48.58,1978,0,208,864,1283,2641
26029020021,73.88,0.1,7.73,31.24,46.1,2237,3,234,946,1396,3028
26029020023,79.07,0,7.58,32.95,50.24,1303,0,125,543,828,1648
26029020029,79.66,0,9.41,37.14,53.78,474,0,56,221,320,595
26029020030,82.61,0,10.87,36.96,51.45,114,0,15,51,71,138
26029020031,66.19,0,7.16,29.23,42.69,231,0,25,102,149,349
26029020032,75.3,0,6.83,30.68,47.69,2656,0,241,1082,1682,3527
26029020033,72.96,0,6.93,28.48,44.71,958,0,91,374,587,1313
26029020034,73.96,0,8.27,40.69,57.43,1494,0,167,822,1160,2020
26029020035,74.05,0,5.95,37.84,48.11,274,0,22,140,178,370
26029020036,69.67,0,6.3,28.8,42.93,641,0,58,265,395,920
26029020037,70.49,0,13.93,33.61,48.36,86,0,17,41,59,122
26029020038,78.54,0,5.58,29.18,43.78,183,0,13,68,102,233
26029020039,73.59,0,6.92,33.33,46.54,457,0,43,207,289,621
26029020040,78.04,0,7.12,32.94,50.15,263,0,24,111,169,337
26029020041,71.52,0,8.91,35.87,42.83,329,0,41,165,197,460
26029020042,71.78,0,5.75,24.38,38.63,262,0,21,89,141,365
26029020043,82.3,0,8.71,34.27,54.49,293,0,31,122,194,356
26029020044,80.47,0,8.59,28.12,42.19,103,0,11,36,54,128
26029020045,80.37,0,6.85,25.11,41.55,352,0,30,110,182,438
26029020046,80.09,0,9.09,34.63,50.65,185,0,21,80,117,231
26029020047,66.92,0,7.52,0,0,89,0,10,0,0,133
26029020050,84.62,0,0,0,0,55,0,0,0,0,65
26029020051,76.27,0,11.86,36.44,59.32,90,0,14,43,70,118
26029020052,89.71,0,4.41,33.82,49.26,122,0,6,46,67,136
26029020053,69.02,0.76,7.05,27.46,45.59,274,3,28,109,181,397
26029020054,65.75,0,8.27,32.15,50.13,501,0,63,245,382,762
26029020055,87.28,0,9.06,37.28,56.97,501,0,52,214,327,574
26029020056,93.39,0,7.45,34.32,47.68,664,0,53,244,339,711
26029020057,66.28,0,4.07,25,43.02,114,0,7,43,74,172
26029020058,67.05,0,4.85,24.93,40.88,761,0,55,283,464,1135
26029020059,72.16,0,5.5,27.04,42,1457,0,111,546,848,2019
26029020060,74.09,0,6.96,29.39,44.7,1704,0,160,676,1028,2300
26029020061,64.68,0,5.51,24.73,39.14,1679,0,143,642,1016,2596
26029020062,63.44,0,4.68,24.02,39.88,420,0,31,159,264,662
26029020063,75.19,0,7.75,37.21,57.36,97,0,10,48,74,129
26029020064,81.99,0,5.59,29.19,47.2,132,0,9,47,76,161
26029020065,72.33,0,3.46,27.04,42.14,230,0,11,86,134,318
26029020066,68.71,0,10.37,34.35,53.23,404,0,61,202,313,588
26029020067,56.8,0,4.8,28.8,48,71,0,6,36,60,125
26029020068,79.95,0,9.11,33.07,46.88,307,0,35,127,180,384
26029020069,79.03,0,6.78,27.12,39.19,373,0,32,128,185,472
26029020070,74.65,0,8.73,32.11,50.99,265,0,31,114,181,355
26029020071,76.6,0,17.02,44.68,62.77,72,0,16,42,59,94
26029020074,68.81,0,6.99,28.49,43.94,3060,0,311,1267,1954,4447
26034540001,74.28,0,7.78,29.61,45.86,745,0,78,297,460,1003
26034540003,73.43,0,6.3,29.53,44.29,373,0,32,150,225,508
26034540004,70.82,0,8.15,32.19,46.35,165,0,19,75,108,233
26034540005,72.67,0,7.57,33.81,50.27,662,0,69,308,458,911
26034540006,70.69,0,6.2,31.34,45.21,627,0,55,278,401,887
26034540007,68.67,0.3,5.95,26.87,42.85,1848,8,160,723,1153,2691
26034540008,73.85,0,5.28,27.51,42.95,545,0,39,203,317,738
26034540009,69.02,0,6.24,26.92,44.07,664,0,60,259,424,962
26034540010,71.37,0,7.82,31.49,48.85,374,0,41,165,256,524
26034540011,74.36,0,6.52,27.72,44.16,1140,0,100,425,677,1533
26034540012,68.34,0.69,7.77,32.11,49.6,598,6,68,281,434,875
26034540013,73.33,0,7.33,32,50,110,0,11,48,75,150
26034540014,78.62,0,4.37,23.56,36.78,684,0,38,205,320,870
26034540015,79.06,0,5.48,27.79,45.79,404,0,28,142,234,511
26034540016,77.39,0,6.99,28.26,44.87,1328,0,120,485,770,1716
26034540017,72.98,0.29,9.12,35.79,51.21,1240,5,155,608,870,1699
26034540018,78.84,0,8.18,34.98,46.54,559,0,58,248,330,709
26034540019,75.05,0,9.54,38.35,51.93,409,0,52,209,283,545
26034540020,80.07,0,7.52,30.94,49.65,458,0,43,177,284,572
26034540021,63.28,0.55,9.95,37.38,55.96,579,5,91,342,512,915
26034540022,71.28,0,7.09,27.13,42.55,402,0,40,153,240,564
26034540023,67,0,7.88,25.12,38.92,136,0,16,51,79,203
26034540024,78.52,0,3.36,24.83,38.93,117,0,5,37,58,149
26034540025,73.87,0,6.78,30.15,46.61,588,0,54,240,371,796
26036030001,67.77,0,12.38,39.95,58.09,553,0,101,326,474,816
26040070001,82.42,0,6.67,30.3,47.88,136,0,11,50,79,165
26040070002,80.66,0,10.38,37.74,60.85,171,0,22,80,129,212
26040070003,80.14,0,6.74,30.43,47.74,690,0,58,262,411,861
26041060002,69.59,0,10,35.51,53.67,341,0,49,174,263,490
26041060003,66.23,0,10.47,40.45,57.46,506,0,80,309,439,764
26041060004,71.53,0.31,12.66,43.73,61.52,1158,5,205,708,996,1619
26041060005,66.96,0.19,8.89,33.13,52.92,1431,4,190,708,1131,2137
26041060006,66.23,0,11.97,36.56,59.34,404,0,73,223,362,610
26041060007,80.99,0,11.16,42.56,60.74,196,0,27,103,147,242
26041060009,79.65,0,2.91,37.79,59.3,137,0,5,65,102,172
26041060010,73.25,0,10.44,40.78,61.66,449,0,64,250,378,613
26041060016,57.99,0,7.51,29.87,50.8,363,0,47,187,318,626
26041060020,61.09,0,8.32,34.29,50.31,595,0,81,334,490,974
26041060021,66.99,0,6.27,35.9,49.88,278,0,26,149,207,415
26041060022,64.29,0,5.84,33.44,51.95,198,0,18,103,160,308
26041060024,68.85,0,7.38,39.34,50.82,84,0,9,48,62,122
26041060025,75.57,0,6.25,28.98,44.89,133,0,11,51,79,176
26041060026,63.96,0,7.63,32.53,51.51,637,0,76,324,513,996
26041060027,60.17,0,9.74,28.37,44.99,210,0,34,99,157,349
26041060028,63.52,0,7.82,35.18,54.72,195,0,24,108,168,307
26041060029,70.63,0.64,12.04,41.73,57.62,440,4,75,260,359,623
26041060030,74.9,0,8.23,39.92,50.62,182,0,20,97,123,243
26041060031,60.87,0.93,8.39,33.85,53.73,392,6,54,218,346,644
26041060032,67.95,0,11.11,41.03,55.98,159,0,26,96,131,234
26041060033,62.35,1.18,9.02,38.82,57.25,159,3,23,99,146,255
26041060034,58.29,0,8.17,33.92,53.52,464,0,65,270,426,796
26041060035,48.19,0,7.43,28.15,41.45,279,0,43,163,240,579
26041060036,58.86,0,6.51,29.33,46.95,588,0,65,293,469,999
26041060037,62.36,0,8.02,38.79,55.16,381,0,49,237,337,611
26041060038,60.09,1.33,7.54,28.82,47.67,271,6,34,130,215,451
26041060039,62.95,0,5.45,30.02,49.39,520,0,45,248,408,826
26041060043,68.67,0,8.43,35.54,52.41,114,0,14,59,87,166
26041060044,61.97,0,5.98,28.09,41.99,642,0,62,291,435,1036
26041060045,64.14,0.17,8.36,33.63,50.29,2218,6,289,1163,1739,3458
26041060046,67.25,0,7.81,35.14,54.88,310,0,36,162,253,461
26041060047,64.29,0,9.62,35.99,52.47,468,0,70,262,382,728
26052020001,77.04,0,6.89,36.33,51.36,369,0,33,174,246,479
26052020002,67.76,0.82,9.93,38.37,55.92,498,6,73,282,411,735
26052020004,78,0,6.89,31.76,45,1007,0,89,410,581,1291
26052020005,71.29,0,6.38,29.13,44.8,514,0,46,210,323,721
26052020006,69.36,0,6.72,31.63,47.7,557,0,54,254,383,803
26052020007,73.83,0,8.42,34.69,51.83,728,0,83,342,511,986
26052020009,73.36,0,7.48,29.44,46.26,314,0,32,126,198,428
26052020010,80.77,0,8.46,36.92,53.08,105,0,11,48,69,130
26052020011,77.54,0,8.62,32.62,52.92,252,0,28,106,172,325
26052020012,74.31,0,5.96,32.11,46.79,162,0,13,70,102,218
26052020013,71.4,0,9.64,34.18,56.01,422,0,57,202,331,591
26060020005,76.43,0,10.71,42.14,58.57,321,0,45,177,246,420
26060020006,75.79,0,12.96,41.08,60.64,310,0,53,168,248,409
26062000001,75.24,0,9.72,41.93,56.76,1091,0,141,608,823,1450
26062000002,88.17,0,11.83,48.52,63.31,149,0,20,82,107,169
26062000003,74.55,0,9.53,37,54.66,1072,0,137,532,786,1438
26062000004,79.25,0,3.77,32.08,47.64,168,0,8,68,101,212
26062000005,75,0.47,5.38,28.64,39.08,474,3,34,181,247,632
26062000006,80.61,0,9.7,31.56,49.24,424,0,51,166,259,526
26062000007,72.03,0,10.13,38.77,57.49,327,0,46,176,261,454
26062000008,81.31,0,11.87,42.93,57.83,322,0,47,170,229,396
26064080001,50.51,0,7.57,35.17,48.26,247,0,37,172,236,489
26064080002,55.23,0,7.22,34.66,48.74,153,0,20,96,135,277
26064080003,62.43,0,10.98,32.95,49.13,108,0,19,57,85,173
26064080004,64.64,0,9.88,35.7,54.07,373,0,57,206,312,577
26064080005,59.79,0,7.19,29.36,47.05,507,0,61,249,399,848
26064080006,66.34,0,5.2,33.66,48.27,268,0,21,136,195,404
26068040001,76.15,0.16,8.02,33.56,52.08,1443,3,152,636,987,1895
26068040002,82.1,0,13.29,40.14,59.16,587,0,95,287,423,715
26068040003,76.2,0,8.44,32.94,50.41,650,0,72,281,430,853
26068040004,80.31,0,4.87,27.68,41.13,412,0,25,142,211,513
26068040005,75.68,0,9.84,34.97,53.28,277,0,36,128,195,366
26068040006,78.03,0,7.17,31.89,45.68,849,0,78,347,497,1088
26068040008,79.89,0,8.81,31.48,47.59,1959,0,216,772,1167,2452
26068040009,74.69,0,3.09,34.57,51.23,121,0,5,56,83,162
26068040010,79.84,0,8.85,35.57,53.2,974,0,108,434,649,1220
26068040011,69.42,0,14.05,42.15,64.46,84,0,17,51,78,121
26068040012,75.18,0.24,6.56,32.7,48.45,1260,4,110,548,812,1676
26068040013,76.57,0,8.27,31.24,46.4,1000,0,108,408,606,1306
26068040014,74.71,0.35,7.71,32.65,46.77,1492,7,154,652,934,1997
26068040015,76.95,0,9.35,35.2,54.83,247,0,30,113,176,321
26068040016,80.7,0,8.77,37.72,47.37,92,0,10,43,54,114
26068040017,75.68,0,6.95,30.27,47.15,305,0,28,122,190,403
26068040018,75.38,0,5.85,28.31,43.08,245,0,19,92,140,325
26068040019,75.23,0,8.68,35.26,50.99,416,0,48,195,282,553
26068040020,76.65,0,7.49,32.04,48.5,256,0,25,107,162,334
26068040021,81.56,0,7.27,27.53,43.64,314,0,28,106,168,385
26068040022,86.75,0,5.22,26.51,42.57,216,0,13,66,106,249
26068040023,73,0,6.67,34.67,51,219,0,20,104,153,300
26068040024,85.57,0,3.78,26.8,44.33,249,0,11,78,129,291
26068040025,77.12,0,5.08,33.05,50,182,0,12,78,118,236
26068040026,81.12,0,6.06,27.96,46.57,911,0,68,314,523,1123
26072080001,75.94,0.17,10.13,37.3,57.13,3178,7,424,1561,2391,4185
26072080004,86.28,0,9.53,42.31,55.53,679,0,75,333,437,787
26072080005,72.65,0.72,8.28,33.75,49.16,1509,15,172,701,1021,2077
26072080006,78.67,0,6.49,31.14,47.45,1066,0,88,422,643,1355
26072080007,73.71,0,7.51,38.03,56.81,157,0,16,81,121,213
26072080008,73.4,0,7.06,31.86,49.94,1258,0,121,546,856,1714
26072080009,81.37,0,9.32,38.08,58.08,297,0,34,139,212,365
26072080010,77.76,0,11.22,37.45,55.13,409,0,59,197,290,526
26072080011,61.76,0,6.72,27.73,52.52,147,0,16,66,125,238
26072080012,83.98,0,10.68,40.29,55.83,173,0,22,83,115,206
26072080013,73.38,0,12.59,39.57,57.55,204,0,35,110,160,278
26072080014,76.33,0,9.79,40.04,55.34,429,0,55,225,311,562
26076040001,74.89,0,8.07,37.14,49.16,492,0,53,244,323,657
26076040002,71.9,0,7.59,31.14,41.77,284,0,30,123,165,395
26076040004,76.69,0,13.35,41.54,58.46,408,0,71,221,311,532
26076040005,78.48,0,7.84,31.11,44.33,671,0,67,266,379,855
26076040006,78.22,0,9.66,33.13,50.92,510,0,63,216,332,652
26076040007,70.34,0,8.97,33.1,48.97,102,0,13,48,71,145
26076040008,81.08,0,7.13,32.27,47.44,887,0,78,353,519,1094
26076040009,80.54,0,10.75,38.37,53.33,592,0,79,282,392,735
26076040010,78.14,0,10.22,35.85,54.25,497,0,65,228,345,636
26076040011,73.98,0.82,6.97,29.92,46.11,361,4,34,146,225,488
26077520001,83.53,0,10.59,37.5,52.79,568,0,72,255,359,680
26077520003,85.77,0,13.44,36.76,57.71,217,0,34,93,146,253
26079010002,68.18,0.18,4.7,23.88,38.92,1913,5,132,670,1092,2806
26079010003,69.6,0,5.69,23.5,39.27,918,0,75,310,518,1319
26079010004,65.88,0,3.6,25.67,36.31,421,0,23,164,232,639
26079010005,69.68,0.16,5.22,25.63,41.34,1335,3,100,491,792,1916
26079010006,75.61,0,8.43,31.71,46.78,341,0,38,143,211,451
26079010007,68.62,0.08,5.61,26.35,41.66,5075,6,415,1949,3081,7396
26079010008,74.66,0,5.52,27.17,41.84,4737,0,350,1724,2655,6345
26079010009,72.62,0,6.54,28.52,42.82,1533,0,138,602,904,2111
26079010013,79.11,0,6.82,29,43.4,731,0,63,268,401,924
26079010014,75.79,0,7.39,32.17,47.12,1343,0,131,570,835,1772
26079010015,74.07,0,6.42,28.42,43.37,1397,0,121,536,818,1886
26079010016,72.36,0,7.31,32.43,47.04,1089,0,110,488,708,1505
26079010017,73.3,0.12,7.15,31.22,49.08,5385,9,525,2294,3606,7347
26079010018,64.28,0,4.22,18.76,32.4,853,0,56,249,430,1327
26079010019,67.28,0,5.07,24.19,41.47,292,0,22,105,180,434
26079010020,73,0.14,7.28,30.66,44.46,1614,3,161,678,983,2211
26079010021,74.97,0.36,7.81,34.33,49.82,1258,6,131,576,836,1678
26079010022,73.1,0,8.42,33.12,50.94,894,0,103,405,623,1223
26079010023,70.2,0,6.61,28.12,45.32,1253,0,118,502,809,1785
26079010024,72.18,0,6.78,30.4,46.68,1458,0,137,614,943,2020
26079010027,66.97,0,5.56,23.7,38.77,1458,0,121,516,844,2177
26079010028,68.85,0,5.43,25.31,39.73,3234,0,255,1189,1866,4697
26079010029,72.59,0,5.02,26.64,41.31,376,0,26,138,214,518
26079010030,73.05,0,5.07,26.08,36.96,591,0,41,211,299,809
26079010031,67.89,0,7.72,28.46,44.31,167,0,19,70,109,246
26079010033,68.65,0.08,6.74,28.98,44.81,3271,4,321,1381,2135,4765
26079010034,74.05,0,7.39,31.47,51.9,1113,0,111,473,780,1503
26079010035,72.73,0,7.2,30.31,47.06,2102,0,208,876,1360,2890
26079010038,74.44,0,6.22,28,46,670,0,56,252,414,900
26079010039,73.01,0,7.52,32.77,47.58,1553,0,160,697,1012,2127
26079010041,75.53,0.19,5.56,29.73,44.93,1222,3,90,481,727,1618
26079010042,75.36,0,6.08,28.46,42.78,3037,0,245,1147,1724,4030
26079010043,86.2,0,8.31,31.69,44.93,612,0,59,225,319,710
26079010044,71.01,0,5.04,24.37,39.5,507,0,36,174,282,714
26079010046,71.62,0,6.44,31.21,45.99,2001,0,180,872,1285,2794
26079010047,75.54,0.12,8.49,35.62,51.58,3052,5,343,1439,2084,4040
26079010055,76.81,0,5.69,26.88,46.94,540,0,40,189,330,703
26079010056,69.66,0,6.37,27.95,43.31,3566,0,326,1431,2217,5119
26079010057,70.37,0,5.68,24.76,39.51,520,0,42,183,292,739
26079010058,69.22,0,7.37,31.89,44.6,686,0,73,316,442,991
26079010059,68.07,0.08,5.08,21.36,33.98,2584,3,193,811,1290,3796
26079010061,65.87,0,4.29,21.11,34.84,830,0,54,266,439,1260
26079010062,72.34,0,7.06,31.66,47.73,3002,0,293,1314,1981,4150
26079010063,71.66,0,7.29,29.35,46.42,2271,0,231,930,1471,3169
26079010064,69.35,0.21,8.52,32.51,50.58,1677,5,206,786,1223,2418
26079010066,73.86,0,7.88,32.35,48.94,975,0,104,427,646,1320
26079010067,76.37,0,6.49,29.4,45.98,2460,0,209,947,1481,3221
26079010070,74.76,0,6.72,30.45,47.32,3204,0,288,1305,2028,4286
26079010071,74.61,0.63,8.91,36.61,53.5,3684,31,440,1808,2642,4938
26079010072,73.92,0.92,7,32.44,49.68,1046,13,99,459,703,1415
26079010073,66.79,0.4,7.35,32.61,49.01,1653,10,182,807,1213,2475
26079010074,68.27,0.08,5.91,27.5,43.91,3341,4,289,1346,2149,4894
26079010075,68.76,0.05,6.86,27.71,43.42,5991,4,598,2414,3783,8713
26079010076,74.91,0.52,4.81,25.77,42.96,436,3,28,150,250,582
26079010077,72.73,0,7.72,31.15,47.55,8108,0,861,3473,5301,11148
26079010078,71.94,0,6.66,31.27,46.02,605,0,56,263,387,841
26079010079,74.04,0,6.84,30.93,45.6,3009,0,278,1257,1853,4064
26079010080,68.64,0,7.08,27.62,43.12,1173,0,121,472,737,1709
26079010081,67.88,0,9.78,30.17,49.72,243,0,35,108,178,358
26079010083,66.47,0,7.56,26.55,41.28,343,0,39,137,213,516
26079010085,73.64,0,7.11,30.21,45.2,1243,0,120,510,763,1688
26079010086,78.87,0,6.7,27.32,44.85,306,0,26,106,174,388
26079010087,71.21,0.1,6.74,29.34,45.7,2830,4,268,1166,1816,3974
26079010088,73.93,0.39,8.46,32.98,51.75,760,4,87,339,532,1028
26079010089,66.89,3.38,12.84,43.92,53.38,99,5,19,65,79,148
26079010090,76.55,0,8.91,36.36,51.27,421,0,49,200,282,550
26079010091,71.66,0,6.78,30.6,48.67,349,0,33,149,237,487
26079010092,70.64,0,5.32,26.24,42.43,611,0,46,227,367,865
26079010093,72.55,0.27,6.84,29.97,43.92,806,3,76,333,488,1111
26079010094,68.94,0,5.11,21.28,35.04,486,0,36,150,247,705
26079010095,70.95,0.22,6.02,27,42.66,2877,9,244,1095,1730,4055
26079010096,68.72,0.43,6.49,29.67,45.51,2256,14,213,974,1494,3283
26079010097,73.31,0,8.02,36.94,53.8,1544,0,169,778,1133,2106
26079010098,71.21,0,6.57,19.44,32.58,282,0,26,77,129,396
26079010100,75.16,0,6.53,30.06,47.19,1843,0,160,737,1157,2452
26079010101,71.08,0.17,6.13,27.85,44.41,2065,5,178,809,1290,2905
26079010102,71.21,0,5.53,26.78,43.02,1417,0,110,533,856,1990
26079010103,72.47,0,5.97,29.03,44.09,1882,0,155,754,1145,2597
26079010104,70.97,0,7.58,29.14,45.14,1264,0,135,519,804,1781
26079010105,69.63,0.72,6.73,28.7,43.49,1252,13,121,516,782,1798
26079010106,77.34,1.35,8.15,35.38,52.06,1034,18,109,473,696,1337
26079010107,71.48,0,7.79,33.27,55.89,376,0,41,175,294,526
26079010108,70.68,0,6.92,29.81,43.65,1603,0,157,676,990,2268
26079010109,88.79,0,12.07,44.83,62.93,103,0,14,52,73,116
26079010110,77.27,0,10.33,37.2,53.26,486,0,65,234,335,629
26079010111,75.87,0,7.94,32.11,49.73,1701,0,178,720,1115,2242
26079010112,70.9,0.59,7.3,32.75,49.56,3748,31,386,1731,2620,5286
26079010114,74.8,0.25,7.29,31.95,49.74,4247,14,414,1814,2824,5678
26079010115,78.45,0.58,7.54,32.95,46.57,812,6,78,341,482,1035
26079010116,70.61,0,6.98,27.7,45.38,627,0,62,246,403,888
26079010117,66.43,0,8.66,37.91,54.87,184,0,24,105,152,277
26079010118,75.83,0.12,5.87,29.96,47.33,1886,3,146,745,1177,2487
26079010119,70.88,0,6.01,22.19,34.98,460,0,39,144,227,649
26079010120,68.35,0.54,4.34,25.32,39.42,378,3,24,140,218,553
26079010121,72.24,0,5.87,29.54,46.62,406,0,33,166,262,562
26079010122,69.57,0,5.62,24.21,38.38,928,0,75,323,512,1334
26079010123,75.21,0,3.1,22.52,36.57,364,0,15,109,177,484
26079010124,66.36,0,4.73,24.75,37.46,799,0,57,298,451,1204
26079010125,70.66,0,6.38,29.23,42.83,2613,0,236,1081,1584,3698
26079010126,75.09,0.06,6.82,28.44,41.83,3723,3,338,1410,2074,4958
26079010127,75.06,0.18,6.92,30.61,48.24,1682,4,155,686,1081,2241
26079010128,73.36,0,9.44,38.54,56.44,1578,0,203,829,1214,2151
26079010129,70.86,0,5.24,29.56,45.07,338,0,25,141,215,477
26079010130,65.2,0,4.31,23.82,36.13,1514,0,100,553,839,2322
26079010131,70.16,0,7.69,33.68,48.78,1204,0,132,578,837,1716
26079010132,74.93,0,7.6,33.73,48.4,562,0,57,253,363,750
26079010133,75.06,0,4.29,22.41,34.87,2047,0,117,611,951,2727
26079010134,69.26,0.33,7.17,29.65,45.66,2724,13,282,1166,1796,3933
26079010135,68.41,0,6.11,24.59,42.32,459,0,41,165,284,671
26079010136,57.9,0,4.56,24.01,37.99,381,0,30,158,250,658
26079010137,75.8,0,8.29,33.04,50.17,686,0,75,299,454,905
26079010138,78.37,0,8.06,32.35,48.04,1623,0,167,670,995,2071
26079010139,70.62,0.26,5.51,27.53,42.74,1639,6,128,639,992,2321
26079010140,72.47,0,7.4,29.71,41.46,666,0,68,273,381,919
26079010141,66.51,0.27,5.61,24.69,38.11,3984,16,336,1479,2283,5990
26079010142,72.66,0,6.57,28.74,44.55,1039,0,94,411,637,1430
26079010143,79.09,0,5.92,27.87,44.25,227,0,17,80,127,287
26079010144,71.8,0,6.19,27.51,42.92,522,0,45,200,312,727
26079010145,73.02,0,6.34,28.9,43.16,2049,0,178,811,1211,2806
26079010146,72.28,0,6.64,32.72,47.36,1056,0,97,478,692,1461
26079010147,71.02,0,5.54,27.11,40.63,1860,0,145,710,1064,2619
26079010148,68.63,0,7,28.85,42.79,1989,0,203,836,1240,2898
26079010149,72.95,0,5.99,27.08,41.08,2314,0,190,859,1303,3172
26079010150,68.76,0,5.34,24.94,37.67,1712,0,133,621,938,2490
26079010151,73.37,0,6.86,31.58,47.74,1689,0,158,727,1099,2302
26079010152,65.67,0,6.63,28.61,45.59,723,0,73,315,502,1101
26079010153,63.08,0,2.82,19.11,31.79,627,0,28,190,316,994
26079010154,78.05,0,10.48,38.72,55.98,633,0,85,314,454,811
26079010155,76.52,0,8.97,32.74,49.85,1297,0,152,555,845,1695
26079010156,71.39,0,8.15,33.66,51.79,736,0,84,347,534,1031
26079010157,68.77,0.07,6.43,28.02,42.12,4087,4,382,1665,2503,5943
26079010158,69.55,0,6.01,28.53,43.2,1053,0,91,432,654,1514
26089090001,72.11,0,7.95,32.78,49.37,517,0,57,235,354,717
26089090002,72.43,0,6.2,32.32,48.02,549,0,47,245,364,758
26089090003,71.58,0,9.84,36.07,52.19,262,0,36,132,191,366
26089090004,66.93,0,8.83,33.07,52.49,417,0,55,206,327,623
26089090005,75.18,0,6.57,27.01,44.53,103,0,9,37,61,137
26094020007,68.09,0,5.26,28.48,45.48,557,0,43,233,372,818
26094020008,73.69,0,8.01,31.66,48.88,1776,0,193,763,1178,2410
26094020009,70.83,2.62,7.71,29.81,47.77,891,33,97,375,601,1258
26094020015,71.59,0,7.27,29.07,44.27,325,0,33,132,201,454
26094020016,73.36,0,9.27,29.73,44.02,190,0,24,77,114,259
26094020018,62.41,0,6.58,27.07,41.54,332,0,35,144,221,532
26094020019,71.35,0,6.15,31.11,45.87,406,0,35,177,261,569
26094020020,75.95,0,11.39,40.51,53.16,60,0,9,32,42,79
26094020021,67.98,0,6.34,26.59,43.5,225,0,21,88,144,331
26094020022,77.28,0,8.32,29.82,47.06,381,0,41,147,232,493
26094020024,76.03,0,8.22,31.15,49.34,1091,0,118,447,708,1435
26094020025,75.3,0,10.98,37.8,51.52,247,0,36,124,169,328
26094020026,71.88,0,4.24,28.12,40.58,271,0,16,106,153,377
26094020027,70.26,0,7.91,31.41,46.52,293,0,33,131,194,417
26094020028,71.21,0,6.92,29.76,46.9,1400,0,136,585,922,1966
26094020030,67.39,3.48,6.09,20.87,33.91,155,8,14,48,78,230
26094020031,74.96,0.61,7.91,32.52,50.09,862,7,91,374,576,1150
26094020032,70.79,0,7.9,21.99,31.96,206,0,23,64,93,291
26094020033,75.83,0.26,8.58,34.94,53.24,866,3,98,399,608,1142
26094020034,71.92,2.69,8.08,30,46.15,187,7,21,78,120,260
26096000001,76.86,0,10.04,36.9,55.9,352,0,46,169,256,458
26096000048,72.29,0,7.3,34.76,48.87,287,0,29,138,194,397
26096000049,71.78,0,9.2,34.36,50.31,351,0,45,168,246,489
26096000050,76.21,1.38,6.21,26.9,42.41,221,4,18,78,123,290
26096000051,70.46,0.36,6.28,28.53,43.68,2941,15,262,1191,1823,4174
26096000053,76.91,0,7.88,31.69,48.23,2148,0,220,885,1347,2793
26096000054,72.49,0,6.73,29.33,45,5496,0,510,2224,3412,7582
26096000055,68.56,0,4.8,23.58,37.99,157,0,11,54,87,229
26096000057,75.97,0,8.21,35.22,48.36,509,0,55,236,324,670
26096000058,74.04,0.09,5.83,26.85,41.7,2578,3,203,935,1452,3482
26096000060,73.96,0,5.52,27.19,40.24,1099,0,82,404,598,1486
26096000061,65.76,0,6.62,28.22,43.69,1976,0,199,848,1313,3005
26096000062,73.62,0.19,5.57,26.31,40.54,1164,3,88,416,641,1581
26096000063,77.04,0,6.53,28.65,42.5,1557,0,132,579,859,2021
26096000064,74.58,0,6.55,30.12,45.3,1936,0,170,782,1176,2596
26096000065,71.22,0,4.88,23.41,41.95,146,0,10,48,86,205
26096000069,69.53,0,5.78,27.19,43.52,2537,0,211,992,1588,3649
26096000070,74.72,0.16,7.05,29.71,44.71,2746,6,259,1092,1643,3675
26096000071,71.72,0.63,5.37,31.28,45.18,454,4,34,198,286,633
26096000072,78.54,0,7.21,30.19,46.39,882,0,81,339,521,1123
26096000073,76.95,0.05,6.97,30.27,45.62,4848,3,439,1907,2874,6300
26096000074,77.62,0,5.07,29.37,43.36,444,0,29,168,248,572
26096000075,79.87,0,7.59,33.07,47.84,1000,0,95,414,599,1252
26096000076,71.04,0.18,8.83,32.75,49.59,1553,4,193,716,1084,2186
26096000079,67.94,1.79,6.08,25.98,42.04,871,23,78,333,539,1282
26096000083,71.89,0.04,7.14,30.74,46.91,5021,3,499,2147,3276,6984
26096000087,77.39,0,5.03,25,37.84,1616,0,105,522,790,2088
26096000088,73.02,0,6.45,26.69,40.76,498,0,44,182,278,682
26096000089,81.35,0,7.14,32.04,49.07,1003,0,88,395,605,1233
26096000090,79.43,0,6.53,30.37,46.49,803,0,66,307,470,1011
26096000091,71.01,0,6.15,26.72,42.17,970,0,84,365,576,1366
26096000092,73.44,1.67,9.09,33.25,49.28,307,7,38,139,206,418
26096000096,76.05,0,5.58,32.56,47.91,327,0,24,140,206,430
26096000100,71.76,0,6.5,30.27,45.03,2129,0,193,898,1336,2967
26096000101,74.78,0,7.79,29.44,44.65,1613,0,168,635,963,2157
26096000102,77.35,0,8.87,33.23,51.28,994,0,114,427,659,1285
26096000104,71.08,0,5.96,28.7,43.69,1622,0,136,655,997,2282
26096000106,73.01,0.49,7.33,31.01,46.44,1036,7,104,440,659,1419
26096000108,80.7,0,8.01,28.59,44.53,1129,0,112,400,623,1399
26096000110,75.82,0.18,9.39,35.15,52.79,1251,3,155,580,871,1650
26096000112,77.55,0,8.39,31.33,45.99,1720,0,186,695,1020,2218
26096000113,76.38,0,6.58,32.36,48.44,708,0,61,300,449,927
26096000114,76.09,0,12.5,37.5,58.15,140,0,23,69,107,184
26096000116,77.22,0,6.91,29.43,44.59,871,0,78,332,503,1128
26096000117,75.89,0.26,7.22,31.12,46.6,1451,5,138,595,891,1912
26096000118,70.78,0,6.74,31.85,47.49,620,0,59,279,416,876
26096000119,74.61,0,7.57,33.55,49.93,2633,0,267,1184,1762,3529
26096000120,84.09,0,5.54,25.71,39.63,1184,0,78,362,558,1408
26096000121,77.9,0,9.74,39.33,50.75,416,0,52,210,271,534
26096000122,77.86,0,7.86,24.29,37.14,109,0,11,34,52,140
26096000123,74.04,0,5.87,27.32,43.44,542,0,43,200,318,732
26096000124,73.21,0,6.85,27.98,42.71,492,0,46,188,287,672
26096000125,72.3,0,6.98,27.7,41.01,342,0,33,131,194,473
26096000127,81.63,0,5.21,25.63,39.68,1191,0,76,374,579,1459
26096000128,79.32,0,7.95,30.23,44.09,349,0,35,133,194,440
26096000129,74.7,0,6.32,27.67,42.69,189,0,16,70,108,253
26096000130,75.14,0,6.94,22.54,34.68,130,0,12,39,60,173
26096000131,85.71,0,6.9,32.26,49.64,720,0,58,271,417,840
26096000132,74.38,0,5,27.19,38.44,238,0,16,87,123,320
26096000133,77.65,0,5.44,26.93,41.55,271,0,19,94,145,349
26096000134,73.33,0,6.06,28.66,43.31,811,0,67,317,479,1106
26096000135,70.16,0,2.09,20.94,39.27,134,0,4,40,75,191
26096000136,86.96,0,7.97,32.61,60.87,120,0,11,45,84,138
26096000139,78.57,0,6.02,30.08,46.62,209,0,16,80,124,266
26096000140,70.4,0,9.48,30.46,47.7,245,0,33,106,166,348
26096000141,81.01,0,7.26,32.16,49.8,1015,0,91,403,624,1253
26100040001,72.55,0,8.2,32.89,47.38,761,0,86,345,497,1049
26100040003,71.59,0,5.94,28.12,42.17,494,0,41,194,291,690
26100040004,78.38,0,7.21,32.77,49.75,794,0,73,332,504,1013
26100040006,69.02,0,7.82,36.5,52.3,450,0,51,238,341,652
26100040007,79.11,0,9.38,39.72,53.45,962,0,114,483,650,1216
26106080001,80.24,0,11.52,38.83,56.5,808,0,116,391,569,1007
26106080002,75.54,0,5.76,23.74,37.05,210,0,16,66,103,278
26106080003,79.94,0,7.76,31.42,50.11,1112,0,108,437,697,1391
26106080004,73,0,5.31,26.86,42.58,1087,0,79,400,634,1489
26106080005,79.32,0,6.94,29.6,42.92,560,0,49,209,303,706
26106080006,75.66,0,6.31,28.93,45.33,923,0,77,353,553,1220
26106080007,81.16,0,8.37,34.88,52.56,349,0,36,150,226,430
26106080008,77.93,0,6.63,33.04,48.15,717,0,61,304,443,920
26106080009,81.43,0,9.61,36.27,53.69,1136,0,134,506,749,1395
26106080010,75.07,0,8.49,31.92,49.45,548,0,62,233,361,730
26106080011,77.82,0,7.8,32.58,47.66,449,0,45,188,275,577
26106080012,81.28,0,8.65,34.03,51.66,977,0,104,409,621,1202
26106080013,75.24,0,11.65,29.61,48.06,155,0,24,61,99,206
26106080014,73.66,0,13.66,43.9,61.95,151,0,28,90,127,205
26107070001,72.01,0,6.5,26.77,41.82,1474,0,133,548,856,2047
26107070002,71.11,0,5.4,23.65,41.59,448,0,34,149,262,630
26107070004,79.15,0,6.6,29.15,43.83,744,0,62,274,412,940
26107070012,73.99,0.25,8.5,34.78,50.99,3593,12,413,1689,2476,4856
26107070016,69.52,0,6.04,27.46,41.75,691,0,60,273,415,994
26107070017,79.22,0,7.54,34.17,48.82,1071,0,102,462,660,1352
26107070019,77.75,0,8.58,36.06,40.48,580,0,64,269,302,746
26107070020,69.57,0.43,7.23,30.92,47.66,981,6,102,436,672,1410
26107070021,68.54,0,7.29,30.76,46.6,987,0,105,443,671,1440
26107070023,78.01,0,7.85,32.98,49.87,596,0,60,252,381,764
26107070024,69.55,0,4.7,23.97,37.17,859,0,58,296,459,1235
26107070025,69.48,0,6.6,28.46,46.24,1821,0,173,746,1212,2621
26107070026,67.01,0,7.66,32.99,45.95,455,0,52,224,312,679
26107070027,66.86,0,5.89,28.18,43.53,579,0,51,244,377,866
26107070029,70.32,0,7.01,29.07,45.88,803,0,80,332,524,1142
26107070030,69.47,0,8.56,32.47,46.85,430,0,53,201,290,619
26107070032,79.09,0.5,7.73,31.77,47.86,1902,12,186,764,1151,2405
26107070033,79.93,0.34,6.31,30.5,47.82,697,3,55,266,417,872
26107070034,70.4,0,6.05,27.9,44.69,1862,0,160,738,1182,2645
26107070035,73.8,0.08,6.24,27.13,42.4,5489,6,464,2018,3154,7438
26107070036,69.5,0,6.61,29.55,45.61,515,0,49,219,338,741
26107070037,73.78,0,6.71,40.24,54.27,121,0,11,66,89,164
26107070038,83.68,0,6.81,29.43,44.02,1302,0,106,458,685,1556
26107070039,68.01,0.05,6.03,27.12,41.6,5099,4,452,2033,3119,7497
26107070040,75.6,0,6.55,25.89,44.64,254,0,22,87,150,336
26107070041,73.08,0,6.41,30.13,54.49,114,0,10,47,85,156
26107070042,79.1,0,11.94,36.57,59.7,106,0,16,49,80,134
26107070043,88.62,0,8.83,32.65,45.46,1846,0,184,680,947,2083
26107070044,73.36,0,10.48,37.55,54.59,168,0,24,86,125,229
26107070045,73.87,0,8.26,37.78,52.49,653,0,73,334,464,884
26107070046,67.32,0,6.58,28.73,48.9,307,0,30,131,223,456
26107070047,75.32,1.07,6.22,30.42,43.63,775,11,64,313,449,1029
26107070048,74.08,0.41,6.96,31.09,45.42,1618,9,152,679,992,2184
26107070049,69.18,0,8.18,27.04,41.51,220,0,26,86,132,318
26107070050,77.78,0,6.76,36.71,52.66,161,0,14,76,109,207
26107070051,76.96,0,7.37,28.11,46.54,167,0,16,61,101,217
26107070052,81.02,0,7.21,33.68,51.67,1797,0,160,747,1146,2218
26107070053,80.79,0,9.27,36.09,50.66,244,0,28,109,153,302
26107070054,73.44,0,5.21,22.92,36.46,141,0,10,44,70,192
26107070055,72.7,0,7.18,32.18,48.56,253,0,25,112,169,348
26107070056,77.14,0,0,0,0,54,0,0,0,0,70
26111010004,80.59,0,15.29,45.29,67.06,137,0,26,77,114,170
26111010005,73.86,0,9.09,45.45,63.26,195,0,24,120,167,264
26111010006,79.56,0,10.42,38.28,58.12,397,0,52,191,290,499
26111010007,92.06,0,14.29,53.97,79.37,58,0,9,34,50,63
26111010008,88.24,0,13.07,47.71,67.32,135,0,20,73,103,153
26111010009,77.73,0,16.59,53.08,72.99,164,0,35,112,154,211
26111010010,91.4,0,8.6,0,0,85,0,8,0,0,93
26111010011,73.07,1.59,13.1,42.84,63.77,597,13,107,350,521,817
26111010012,78.57,0,9.81,38.46,57.6,2787,0,348,1364,2043,3547
26111010013,87.04,0,11.74,42.11,63.16,215,0,29,104,156,247
26111010014,90.13,0,6.58,28.95,46.05,137,0,10,44,70,152
26111010015,79.72,0,5.59,28.67,35.66,114,0,8,41,51,143
26111010016,83.22,0,12.59,37.06,60.84,119,0,18,53,87,143
26116060016,77.45,0,7.81,35.51,49.75,783,0,79,359,503,1011
26116060361,72.35,0.21,7.38,30.52,48.78,1010,3,103,426,681,1396
26116060425,87.97,0,6.22,26.14,43.15,212,0,15,63,104,241
26116060426,75.99,0,8.64,33.88,49.11,554,0,63,247,358,729
26116060427,76.86,0,8.62,34.36,53.37,2212,0,248,989,1536,2878
26116060430,69.62,0,7.18,30.72,47.91,417,0,43,184,287,599
26116060432,73.99,0,9.4,40.33,57.81,677,0,86,369,529,915
26116060433,72.84,0,6.39,28.75,44.41,228,0,20,90,139,313
26116060434,77.56,0,5.94,25.41,44.55,235,0,18,77,135,303
26116060435,79.73,0,8.27,32.72,49.16,2517,0,261,1033,1552,3157
26116060439,85.13,0,8.36,33.62,52.09,876,0,86,346,536,1029
26116060441,88.97,0,8.87,35.25,50.84,371,0,37,147,212,417
26116060454,71.45,0,5.07,25.83,41.41,2733,0,194,988,1584,3825
26116060455,77.02,0,8.82,34.2,51.7,4997,0,572,2219,3354,6488
26116060496,74.24,0,6.17,28.35,43.83,686,0,57,262,405,924
26116060519,74.65,0,6.69,29.41,43.61,368,0,33,145,215,493
26116060530,74.12,0.23,7.62,30.03,47.24,1624,5,167,658,1035,2191
26116060533,73.1,0,6.82,28.36,43.87,2348,0,219,911,1409,3212
26116060544,74.78,0,7.99,27.89,47.96,421,0,45,157,270,563
26116060550,72.56,0,7.07,30.77,44.28,349,0,34,148,213,481
26116060551,78.23,0,7.44,29.68,46.4,1315,0,125,499,780,1681
26116060552,80.49,0,8.5,30.02,45.86,1118,0,118,417,637,1389
26116060553,80.24,0,4.81,26.22,43.15,1218,0,73,398,655,1518
26116060554,77.09,0,5.93,28.21,43.31,858,0,66,314,482,1113
26116060555,75.94,0,7.72,33.85,50.19,1427,0,145,636,943,1879
26116060556,76.32,0.1,7.77,31.92,47.92,2279,3,232,953,1431,2986
26116060559,77.1,0,7.54,31.74,48.36,1902,0,186,783,1193,2467
26116060561,84.54,0,9.51,33.21,50.06,667,0,75,262,395,789
26116060562,76.52,0.37,8.51,35.5,54.08,2923,14,325,1356,2066,3820
26116060564,80,0,7.62,32.82,51.38,724,0,69,297,465,905
26116060568,72.82,0,6.78,26.8,45.22,1364,0,127,502,847,1873
26116060572,72.51,0,6.81,28.22,41.12,298,0,28,116,169,411
26116060575,76.99,0.1,6.9,31.58,48.05,2355,3,211,966,1470,3059
26116060578,71.77,0,6.37,30.61,45.96,1510,0,134,644,967,2104
26116060579,79.31,0,7.67,32.56,50.11,755,0,73,310,477,952
26116060585,78.83,0,7.57,33.02,49.97,1177,0,113,493,746,1493
26116060587,75.84,0,6.64,28.4,44.72,697,0,61,261,411,919
26116060588,74.71,0.09,6.81,29.05,45.31,5817,7,530,2262,3528,7786
26116060589,67.37,0,7.33,30.83,48.61,1379,0,150,631,995,2047
26116060590,71.05,0.13,6.63,28.37,43.98,3196,6,298,1276,1978,4498
26116060594,68.93,0,6.25,25.89,39.61,1025,0,93,385,589,1487
26116060596,78.44,0,7.22,30.25,46.39,695,0,64,268,411,886
26116060619,78.5,0,8.37,32.35,52.14,1650,0,176,680,1096,2102
26116060621,51.23,0,3.3,19.97,24.5,667,0,43,260,319,1302
26116060622,74.67,0,6,27.11,44.44,336,0,27,122,200,450
26116060623,75.63,0.42,10.22,35.01,51.68,540,3,73,250,369,714
26116060625,74.8,1.09,6.7,31.33,46.11,1306,19,117,547,805,1746
26116060627,72.2,0.09,6.49,27.63,42.43,6410,8,576,2453,3767,8878
26116060630,74.23,0,5.93,26.75,40.81,913,0,73,329,502,1230
26116060636,72.45,0,9.6,35.6,51.39,234,0,31,115,166,323
26116060637,73.85,0,6.54,32.61,47.08,949,0,84,419,605,1285
26116060638,73.93,1.2,7.69,32.07,52.15,740,12,77,321,522,1001
26116060639,67.65,0,6.5,25.7,42.54,458,0,44,174,288,677
26116060641,80.03,0,6.94,31.97,48.64,1234,0,107,493,750,1542
26116060642,76,0,10.45,37.46,57.61,909,0,125,448,689,1196
26116060643,75.98,0,15.36,43.58,66.48,272,0,55,156,238,358
26116060647,78.78,0,7.56,31.74,49.56,1251,0,120,504,787,1588
26116060648,72.82,0,4.91,28.15,45.47,2401,0,162,928,1499,3297
26116060649,67.34,0,6.29,30.19,44.56,600,0,56,269,397,891
26116060651,75.02,0,7.25,28.83,43.34,817,0,79,314,472,1089
26116060652,72.03,0,6.16,31.74,47.84,783,0,67,345,520,1087
26116060654,79.62,0,7.35,36.13,55.04,379,0,35,172,262,476
26116060656,76.79,0,4.91,27.23,42.41,172,0,11,61,95,224
26116060657,75.52,0,6.57,33.13,49.55,253,0,22,111,166,335
26116060661,65.51,0,5.86,27.16,44.68,849,0,76,352,579,1296
26116060663,73.83,1.23,8.6,33.29,54.3,601,10,70,271,442,814
26116060665,71.71,0.21,6.32,27.58,42.76,2041,6,180,785,1217,2846
26116060666,74.65,0,7.14,32.32,47.02,3439,0,329,1489,2166,4607
26116060667,76.97,0,6.31,30.08,43.03,939,0,77,367,525,1220
26116060668,71.99,0,5.6,27.05,43.69,2172,0,169,816,1318,3017
26116060669,70.55,0,8.97,41.1,56.36,527,0,67,307,421,747
26116060670,75.18,0.9,6.23,26.94,44.54,1666,20,138,597,987,2216
26116060671,74.37,0.34,6.75,28.68,44.58,2821,13,256,1088,1691,3793
26116060672,74.71,0,6.06,29.02,47.44,641,0,52,249,407,858
26116060673,74.78,0,6.94,28.23,44.47,4324,0,401,1632,2571,5782
26116060674,79.39,0,7.73,31.07,48.32,1017,0,99,398,619,1281
26116060675,73.33,0.19,5.21,25.97,41.97,1155,3,82,409,661,1575
26116060676,68.2,0,5.65,27.74,43.11,386,0,32,157,244,566
26116060678,66.97,0.24,4.84,24.79,38.05,1121,4,81,415,637,1674
26116060679,71.84,0,7.61,33.3,48.61,699,0,74,324,473,973
26116060680,73.8,0,4.6,31.2,46.6,369,0,23,156,233,500
26116060681,72.17,0.61,7.65,32.57,51.38,472,4,50,213,336,654
26116060682,72.92,0,8.33,30.69,49.62,2381,0,272,1002,1620,3265
26116060683,64.91,0,7.33,29.69,44.99,505,0,57,231,350,778
26116060684,71.59,0.31,6.08,29.18,43.41,3648,16,310,1487,2212,5096
26116060685,73.65,0.64,6.57,32.71,46.48,1727,15,154,767,1090,2345
26116060686,72.36,0,7.04,32.3,50,699,0,68,312,483,966
26116060687,77.56,0,8.86,32.13,51.52,280,0,32,116,186,361
26116060688,74.14,0.3,7.78,29.39,45.76,734,3,77,291,453,990
26116060689,71.9,0,7.28,30.19,51.24,929,0,94,390,662,1292
26116060691,71,0,7.52,29.37,44.17,585,0,62,242,364,824
26116060692,73.43,0,5.36,27.74,42.89,315,0,23,119,184,429
26116060694,74.05,0,5.97,30.72,46.61,993,0,80,412,625,1341
26116060695,74.14,0,9.14,35.38,51.61,1379,0,170,658,960,1860
26116060696,72.1,0,5.79,25.99,40.78,946,0,76,341,535,1312
26116060698,72.22,0,6.28,26.67,43.17,2610,0,227,964,1560,3614
26116060703,79.91,0,9.58,46.5,59.81,342,0,41,199,256,428
26116060704,67.5,0.23,5.72,26.86,40.15,2347,8,199,934,1396,3477
26116060705,71.09,0,8.67,32.59,50.46,541,0,66,248,384,761
26116060706,68.69,0,5.3,30.22,49.53,441,0,34,194,318,642
26116060707,74.03,0,10.76,37.11,57.33,399,0,58,200,309,539
26116060708,72.76,0,7.6,30.02,45.6,967,0,101,399,606,1329
26116060709,69.99,0,8.12,36.43,53.98,905,0,105,471,698,1293
26116060710,75.47,0,6.73,27.12,45.65,729,0,65,262,441,966
26116060711,72.84,0,7.46,31.19,46.72,488,0,50,209,313,670
26116060712,69.4,0,6.05,26.23,42.05,746,0,65,282,452,1075
26116060713,82.06,1.66,8.64,40.53,58.14,247,5,26,122,175,301
26116060714,75.76,0,7.88,32.42,49.39,250,0,26,107,163,330
26116060715,72.88,0,5.61,27.02,41.1,766,0,59,284,432,1051
26116060716,77.66,0.24,11.6,38.12,58.64,984,3,147,483,743,1267
26116060717,76.78,0,9.71,38.92,55.03,1091,0,138,553,782,1421
26116060718,72.87,0,6.12,25,42.55,274,0,23,94,160,376
26116060719,80.96,0,6.41,28.29,45.02,455,0,36,159,253,562
26116060720,73.12,0,6.61,29.56,45.46,653,0,59,264,406,893
26116060721,76.03,0,6.89,33.33,51.65,739,0,67,324,502,972
26116060722,68.82,1.05,7.56,30.87,46.31,1119,17,123,502,753,1626
26116060723,73.78,0,5.46,24.5,40.65,1325,0,98,440,730,1796
26116060724,80.9,0,8.63,36.86,53.42,1622,0,173,739,1071,2005
26116060725,72.94,0,7.35,32.09,45.62,566,0,57,249,354,776
26116060726,74.12,0,7.16,26.1,39.21,673,0,65,237,356,908
26116060727,75.72,0.44,8.53,33.68,52.13,870,5,98,387,599,1149
26116060728,78.7,0,7.41,36.11,57.41,85,0,8,39,62,108
26116060729,75.11,0,8.22,32,48.67,338,0,37,144,219,450
26116060730,82.91,0,9.09,35.27,53.09,228,0,25,97,146,275
26116060731,72.82,0,7.64,34.46,48.13,410,0,43,194,271,563
26116060732,78.96,0,7.23,33.12,49.41,863,0,79,362,540,1093
26116060733,76.39,0,7.39,32.59,47.54,961,0,93,410,598,1258
26116060734,77.04,0,8.44,31.66,42.48,292,0,32,120,161,379
26116060735,73.67,0,5.78,26.94,43.53,484,0,38,177,286,657
26116060736,70.76,0,6.23,29.54,44.85,2362,0,208,986,1497,3338
26116060737,73.28,0.18,8.29,30.55,47.86,1626,4,184,678,1062,2219
26116060738,80.81,0,5.81,29.36,45.64,278,0,20,101,157,344
26116060739,76.16,0,7.95,36.82,52.52,393,0,41,190,271,516
26116060740,75,0,7.64,33.68,57.29,216,0,22,97,165,288
26116060741,75.6,0,9.66,33.43,51.35,1565,0,200,692,1063,2070
26116060742,77.01,0,8.24,35.84,52.1,1373,0,147,639,929,1783
26116060744,71.09,0,7.67,28.91,49.26,241,0,26,98,167,339
26116060745,73.03,0,7.16,28.23,43.4,520,0,51,201,309,712
26116060746,74.72,0,8.52,32.94,48.75,1404,0,160,619,916,1879
26116060747,88.75,0,3.75,31.25,43.75,71,0,3,25,35,80
26116060748,76.97,0,8.43,34.83,53.93,274,0,30,124,192,356
26116060749,70.9,0.44,5.3,26.64,43.92,1445,9,108,543,895,2038
26116060750,73.42,0,8.23,31.65,51.9,116,0,13,50,82,158
26116060751,84.8,0,9.74,39.43,55.34,357,0,41,166,233,421
26116060752,77.09,0,8.62,42.61,59.61,313,0,35,173,242,406
26116060753,74.69,0.71,8.94,34.34,52.57,844,8,101,388,594,1130
26116060754,73.69,0,7.03,32.97,47.75,409,0,39,183,265,555
26116060755,68.37,0.41,4.78,19.69,33.03,830,5,58,239,401,1214
26116060756,72.94,0,4.51,27.32,43.5,275,0,17,103,164,377
26116060757,74.04,0,5.13,21.79,39.74,231,0,16,68,124,312
26116060758,74.65,0,9.43,34.5,50.9,792,0,100,366,540,1061
26116060760,74.58,0,7.63,38.98,53.39,176,0,18,92,126,236
26116060761,78.76,0,9.33,36.27,54.92,152,0,18,70,106,193
26116060762,91.74,0,10.74,33.06,46.28,111,0,13,40,56,121
26116060763,58.06,0,7.53,40.86,51.61,54,0,7,38,48,93
26116060764,71.49,0,8.94,33.76,48.51,504,0,63,238,342,705
26116060765,72.61,0,6.37,20.59,33.55,342,0,30,97,158,471
26116060766,76.8,1.29,6.19,33.25,49.48,298,5,24,129,192,388
26116060767,73.52,0.35,6.8,30.87,43.59,1491,7,138,626,884,2028
26116060768,78.42,0,6.06,30.18,44.71,556,0,43,214,317,709
26116060769,79.26,0,7.93,37.27,51.43,470,0,47,221,305,593
26116060770,79.04,0,10.61,36.36,58.84,313,0,42,144,233,396
26116060771,75.65,0,8.54,30.63,48.7,904,0,102,366,582,1195
26116060772,74.63,0,7.74,30.6,45.79,1312,0,136,538,805,1758
26116060773,81.12,0,7.26,31.33,49.59,391,0,35,151,239,482
26116060774,73.36,0,6.14,26.64,43.64,669,0,56,243,398,912
26116060775,72.47,0,8.77,33.13,48.56,479,0,58,219,321,661
26116060776,74.84,0,5.74,26.94,42.36,3611,0,277,1300,2044,4825
26116060777,79.08,0,7.96,30.18,46.55,1947,0,196,743,1146,2462
26116060778,78.79,0.62,6.33,26.74,41.8,884,7,71,300,469,1122
26116060779,73.61,0,5.69,26.57,40.42,1579,0,122,570,867,2145
26116060780,71.32,0,6.38,26.73,42,771,0,69,289,454,1081
26116060781,77.95,0,5.3,27.03,40.65,1442,0,98,500,752,1850
26116060782,75.51,0,5.42,29.58,42.9,697,0,50,273,396,923
26116060783,64.76,0,6.67,33.33,49.52,68,0,7,35,52,105
26116060784,83.62,0,5.65,32.2,50.28,148,0,10,57,89,177
26116060785,72.25,0,6.03,30.03,44.5,539,0,45,224,332,746
26116060786,65.44,0,7.35,30.88,44.12,89,0,10,42,60,136
26116060787,74.61,0.48,6.98,34.69,50.58,770,5,72,358,522,1032
26116060788,74.02,0,5.39,30.56,45.26,453,0,33,187,277,612
26116060789,70.17,0.21,6.75,27.67,44.48,2308,7,222,910,1463,3289
26116060790,64.98,0,4.69,22.02,37.91,180,0,13,61,105,277
26116060791,71.43,0,5.77,28.85,41.21,260,0,21,105,150,364
26116060792,78.82,0,10.59,40.39,54.51,201,0,27,103,139,255
26116060793,74.27,0,7.13,27.83,43.78,1062,0,102,398,626,1430
26116060794,79.8,0,7.65,38.24,51.76,407,0,39,195,264,510
26116060795,74.16,0,7.05,39.26,56.04,221,0,21,117,167,298
26116060796,79.19,0,4.72,23.55,38.34,1644,0,98,489,796,2076
26116060797,72.83,0,5.72,30.31,44.14,764,0,60,318,463,1049
26116060798,79.08,0,7.52,28.26,44.22,431,0,41,154,241,545
26116060799,73.52,0,6.58,29.05,41.57,458,0,41,181,259,623
26116060800,72.9,0,9.35,32.24,53.74,156,0,20,69,115,214
26116060801,72.51,0,4.53,24.17,43.66,480,0,30,160,289,662
26116060802,68.9,0,4.95,29.68,43.11,195,0,14,84,122,283
26116060803,67.62,0,6.67,24.29,41.43,142,0,14,51,87,210
26116060804,67.81,0.25,5.47,25.96,40.1,2168,8,175,830,1282,3197
26116060805,70.08,0,5.67,27.16,45.13,1014,0,82,393,653,1447
26116060806,74.18,0,8.37,35.13,51.05,1267,0,143,600,872,1708
26116060807,85.86,0,13.47,38.38,59.26,255,0,40,114,176,297
26116060808,73.11,0,7.25,31.72,48.04,242,0,24,105,159,331
26116060809,76.77,0.58,9.09,36.08,52.67,532,4,63,250,365,693
26116060810,72.51,0,9.67,39.51,52.34,712,0,95,388,514,982
26116060811,71.67,0.71,6.79,32.02,49.88,602,6,57,269,419,840
26116060812,68.26,0,5.69,25.89,41.71,828,0,69,314,506,1213
26116060813,77.92,0.24,4.57,25.79,40.69,988,3,58,327,516,1268
26116060814,75.43,0,6.81,32.33,44.8,399,0,36,171,237,529
26116060815,73.86,0,7.94,29.33,45.01,763,0,82,303,465,1033
26116060816,71.03,0.2,6.07,23.88,39.28,1743,5,149,586,964,2454
26116060817,71.83,0,6.77,28.8,45.92,1242,0,117,498,794,1729
26116060818,76.37,0,5.69,26.25,42.12,4547,0,339,1563,2508,5954
26116060819,74.2,0,7.64,28.78,44.29,923,0,95,358,551,1244
26116060820,75.14,0,9.48,30.36,49.16,943,0,119,381,617,1255
26116060821,75.38,0.11,4.66,24.59,37.82,2005,3,124,654,1006,2660
26116060822,74.5,0,5.82,28.25,46.67,704,0,55,267,441,945
26116060823,72.02,0,7.34,27.06,41.51,314,0,32,118,181,436
26116060824,74.15,0,6.21,26.45,38.28,370,0,31,132,191,499
26116060825,70.19,0,6.91,24.84,42.33,325,0,32,115,196,463
26116060826,59.12,0,9.49,32.12,40.88,81,0,13,44,56,137
26116060827,72.94,0,6.6,31.35,47.19,221,0,20,95,143,303
26116060828,75,0,6.16,32.61,49.28,207,0,17,90,136,276
26116060829,76.49,0,8.56,33.24,50.59,1438,0,161,625,951,1880
26116060830,73.94,0,8.3,33.01,49.03,383,0,43,171,254,518
26116060831,70.28,0,4.84,22.33,37.39,1045,0,72,332,556,1487
26116060832,72.92,0,7.43,33.98,51.33,412,0,42,192,290,565
26116060833,65.19,0,4.97,28.73,43.65,236,0,18,104,158,362
26116060834,74.48,0,5.82,24.18,38.36,499,0,39,162,257,670
26116060835,73.74,0,7.62,29.87,46.45,716,0,74,290,451,971
26116060836,78.04,0,8.63,30.59,44.31,199,0,22,78,113,255
26116060837,75.54,0,7.66,35.41,53.24,1470,0,149,689,1036,1946
26116060838,69.54,0,5.32,24.22,37.98,379,0,29,132,207,545
26116060839,80.95,0,8.84,24.49,50.34,119,0,13,36,74,147
26116060840,70.04,0,5.54,26.03,40.65,2123,0,168,789,1232,3031
26116060841,75.31,0,6.74,30.49,44.67,961,0,86,389,570,1276
26116060842,76.44,0,4.89,29.33,42.22,172,0,11,66,95,225
26116060843,70.34,0,5.5,27.09,42.99,1610,0,126,620,984,2289
26116060844,73.56,0,8.22,34,46.89,331,0,37,153,211,450
26116060845,73.81,0,5.36,27.38,45.83,124,0,9,46,77,168
26116060846,88.33,0,8.33,0,0,53,0,5,0,0,60
26116060847,72.44,0,13.46,37.82,57.69,113,0,21,59,90,156
26116060848,76.4,0,14.33,46.35,66.85,272,0,51,165,238,356
26116060849,78.3,0,10.45,33.53,51.08,397,0,53,170,259,507
26116060850,72.03,0.37,9.77,33.63,50.44,981,5,133,458,687,1362
26116060851,78.46,0,7.95,34.1,50.77,306,0,31,133,198,390
26116060852,73.97,0.12,6.02,30.56,45.14,2566,4,209,1060,1566,3469
26116060853,69.71,0,5.59,28.24,42.65,237,0,19,96,145,340
26116060854,63.29,0,5.41,23.65,36.71,281,0,24,105,163,444
26116060855,71.15,0,5.04,29.69,42.58,254,0,18,106,152,357
26116060856,74.29,0,5.39,26.75,41.59,786,0,57,283,440,1058
26116060857,70.46,1.07,4.27,26.33,45.2,198,3,12,74,127,281
26116060858,75,0,4.37,19.84,37.7,189,0,11,50,95,252
26116060859,75.07,0,7.87,26.25,44.62,286,0,30,100,170,381
26116060860,79.29,0,6.47,30.74,46.6,245,0,20,95,144,309
26116060861,65.86,0,7.93,31.03,49.31,191,0,23,90,143,290
26116060862,70.4,1.28,5.76,26.72,41.76,440,8,36,167,261,625
26116060863,78.42,0,4.21,26.05,36.84,298,0,16,99,140,380
26116060864,70.8,0,7.08,27.88,42.92,160,0,16,63,97,226
26116060865,67.43,0.25,5.5,26.82,47.12,1066,4,87,424,745,1581
26116060866,73.2,0,6.63,26.8,40.61,265,0,24,97,147,362
26116060867,79.37,0,6.8,29.66,43.96,677,0,58,253,375,853
26116060868,70.35,0,7.17,28.68,46.12,363,0,37,148,238,516
26116060869,73.02,0.86,5.35,26.98,43.47,341,4,25,126,203,467
26116060870,67.11,0,4.13,21.49,36.2,406,0,25,130,219,605
26116060871,68.51,0,7.7,26.78,44.37,596,0,67,233,386,870
26116060872,71.03,0.67,5.87,23.5,38.32,532,5,44,176,287,749
26116060873,67.9,0,5.19,24.54,40.9,772,0,59,279,465,1137
26116060874,71.97,0,5.44,28.03,42.68,172,0,13,67,102,239
26116060875,75.87,0,7.32,34.59,49.56,1566,0,151,714,1023,2064
26116060876,71.87,0.22,6.8,27.69,43.6,994,3,94,383,603,1383
26116060877,65.77,0,4.98,22.15,37.1,1241,0,94,418,700,1887
26116060878,74.87,0.13,7.02,30.17,45.54,1695,3,159,683,1031,2264
26116060879,73.23,0.12,8.28,32.16,50.46,3654,6,413,1605,2518,4990
26116060880,69.15,1.33,7.45,24.2,41.49,260,5,28,91,156,376
26116060881,69.13,0.74,5.56,25.86,42.33,1393,15,112,521,853,2015
26116060882,75.41,0,5.71,27.99,42.12,555,0,42,206,310,736
26116060883,77.29,0,12.45,39.93,63,211,0,34,109,172,273
26116060884,69.32,0,6.79,32.08,47.07,296,0,29,137,201,427
26116060885,71.31,0.56,6.74,31.32,46.46,2953,23,279,1297,1924,4141
26116060886,75.71,0,7.24,32.82,48.32,293,0,28,127,187,387
26116060887,71.84,0.16,7.14,28.94,45.16,1750,4,174,705,1100,2436
26116060888,67.8,0,5,22,38.8,339,0,25,110,194,500
26116060889,62.69,0,7.51,30.46,46.8,284,0,34,138,212,453
26116060890,73.96,0,7.39,34.25,50.41,1071,0,107,496,730,1448
26116060891,83.18,0,5.91,30.91,50,183,0,13,68,110,220
26116060892,76.37,0.43,4.47,26.08,40.49,530,3,31,181,281,694
26116060893,63.76,0,7.8,31.19,44.95,139,0,17,68,98,218
26116060894,69.44,0,6.17,30.56,45.58,259,0,23,114,170,373
26116060895,70.91,0.6,6.9,29.54,47.08,473,4,46,197,314,667
26116060896,77.01,0,7.16,31.24,50.76,355,0,33,144,234,461
26116060897,76.72,0,3.28,21.79,34.03,257,0,11,73,114,335
26116060898,74,0,7,39,60,74,0,7,39,60,100
26116060899,76.51,0,5.08,22.94,38.74,557,0,37,167,282,728
26116060901,70.87,0,5.51,26.77,39.37,90,0,7,34,50,127
26116060910,72.94,0.47,5.54,28.32,44.3,461,3,35,179,280,632
26116060911,76.6,0,7.49,34.63,51.74,573,0,56,259,387,748
26116060912,76.45,0,8.07,31.32,49.28,1545,0,163,633,996,2021
26125050001,69.13,0,10.54,38.26,57.12,374,0,57,207,309,541
26125050002,74.65,0,18.31,0,0,53,0,13,0,0,71
26125050003,67.12,2.25,12.16,37.39,60.36,149,5,27,83,134,222
26125050004,61.73,0,13.78,35.2,59.18,121,0,27,69,116,196
26125050005,76.05,0,7.78,31.74,49.1,127,0,13,53,82,167
26125050006,62.72,0,11.69,44.84,62.31,456,0,85,326,453,727
26125050008,61.92,0,8.37,42.05,56.69,296,0,40,201,271,478
26137010001,76.22,0,6.84,31.32,46.98,657,0,59,270,405,862
26137010008,68.59,0,9.56,31.71,47.8,452,0,63,209,315,659
26137010009,71.88,0,7.44,31.42,47.51,2743,0,284,1199,1813,3816
26137010010,77.69,0,8.44,34.55,51.67,1003,0,109,446,667,1291
26137010011,77.71,0,7.24,31.52,47.43,816,0,76,331,498,1050
26137010012,73.21,0,4.68,28.09,44.34,563,0,36,216,341,769
26137010013,76.02,0,7.17,30.74,48.57,371,0,35,150,237,488
26137010014,80.3,0,5.91,28.57,48.77,163,0,12,58,99,203
26137010015,62.87,0,6.44,26.24,43.81,254,0,26,106,177,404
26138000001,72.42,0,9.72,39.98,59.17,596,0,80,329,487,823
26153000002,73.29,0,5.63,28.59,41.52,1015,0,78,396,575,1385
26153000003,71.27,0,6.81,30.29,44.96,2186,0,209,929,1379,3067
26153000004,67.09,0,6.72,27.29,43.2,848,0,85,345,546,1264
26154090001,71.53,0,8.68,41.32,61.11,206,0,25,119,176,288
26154090002,67.05,0,7.66,40.61,60.92,175,0,20,106,159,261
26154090003,68.35,0,10.43,40.91,58.26,583,0,89,349,497,853
26164070001,67.04,0,7.98,31.04,49,907,0,108,420,663,1353
26164070002,71.28,0,7.61,33.22,49.48,206,0,22,96,143,289
26164070003,64.52,1.34,9.68,39.78,57.26,240,5,36,148,213,372
26164070004,66.89,0,7.28,33.77,54.97,101,0,11,51,83,151
26164070005,39.58,0,6.94,20.83,35.42,57,0,10,30,51,144
26164070006,63.28,0,7.81,35.94,54.3,162,0,20,92,139,256
27003000001,81.93,0,13.37,46.41,64.11,662,0,108,375,518,808
27003000004,39.53,0,13.95,37.21,51.16,51,0,18,48,66,129
27003000005,NA,NA,NA,NA,NA,0,0,0,0,0,0
27003000007,72.48,0,11.07,37.98,57.61,1296,0,198,679,1030,1788
27003000009,78.38,0,7.43,31.76,50.68,116,0,11,47,75,148
27003000010,60.42,0,9.26,36.84,54.11,287,0,44,175,257,475
27003000012,70.23,0,12.08,37.83,54.64,401,0,69,216,312,571
27003000013,71.11,1.01,7.54,30.9,49.5,283,4,30,123,197,398
27003000014,83.69,0,11.35,36.88,60.99,118,0,16,52,86,141
27005080001,77.27,0,9.55,36.82,55,170,0,21,81,121,220
27005080002,78.57,0,9.4,35.53,50.94,418,0,50,189,271,532
27005080003,76.67,0,12.22,44.44,57.22,138,0,22,80,103,180
27005080004,78.18,0,10.91,46.06,64.24,129,0,18,76,106,165
27005080005,72.52,0,11.26,36.42,53.64,219,0,34,110,162,302
27005080006,82.22,0,7.8,32.76,49.09,675,0,64,269,403,821
27005080009,74.28,0,9.97,44.05,59.16,231,0,31,137,184,311
27023060003,70.26,0,6.92,29.74,45.13,274,0,27,116,176,390
27024050001,NA,NA,NA,NA,NA,0,0,0,0,0,0
27036010001,71.18,0,8.44,40.07,56.41,405,0,48,228,321,569
27036010003,73.06,0,10.61,47.76,66.94,179,0,26,117,164,245
27043020011,72.35,0,6.43,37.3,51.13,225,0,20,116,159,311
27043020014,70.81,0,7.33,32.52,50.83,638,0,66,293,458,901
27043020015,78.92,0,12.05,39.76,61.45,131,0,20,66,102,166
27043020017,67.79,0,7.69,27.88,42.79,141,0,16,58,89,208
27043020019,72.23,0,6.94,31.33,48.97,385,0,37,167,261,533
27043020020,75.52,0,8.89,35.77,55.02,722,0,85,342,526,956
27043020021,73.54,0,8.07,31.17,48.88,328,0,36,139,218,446
27043020022,73.45,0,8.43,34.98,51.35,924,0,106,440,646,1258
27043020024,72.68,0.16,7.69,30.94,49.69,2248,5,238,957,1537,3093
27043020031,74.82,0.84,7.88,31.36,49.37,532,6,56,223,351,711
27043020032,71.04,0,7.63,30.14,45.79,363,0,39,154,234,511
27043020033,70.03,0,8.81,35.23,53.63,811,0,102,408,621,1158
27043020044,73.22,0,8.6,35.29,52.68,834,0,98,402,600,1139
27043020052,72.56,0,14.63,46.95,61.59,119,0,24,77,101,164
27043020054,75.28,0,9.15,32.3,49.07,1571,0,191,674,1024,2087
27043020057,73.25,0,8.73,34.11,52.61,1065,0,127,496,765,1454
27043020062,69.28,0,8.9,36.3,53.62,584,0,75,306,452,843
27043020075,77.59,0,9.05,37.5,51.72,180,0,21,87,120,232
27043020076,71.21,0,11.13,40.61,58.14,512,0,80,292,418,719
27043020078,75.38,0,5.9,29.13,45.32,652,0,51,252,392,865
27043020082,77.5,0,8.91,35.1,53.29,861,0,99,390,592,1111
27043020083,77.03,0.43,8.88,37.92,54.5,711,4,82,350,503,923
27043020084,69.97,1.4,11.41,38.32,56.51,650,13,106,356,525,929
27043020086,78.18,0,6.91,28,42.55,215,0,19,77,117,275
27043020087,77.62,0.21,7.52,31.21,47.96,3708,10,359,1491,2291,4777
27043020089,69.91,0.52,9.47,31,46.69,539,4,73,239,360,771
27043020090,70.95,0,11.49,39.67,58.11,1216,0,197,680,996,1714
27043020093,87.09,0,6.91,30.03,47.75,290,0,23,100,159,333
27043020095,75.11,0.38,10.34,39.75,60.25,1198,6,165,634,961,1595
27043020101,68.11,0.83,10.02,37.23,54.92,408,5,60,223,329,599
27043020103,71.06,0,7.76,31.54,48.95,1282,0,140,569,883,1804
27043020107,69.32,1.29,10.35,36.78,53.23,375,7,56,199,288,541
27043020111,76.07,0,8.04,33.46,53.46,407,0,43,179,286,535
27043020112,74.01,0,8.88,38.98,55.43,450,0,54,237,337,608
27043020113,78.84,0,8.12,33.88,51.19,961,0,99,413,624,1219
27043020115,70.5,0,9,27,48.5,141,0,18,54,97,200
27043020116,72.37,0,8.68,33.42,54.21,275,0,33,127,206,380
27043020119,85.18,0.29,7.36,34.51,53.44,891,3,77,361,559,1046
27043020121,79.03,0,9.55,39.14,54.31,422,0,51,209,290,534
27043020122,72.02,0,7.89,36.57,55.12,520,0,57,264,398,722
27043020123,73.5,0.51,10.94,34.7,55.21,430,3,64,203,323,585
27043020124,75.4,0,8.28,38.16,53.79,328,0,36,166,234,435
27043020125,76,0,9.26,40.11,55.89,665,0,81,351,489,875
27043020128,76.1,0,6.93,32.63,50.3,758,0,69,325,501,996
27043020129,71.51,0,8.79,34.1,52.21,1082,0,133,516,790,1513
27043020130,76.11,0,5.31,32.74,50.44,86,0,6,37,57,113
27043020131,70.45,0,8.44,37.55,54.15,484,0,58,258,372,687
27043020132,69.42,0,7.55,32.09,50,690,0,75,319,497,994
27043020133,74.38,0,7.84,34.8,50.1,389,0,41,182,262,523
27043020134,70.9,0,7.41,34.92,50.26,134,0,14,66,95,189
27043020135,69.03,0,8.85,29.65,50.44,156,0,20,67,114,226
27043020136,78.93,0,7.97,34.05,53.3,693,0,70,299,468,878
27043020138,73.21,0,9.28,34.75,51.46,276,0,35,131,194,377
27043020139,77.42,0,8.88,33.94,51.73,1875,0,215,822,1253,2422
27043020140,73.83,0.4,8.26,32.04,53.03,742,4,83,322,533,1005
27043020141,77.9,0,8.2,34.17,50.34,342,0,36,150,221,439
27043020142,73.05,0,6.46,30.01,47.9,645,0,57,265,423,883
27043020143,73.39,0.81,8.87,35.48,50.27,273,3,33,132,187,372
27043020144,76.18,0,9.4,31.97,49.53,243,0,30,102,158,319
27043020145,75.93,0,13.15,40.93,54.07,410,0,71,221,292,540
27043020147,75.88,0,8.59,36.12,54.4,1872,0,212,891,1342,2467
27043020148,77.19,0,8.69,32.94,53.59,1181,0,133,504,820,1530
27043020149,71.67,0,6.23,26.84,42.54,817,0,71,306,485,1140
27043020150,78.53,0,9.18,32.34,52.65,607,0,71,250,407,773
27043020151,74.42,0,6.8,34.97,53.33,547,0,50,257,392,735
27043020152,74.52,0,5.1,30.57,44.59,117,0,8,48,70,157
27043020153,74.07,0,5.82,29.63,40.74,140,0,11,56,77,189
27043020154,81.61,0,9.28,31.17,49.21,466,0,53,178,281,571
27043020155,75.54,0.76,9.46,39.85,57.5,599,6,75,316,456,793
27043020156,74.92,0.51,10.61,37.88,55.56,445,3,63,225,330,594
27043020158,76.97,0.34,7.63,33.88,51.25,1604,7,159,706,1068,2084
27043020159,76.44,0,6.9,39.66,54.02,133,0,12,69,94,174
27043020160,73.93,0,6.84,30.34,40.17,173,0,16,71,94,234
27043020161,79.2,0,7.96,32.96,46.02,358,0,36,149,208,452
27043020162,72.63,0,9.75,33.92,53.42,499,0,67,233,367,687
27043020163,76.47,0,11.18,35.29,57.65,130,0,19,60,98,170
27043020165,72.92,0,10.58,36.61,55.28,3191,0,463,1602,2419,4376
27043020166,74.38,0,8.95,35.39,52.78,1736,0,209,826,1232,2334
27043020167,70.67,0.43,7.86,35.6,53.67,665,4,74,335,505,941
27043020168,75.6,0,9.5,32.91,50.92,533,0,67,232,359,705
27043020175,71.5,0,6.84,30.81,50.94,1641,0,157,707,1169,2295
27043020177,80.71,0,6.43,27.86,43.57,113,0,9,39,61,140
27043020178,85.38,0,7.6,24.56,42.11,146,0,13,42,72,171
27043020181,75.91,0,6.82,34.09,45.91,167,0,15,75,101,220
27043020183,80.53,0,7.08,25.66,41.59,91,0,8,29,47,113
27043020184,80.35,0,7.72,38.25,52.63,229,0,22,109,150,285
27043020185,73.5,0,9,34,56,147,0,18,68,112,200
27043020186,71.68,0,7.67,29.79,54.57,243,0,26,101,185,339
27043020188,74.09,0,7.03,34.38,49.48,569,0,54,264,380,768
27043020192,75.73,0,8.04,31.77,49.62,3051,0,324,1280,1999,4029
27043020193,75.35,0,6.95,31.26,48.3,1128,0,104,468,723,1497
27043020200,74.75,0,8.08,33.33,55.56,74,0,8,33,55,99
27043020201,77.27,0,8.64,34.36,50.91,724,0,81,322,477,937
27043020202,72.83,1.57,9.06,33.07,52.36,185,4,23,84,133,254
27043020203,71.02,0.37,6.39,28.98,44.61,2135,11,192,871,1341,3006
27043020207,68.17,1.33,10.88,33.95,51.99,257,5,41,128,196,377
27043020208,69.9,0,9.49,32.73,52.12,346,0,47,162,258,495
27043020210,68.97,0.23,5.85,26.11,40.93,1178,4,100,446,699,1708
27043020211,74.38,0,5.5,25.24,39.47,392,0,29,133,208,527
27043020212,71.91,0,10.67,37.64,54.49,128,0,19,67,97,178
27043020213,71.55,0,6.47,30.32,45.11,498,0,45,211,314,696
27043020218,71.12,0.38,6.68,30.26,47.29,564,3,53,240,375,793
27043020219,69.43,0.52,5.94,27.17,42.91,1063,8,91,416,657,1531
27043020220,69.51,0,8.52,30.94,55.16,155,0,19,69,123,223
27043020221,66.47,0,7.78,35.63,50.9,222,0,26,119,170,334
27043020222,69.38,0,10,29.38,52.5,111,0,16,47,84,160
27043020223,67.35,0,9.12,33.53,48.53,229,0,31,114,165,340
27043020224,71.81,0,7.94,33.16,51.77,1401,0,155,647,1010,1951
27043020226,75.89,0,10.57,38.24,58.08,639,0,89,322,489,842
27043020227,71.18,0,11.03,39.35,62.16,284,0,44,157,248,399
27043020229,73.48,0,7.95,28.41,46.59,194,0,21,75,123,264
27043020230,76.24,0,9.15,35.79,54.57,475,0,57,223,340,623
27043020231,73.2,0,8.15,29.4,48.17,620,0,69,249,408,847
27043020232,71.67,0,7.14,30.05,48.03,291,0,29,122,195,406
27043020233,72.86,0,5.24,31.9,45.71,153,0,11,67,96,210
27043020234,73.52,0,8.7,42.69,56.92,186,0,22,108,144,253
27043020235,76.86,0.44,7.71,34.64,50.8,528,3,53,238,349,687
27043020236,67.68,0,9.6,27.78,50.51,134,0,19,55,100,198
27043020237,65.74,0,6.37,29.08,42.63,165,0,16,73,107,251
27043020238,70.61,0.41,5.71,29.86,45.11,1199,7,97,507,766,1698
27043020241,78.9,0,6.33,32.71,49,673,0,54,279,418,853
27043020242,62.96,0,10,33.7,57.78,170,0,27,91,156,270
27043020245,71.25,0,4.07,27.99,44.02,280,0,16,110,173,393
27043020246,73.04,0,10,33.91,52.61,168,0,23,78,121,230
27043020249,74.25,0.58,7.66,35.15,50.81,640,5,66,303,438,862
27043020250,78.55,0.55,9.27,40.18,56.18,432,3,51,221,309,550
27043020252,69.54,0,7.81,29.14,46.49,525,0,59,220,351,755
27043020254,77.44,0,12.96,46.46,65.49,460,0,77,276,389,594
27043020257,70.92,0,5.1,24.49,40.31,139,0,10,48,79,196
27043020261,70.24,0,7.14,28.06,45.24,413,0,42,165,266,588
27043020263,75.03,0.81,5.94,30.01,44.61,745,8,59,298,443,993
27043020264,70.11,0,6.64,27.31,49.45,190,0,18,74,134,271
27043020267,63.99,0,6.42,26.56,47.95,359,0,36,149,269,561
27043020268,70.89,0,6.07,28.23,47.23,806,0,69,321,537,1137
27043020270,73.07,0,7.12,28.77,45.91,955,0,93,376,600,1307
27043020271,71.2,0.09,6.44,29.55,47.25,2265,3,205,940,1503,3181
27043020274,77.59,0,7.47,31.61,46.55,135,0,13,55,81,174
27043020275,74.55,0,7.88,35.76,50.3,123,0,13,59,83,165
27043020279,71.75,0,3.35,21.19,35.32,193,0,9,57,95,269
27043020280,77.27,0,3.64,18.18,38.18,85,0,4,20,42,110
27043020281,80.42,0,7.39,32.82,49.14,838,0,77,342,512,1042
27043020286,73.65,0,7.64,20.94,39.41,299,0,31,85,160,406
27043020292,80.97,0,5.67,27.53,42.91,200,0,14,68,106,247
27043020293,72.3,0.93,8.55,33.83,48.14,389,5,46,182,259,538
27043020296,70.78,0,4.94,27.16,39.09,172,0,12,66,95,243
27043020297,76.71,0,10.96,39.73,58.9,56,0,8,29,43,73
27043020304,71.92,0,6.15,31.54,47.31,187,0,16,82,123,260
27043020305,79.58,0,8.38,36.65,57.59,152,0,16,70,110,191
27043020306,69.77,0,6.68,27.42,46.57,397,0,38,156,265,569
27043020307,69.85,0,4.77,27.77,45.12,322,0,22,128,208,461
27043020310,75.61,0,7.63,33.74,52.85,1060,0,107,473,741,1402
27043020311,76.77,0,6.42,36.06,53.32,347,0,29,163,241,452
27043020312,86.44,0,10.73,37.29,58.19,153,0,19,66,103,177
27043020313,73.09,0,9.23,39.84,60.16,277,0,35,151,228,379
27043020315,78.41,0,8.17,35.09,51.76,1133,0,118,507,748,1445
27043020316,76.87,0,6.35,28.34,50.44,605,0,50,223,397,787
27043020317,73.56,0,8.78,33.86,52.38,1299,0,155,598,925,1766
27043020318,77.98,0,4.59,23.85,0,85,0,5,26,0,109
27043020319,74.4,0.16,8.57,33.49,49.84,1424,3,164,641,954,1914
27043020320,67.53,3.03,5.19,32.47,53.25,156,7,12,75,123,231
27043020321,74.7,0,5.53,27.27,50.59,189,0,14,69,128,253
27043020322,69.57,0,8.3,35.57,51.38,176,0,21,90,130,253
27043020323,83.98,0,5.83,34.95,52.91,173,0,12,72,109,206
27043020325,64.13,0,13.04,39.13,59.78,59,0,12,36,55,92
27043020326,74.28,0.07,8.1,35.9,53.81,3284,3,358,1587,2379,4421
27043020327,77.54,0.18,8.53,34.09,51.95,3473,8,382,1527,2327,4479
27043020329,73.06,0,5.71,24.49,39.59,179,0,14,60,97,245
27043020331,83.19,0,13.27,40.71,63.72,94,0,15,46,72,113
27043020333,81.72,0,9.68,32.8,53.76,152,0,18,61,100,186
27043020335,76.68,0,7.2,34.59,50.86,490,0,46,221,325,639
27043020336,74.26,0,10.11,35.77,53.11,955,0,130,460,683,1286
27043020338,82.93,0,11.38,39.84,60.98,102,0,14,49,75,123
27043020340,78.64,0,12.17,39.47,58.16,265,0,41,133,196,337
27043020344,75.29,0,10.92,35.06,52.87,131,0,19,61,92,174
27043020345,75.78,0,7.45,26.71,46.58,122,0,12,43,75,161
27043020346,74.75,0,9.43,31.48,51.35,444,0,56,187,305,594
27043020349,80.24,0,12.31,42.29,62.39,463,0,71,244,360,577
27043020353,64.2,1.56,7.39,34.24,50.58,165,4,19,88,130,257
27043020354,68.98,0,7.07,31.15,45.42,527,0,54,238,347,764
27043020355,74.54,0.21,9.38,33.71,52.82,1057,3,133,478,749,1418
27043020356,78,0,9.5,30,49,156,0,19,60,98,200
27043020359,72.68,0,4.88,30.24,52.2,149,0,10,62,107,205
27043020363,74.84,0,6.51,32.1,50.98,345,0,30,148,235,461
27043020364,70,0.29,8.08,32.98,50.48,728,3,84,343,525,1040
27043020366,73.85,0,6.71,39.58,58.3,209,0,19,112,165,283
27043020367,65.35,0,11.88,41.58,61.39,66,0,12,42,62,101
27043020369,83.27,0,9.25,42.35,58.36,234,0,26,119,164,281
27043020371,78.09,0,8.11,29.41,49.29,385,0,40,145,243,493
27043020372,68.4,0,8.74,32.82,50.15,446,0,57,214,327,652
27043020374,70.24,2.38,8.93,26.19,50,118,4,15,44,84,168
27043020375,78.06,0.58,11.65,37.09,57.28,402,3,60,191,295,515
27043020376,78.02,0,8.06,32.23,48.35,213,0,22,88,132,273
27045000001,76.41,0,9.77,37.24,54.6,946,0,121,461,676,1238
27045000002,74.15,0,9.62,41.24,60.47,347,0,45,193,283,468
27045000004,79.81,0,8.95,40.95,55.43,419,0,47,215,291,525
27045000008,75.09,0,11.52,42.75,59.11,202,0,31,115,159,269
27045000009,83.03,0,10.09,43.58,63.3,181,0,22,95,138,218
27045000010,78.07,0,13.55,46.93,65.5,559,0,97,336,469,716
27047080001,79.6,0,10.1,41.62,60,394,0,50,206,297,495
27047080003,76.05,0,9.51,40.68,60.08,200,0,25,107,158,263
27047080005,89.73,0,10.27,38.01,54.11,262,0,30,111,158,292
27047080019,75,0,7.59,37.24,57.07,435,0,44,216,331,580
27047080020,67.46,0,10.71,36.9,56.35,170,0,27,93,142,252
27051010004,77.75,0,13.52,50.99,66.76,276,0,48,181,237,355
27063070002,73.3,3.66,10.47,38.74,58.12,140,7,20,74,111,191
27063070004,44.63,28.93,9.92,28.93,52.89,54,35,12,35,64,121
27064480001,76.85,0.58,12.45,35.21,55.84,395,3,64,181,287,514
27067030001,80.89,0,8.28,45.86,61.78,127,0,13,72,97,157
27067030002,81.48,1.17,11.25,40.8,58.26,695,10,96,348,497,853
27067030003,87.43,0,7.43,36,48,153,0,13,63,84,175
27073050001,71.49,0,7.23,31.73,45.78,178,0,18,79,114,249
27074040001,82.35,0,8.17,39.22,58.17,252,0,25,120,178,306
27074040003,96.62,0,9.8,35.81,54.73,286,0,29,106,162,296
27074040006,88.98,0,10.73,37.85,59.6,315,0,38,134,211,354
27077010001,75.05,0,11.51,39.13,56.08,704,0,108,367,526,938
27077010003,78.98,0,10.81,38.74,55.86,263,0,36,129,186,333
27077010004,73.02,0,10.83,35.51,52.26,728,0,108,354,521,997
27077010005,74.6,0,10.58,43.92,59.26,141,0,20,83,112,189
27077010010,72.04,0.38,7.18,30.73,45.47,572,3,57,244,361,794
27077010011,81.3,0,7.83,33.26,50.65,374,0,36,153,233,460
27077010012,64.76,0,12.33,37.89,56.83,147,0,28,86,129,227
27077010013,84.66,0,11.11,41.27,59.26,160,0,21,78,112,189
27085010001,94.46,0,9.23,35.38,54.15,307,0,30,115,176,325
27085010002,77.72,0,10.77,42.43,59.05,1674,0,232,914,1272,2154
27085010003,72.55,0,10.08,41.18,58.54,259,0,36,147,209,357
27085010006,67.88,0,8.76,35.04,54.74,186,0,24,96,150,274
27085010007,79.73,0,11.49,47.3,62.16,118,0,17,70,92,148
27085010008,73.39,0,7.11,36.24,52.29,320,0,31,158,228,436
27085010010,71.84,0,5.17,31.9,50,250,0,18,111,174,348
27085010014,73.27,0,11.92,41.73,59.23,381,0,62,217,308,520
27087090001,79.91,0,10.27,36.16,54.02,179,0,23,81,121,224
28003080004,77.84,0.53,7.98,36.35,55.85,439,3,45,205,315,564
28003080006,80.06,0.14,8.76,38.25,55.27,5820,10,637,2781,4018,7270
28003080007,91.53,0,6.2,30.86,50.53,605,0,41,204,334,661
28003080008,83.43,0,6.7,31.1,46,448,0,36,167,247,537
28003080009,75.51,0.31,7.7,31.42,48.54,3696,15,377,1538,2376,4895
28003080010,81.87,0,7.42,29.4,49.45,298,0,27,107,180,364
28003080011,86.5,0.32,10.69,39.47,54.74,1076,4,133,491,681,1244
28003080014,81.25,0,9.03,34.72,47.92,117,0,13,50,69,144
28003080016,79.06,0.11,7,29.87,48.2,8235,11,729,3111,5021,10416
28003080017,78.86,0,6.87,30.43,47.9,2089,0,182,806,1269,2649
28003080018,79.33,0,6.21,28.79,49.46,664,0,52,241,414,837
28003080019,75.73,0.62,7.15,32.83,51.1,858,7,81,372,579,1133
28003080021,73.26,5.04,7.36,34.88,55.81,189,13,19,90,144,258
28003080022,75.13,0,8.62,32.3,49.74,2021,0,232,869,1338,2690
28003080023,76.49,0,6.28,27.21,40.74,475,0,39,169,253,621
28003080026,79.57,0,9.67,38.48,54.08,1464,0,178,708,995,1840
28003080027,78.94,0.88,7.19,32.91,52.21,626,7,57,261,414,793
28003080028,79.06,0,9.51,36.17,54.25,1106,0,133,506,759,1399
28003080029,78.59,0.49,8.82,33.33,51.14,481,3,54,204,313,612
28003080030,82.22,0.33,7.85,36.42,53.87,754,3,72,334,494,917
28003080031,83.4,0.35,8.82,34.87,51.19,1191,5,126,498,731,1428
28003080032,77.34,0.3,7.28,30.87,48.12,4079,16,384,1628,2538,5274
28003080033,78.84,0.9,7.78,32.22,48.2,1490,17,147,609,911,1890
28003080034,78.41,0.26,7.11,34.12,50.18,1489,5,135,648,953,1899
28003080035,78.6,0.77,6.98,30.73,47.07,2453,24,218,959,1469,3121
28003080036,80.38,0,8.87,36.25,54.21,1450,0,160,654,978,1804
28003080037,69.29,0,6.37,30.71,47.19,185,0,17,82,126,267
28003080038,89.79,0,10.21,38,54.16,378,0,43,160,228,421
28003080039,79.43,0,11.35,43.97,58.16,112,0,16,62,82,141
28003080040,81.63,0,12.65,40.96,55.12,271,0,42,136,183,332
28003080041,77.91,0,13.95,47.29,63.57,201,0,36,122,164,258
28003080042,74.62,8.46,6.15,32.31,52.31,97,11,8,42,68,130
28003080043,75.55,0,4.67,29.12,46.15,275,0,17,106,168,364
28003080046,72.28,3.96,4.46,32.18,48.51,146,8,9,65,98,202
28003080047,74.85,0,8.38,30.84,50,250,0,28,103,167,334
28003080052,77.82,0,4.95,27.13,45.74,393,0,25,137,231,505
28003080053,79.67,0,6.26,29.79,45.84,968,0,76,362,557,1215
28003080054,75.68,0.86,5.58,26.61,42.2,529,6,39,186,295,699
28003080056,71.39,1,7.21,25.62,45.77,287,4,29,103,184,402
28003080058,72.5,0,3.75,0,0,58,0,3,0,0,80
28003080059,77.56,1.6,8.97,36.54,52.56,242,5,28,114,164,312
28003080060,80.35,0,12.39,41.59,58.58,454,0,70,235,331,565
28003080061,79.96,0.27,12.5,40.16,58.16,902,3,141,453,656,1128
28003080063,83.49,0,7.6,29.96,48.68,1396,0,127,501,814,1672
28003080064,78.07,0,8.4,35.25,53.89,381,0,41,172,263,488
28003080065,79.38,0.43,8.45,37.59,53.71,1305,7,139,618,883,1644
28003080066,83.98,0,7.73,36.46,55.8,152,0,14,66,101,181
28003080067,78.08,0,8.79,35.74,52.81,791,0,89,362,535,1013
28003080068,82.1,0,7,33.38,48.72,610,0,52,248,362,743
28003080069,77.88,0,9.73,33.33,55.46,264,0,33,113,188,339
28003080072,79.49,0,8.24,33.29,49.89,1853,0,192,776,1163,2331
28003080074,71.43,1.35,6.74,28.84,46.63,265,5,25,107,173,371
28003080076,76.03,0,8.51,37.16,53.62,536,0,60,262,378,705
28003080077,76.52,0.41,6.35,29.14,47.38,1108,6,92,422,686,1448
28003080079,78.05,0.51,8.22,30.17,50.08,921,6,97,356,591,1180
28003080080,80.15,0.2,8.61,35.19,51.83,2403,6,258,1055,1554,2998
28003080081,77.94,0.84,9.87,36.34,53.15,371,4,47,173,253,476
28003080083,86.2,0.26,8.91,40.87,56.94,987,3,102,468,652,1145
28003080084,76.65,0,6.11,22.26,36.05,489,0,39,142,230,638
28003080085,79.61,0,8.91,36.56,51.81,527,0,59,242,343,662
28003080086,76.97,0,8.71,25.84,40.17,274,0,31,92,143,356
28003080087,80.24,0,9.27,36.29,51.61,199,0,23,90,128,248
28003080089,82.49,0,4.52,22.03,40.68,146,0,8,39,72,177
28003080090,81.3,0,6.3,34.45,51.47,387,0,30,164,245,476
28003080091,81.87,0,6.6,29.75,45.22,831,0,67,302,459,1015
28003080092,76.84,0,6.24,29.41,48.54,763,0,62,292,482,993
28003080093,79.7,0,9.19,33.55,52.78,373,0,43,157,247,468
28003080095,79.78,0,8.46,33.54,52.82,509,0,54,214,337,638
28003080096,78.57,0,8.76,35.71,55.3,341,0,38,155,240,434
28003080097,87.19,0,6.61,35.12,48.76,211,0,16,85,118,242
28003080098,89.3,0,5.58,28.84,47.44,192,0,12,62,102,215
28003080102,79.64,0,10.69,37.4,54.23,790,0,106,371,538,992
28003080103,73.59,0,7.95,32.05,47.18,287,0,31,125,184,390
28003080104,81.88,0,8.71,38.15,55.92,470,0,50,219,321,574
28003080105,76.07,0,12.46,45.57,59.34,232,0,38,139,181,305
28003080106,75.33,0.44,5.09,24.34,43.14,681,4,46,220,390,904
28003080107,87.25,0,13.6,32.29,47.59,308,0,48,114,168,353
28003080108,78.72,0,4.34,28.77,45.6,725,0,40,265,420,921
28003080110,76.74,0.71,6.85,33.29,49.47,650,6,58,282,419,847
28003080111,74.93,2.28,6.27,30.2,42.74,263,8,22,106,150,351
28003080113,79.45,0,7.45,30.46,47.6,1771,0,166,679,1061,2229
28003080114,81.76,0.48,9.43,36.65,56.93,2367,14,273,1061,1648,2895
28003080115,63.1,3.21,4.81,27.27,39.04,118,6,9,51,73,187
28003080117,82.74,0,7.14,27.98,48.21,139,0,12,47,81,168
28003080118,82.51,0.54,8.34,34.58,51.63,1849,12,187,775,1157,2241
28003080119,80.73,0,6.42,31.19,0,88,0,7,34,0,109
28003080120,83.02,0,14.15,39.62,60.38,88,0,15,42,64,106
28003080121,83.66,0,10.4,37.62,55.94,169,0,21,76,113,202
28003080122,80.8,0,10.54,34.89,54.33,345,0,45,149,232,427
28003080123,80.71,0,6.43,32.86,49.29,113,0,9,46,69,140
28003080124,87.4,0,7.09,26.38,42.91,222,0,18,67,109,254
28003080125,80.47,0,6.25,34.38,51.95,206,0,16,88,133,256
28003080126,88.3,0,12.77,38.3,69.15,83,0,12,36,65,94
28003080127,73.47,0,10.2,38.78,0,36,0,5,19,0,49
28003080128,79.35,0.18,6.54,28.9,45.52,1771,4,146,645,1016,2232
28006050002,82.33,0,12.93,39.12,56.47,261,0,41,124,179,317
28006050004,76.67,0,4.44,28.89,42.22,69,0,4,26,38,90
28006050006,84.27,0.64,7.03,31.33,47.31,659,5,55,245,370,782
28006050007,81.55,0,9.43,34.8,51.57,389,0,45,166,246,477
28006050008,79.09,0,8.07,34.58,49.89,1793,0,183,784,1131,2267
28015040001,85.86,0,6.68,30.33,47.04,334,0,26,118,183,389
28021060002,81.71,0,8.85,37.46,51.62,277,0,30,127,175,339
28021060003,90.11,0,9.89,43.32,59.89,337,0,37,162,224,374
28021060004,82.26,0,8.47,34.68,50,204,0,21,86,124,248
28021060005,81.18,0,8.82,35.88,52.35,138,0,15,61,89,170
28021060006,80.37,0,6.66,25.12,36.94,483,0,40,151,222,601
28021060009,87.39,0,8.11,34.68,44.59,194,0,18,77,99,222
28021060010,87.89,0,6.73,34.08,49.33,196,0,15,76,110,223
28036090001,82.88,0,6.05,31.52,47.81,397,0,29,151,229,479
28036090002,89.47,0,7.89,34.21,53.51,102,0,9,39,61,114
28036090003,85.31,0,4.49,30.61,47.35,209,0,11,75,116,245
28036090004,84.09,0,10.61,45.45,58.33,111,0,14,60,77,132
28036090005,76.14,0,7.11,28.93,46.7,150,0,14,57,92,197
28036090006,85.11,0.85,7.63,30.63,43.7,703,7,63,253,361,826
28036090007,81.56,0,7.09,29.79,46.1,115,0,10,42,65,141
28036090008,93.42,0,7.89,31.58,49.34,284,0,24,96,150,304
28040030001,82.91,0,6.41,39.74,54.7,194,0,15,93,128,234
28040030002,84.16,0,8.8,37.4,55.23,765,0,80,340,502,909
28040030003,76.25,0,10,35,51.25,122,0,16,56,82,160
28044090001,75.88,0,4.02,28.14,42.71,151,0,8,56,85,199
28048050001,81.84,0,8.96,30.1,49,329,0,36,121,197,402
28048050002,74.51,0,9.8,34.51,51.37,190,0,25,88,131,255
28048050003,80.05,0.27,8.15,36.45,51.67,4124,14,420,1878,2662,5152
28048050004,81.15,0,9.13,35.42,54.46,818,0,92,357,549,1008
28048050006,79.31,0,8.32,37.53,56.8,782,0,82,370,560,986
28048050007,79.26,0,9.13,39.55,57.49,990,0,114,494,718,1249
28048050008,75.98,0,7.64,32.43,50.81,984,0,99,420,658,1295
28048050009,76.89,0,7.53,32.1,50.3,1940,0,190,810,1269,2523
28048050010,79.03,0,7.73,35.81,51.91,746,0,73,338,490,944
28048050011,80.91,0.49,9.03,36.22,54.59,1488,9,166,666,1004,1839
28048050013,81.76,0,8.48,36.16,53.34,771,0,80,341,503,943
28048050014,76.46,0,7.46,33.63,50.88,523,0,51,230,348,684
28048050015,81.33,0,8.26,36.91,52.68,758,0,77,344,491,932
28048050016,81.12,0,7.7,34.27,48.39,1212,0,115,512,723,1494
28048050017,78.71,0.21,8,30.63,47.97,1475,4,150,574,899,1874
28048050018,80.34,0.78,5.93,24.18,30.89,515,5,38,155,198,641
28048050023,76.97,0,7.97,32.97,48.13,782,0,81,335,489,1016
28048050024,80.72,0,8.4,37.01,50.86,519,0,54,238,327,643
28048050026,83.16,1.34,16.84,48.93,67.11,311,5,63,183,251,374
28048050027,79,0,14.8,38.6,47.8,395,0,74,193,239,500
28048050028,88.34,0,9.2,31.29,46.63,144,0,15,51,76,163
28048050030,81.72,0,6.34,33.69,47.43,541,0,42,223,314,662
28048050031,95.12,0,7.32,42.28,51.22,117,0,9,52,63,123
28048050032,88.95,0,12.15,46.96,67.4,161,0,22,85,122,181
28048050034,85.83,0,12.6,31.5,44.88,109,0,16,40,57,127
28048050036,87.22,0,8.97,35.65,50.67,389,0,40,159,226,446
28048050038,73.9,0,5.14,30.1,45.33,388,0,27,158,238,525
28048050039,77.37,1.34,9.88,32.82,51.85,752,13,96,319,504,972
28048050040,82.26,0,6.79,41.51,60,218,0,18,110,159,265
28048050041,76.42,0,8.96,39.12,57.04,418,0,49,214,312,547
28048050042,80.29,1.92,7.69,31.97,50.24,334,8,32,133,209,416
28048050043,81.77,0.96,9.6,36.85,54.7,426,5,50,192,285,521
28048050044,77.51,0.89,7.91,29.29,47.86,1048,12,107,396,647,1352
28048050045,81.17,0,8.07,33.86,51.35,362,0,36,151,229,446
28048050047,77.2,2.12,11.76,38.67,56.66,545,15,83,273,400,706
28048050048,84.49,0,12.24,35.92,54.69,207,0,30,88,134,245
28048050049,87.23,0,5.67,29.08,46.1,123,0,8,41,65,141
28048050050,76.39,0,9.03,37.72,52.93,482,0,57,238,334,631
28048050051,80.21,0,8.93,35.38,46.06,458,0,51,202,263,571
28048050052,75,0.44,10.53,35.96,55.12,513,3,72,246,377,684
28048050053,73.98,2.44,4.07,32.52,45.53,91,3,5,40,56,123
28048050054,90.19,0,8.41,35.05,56.31,386,0,36,150,241,428
28048050055,74.69,0,12.45,38.17,56.85,180,0,30,92,137,241
28048050056,83.15,0,8.56,30.39,43.92,301,0,31,110,159,362
28059010001,79.32,0,9.26,46.3,60.8,257,0,30,150,197,324
28059010003,87.57,0,8.11,33.51,44.86,162,0,15,62,83,185
28059010004,93.1,0,10.34,43.97,65.52,108,0,12,51,76,116
28061070001,83.71,0,9.43,35.71,53.71,293,0,33,125,188,350
28061070002,83.22,0,8.05,30.87,50.34,124,0,12,46,75,149
28061070003,75,0,3.7,29.63,46.3,81,0,4,32,50,108
28066020001,73.83,0,10.28,52.34,72.9,79,0,11,56,78,107
28067010001,85.43,0,10.53,44.53,59.92,211,0,26,110,148,247
28067010002,85.54,0,11.24,47.79,67.07,213,0,28,119,167,249
28067010003,80.84,0,11.09,41.51,58.57,1042,0,143,535,755,1289
28067010004,75.42,4.34,7.95,34.94,54.7,313,18,33,145,227,415
28067010005,80.73,0,7.55,30.21,47.4,310,0,29,116,182,384
28067010006,75.7,0,8.81,34.89,51.31,894,0,104,412,606,1181
28067010007,76.33,0,7.37,30.95,48.42,2661,0,257,1079,1688,3486
28067010008,81.55,0,7.67,31.4,50.05,787,0,74,303,483,965
28067010009,87.15,0,4.37,25.71,41.65,339,0,17,100,162,389
28067010010,81.89,0,9.61,39.19,55.08,443,0,52,212,298,541
28067010012,88.32,0,9.49,37.23,54.74,121,0,13,51,75,137
28067010013,81.45,0,7.83,35.07,51.88,281,0,27,121,179,345
28067010014,93.02,0,6.2,30.23,47.29,120,0,8,39,61,129
28067010017,79.97,0,10.49,39.12,52.43,511,0,67,250,335,639
29021040001,80.5,0,11.32,42.14,63.52,128,0,18,67,101,159
29021040002,77.36,0,8.81,38.99,57.23,123,0,14,62,91,159
29032010007,84.45,0,9.44,40.6,57.62,1092,0,122,525,745,1293
29032010008,83.11,0,9.07,39.13,56.19,1476,0,161,695,998,1776
29032010010,78.61,0,7.4,32.01,49.31,1540,0,145,627,966,1959
29032010011,85.2,0,9.36,38.27,56.01,610,0,67,274,401,716
29032010012,74.36,0.58,7.69,32.05,48.95,638,5,66,275,420,858
29032010013,84.57,0,8.9,36.33,54.23,789,0,83,339,506,933
29032010014,84.36,0,10.64,37.77,56.7,793,0,100,355,533,940
29032010015,72.03,1.34,9.88,40.03,53.6,430,8,59,239,320,597
29032010017,74.4,0.89,11.01,36.61,54.46,250,3,37,123,183,336
29057010001,85.43,0.23,7.57,31.25,48.53,4897,13,434,1791,2782,5732
29057010002,90.62,0,7.64,32.73,49.05,1044,0,88,377,565,1152
29057010003,93.63,0,6.95,29.67,48.41,1294,0,96,410,669,1382
29057010004,91.72,0,6.45,31.74,49.47,1650,0,116,571,890,1799
29057010005,88.05,1.59,9.06,35.11,50.51,943,17,97,376,541,1071
29057010006,85.38,2.11,6.82,30.36,48.33,689,17,55,245,390,807
29057010007,85.52,0.59,5.28,31.12,41.49,437,3,27,159,212,511
29057010008,91.11,0.64,7.47,35.82,48.45,707,5,58,278,376,776
29057010009,88.41,0.58,8.7,36.15,53.65,1839,12,181,752,1116,2080
29057010012,89.53,0,8.78,35.81,50,265,0,26,106,148,296
29057010013,85.28,0.26,7.81,32.18,45.35,5647,17,517,2131,3003,6622
29057010014,90.13,0,12,39.2,55.2,338,0,45,147,207,375
29057010015,85.59,0.55,7.59,34.76,50.55,1556,10,138,632,919,1818
29057010016,87.64,0.25,6.39,27.73,42.89,2070,6,151,655,1013,2362
29057010017,84.88,0,5.86,28.46,43.67,999,0,69,335,514,1177
29057010018,88.65,0,6.54,31.25,47.99,1546,0,114,545,837,1744
29057010019,92.76,0,6.22,23.88,41.84,909,0,61,234,410,980
29057010020,79.47,0,3.81,23.46,43.11,271,0,13,80,147,341
29057010021,85.02,0,4.67,22.76,32.88,437,0,24,117,169,514
29057010022,86.17,0.25,7.63,32.77,45.55,4463,13,395,1697,2359,5179
29057010023,82.45,0,6.24,29.59,46.48,1137,0,86,408,641,1379
29057010024,83.79,1.3,7.64,34.1,50.75,1349,21,123,549,817,1610
29057010025,88.55,0,7,35.24,51.02,696,0,55,277,401,786
29057010026,87.84,1.08,6.76,30.54,47.84,325,4,25,113,177,370
29057010027,93.19,0,8.45,32.43,53.13,342,0,31,119,195,367
29057010028,85.29,1.91,4.36,27.52,38.69,313,7,16,101,142,367
29057010029,87.01,0,9.03,33.96,48.7,1340,0,139,523,750,1540
29057010030,84.11,0,8.46,36.05,51.54,1064,0,107,456,652,1265
29057010031,85.25,0.34,9.38,38.62,53.28,1000,4,110,453,625,1173
29057010032,86.13,0,7.42,32.9,44.84,267,0,23,102,139,310
29057010033,73.72,1.51,7.25,29,41.99,244,5,24,96,139,331
29057010034,94.74,0,8.96,34.29,50.26,1459,0,138,528,774,1540
29057010035,88.45,0,4.78,23.51,34.26,222,0,12,59,86,251
29057010036,77.49,0,3.66,23.04,42.93,148,0,7,44,82,191
29057010037,81.52,0.99,5.94,29.7,45.54,247,3,18,90,138,303
29057010039,86.8,0,6.8,30.8,48.8,217,0,17,77,122,250
29057010042,88.89,0,6.84,24.79,33.33,104,0,8,29,39,117
29057010045,92.54,0,13.13,35.52,52.84,310,0,44,119,177,335
29057010046,91.25,0,10.67,33.51,47.28,855,0,100,314,443,937
29057010048,85.04,0,9.83,32.69,47.22,398,0,46,153,221,468
29057010049,84.29,0,8.33,31.73,45.19,263,0,26,99,141,312
29057010050,93.22,0,8.47,31.48,46,385,0,35,130,190,413
29057010051,94.88,0,7.14,32.3,48.19,890,0,67,303,452,938
29057010053,88.27,1.76,9.82,33.58,49.41,602,12,67,229,337,682
29057010054,91.94,1.24,7.82,31.76,48.01,741,10,63,256,387,806
29057010055,86.75,0,7.95,31.79,54.3,131,0,12,48,82,151
29057010058,89.29,0,8.77,30.68,51.14,550,0,54,189,315,616
29060060001,86.12,0,8.3,35.48,55.22,602,0,58,248,386,699
29065010009,92.92,0.41,5.5,26.81,39.4,1587,7,94,458,673,1708
29065010011,89.36,0,5.77,28.08,41.97,4073,0,263,1280,1913,4558
29065010012,89.8,0,7.2,32.36,48.44,2095,0,168,755,1130,2333
29065010013,92.01,0,5.16,26.81,40.72,1462,0,82,426,647,1589
29065010014,91.43,0,6.23,32.99,44.94,352,0,24,127,173,385
29065010017,93.91,0,7.77,31.09,47.69,447,0,37,148,227,476
29065010018,90.89,0,5.21,30.8,45.77,419,0,24,142,211,461
29065010019,89.14,0,5.33,31.62,48.38,468,0,28,166,254,525
29065010020,88.04,0.18,5.94,30.31,46.4,1943,4,131,669,1024,2207
29072020001,70.96,0,9.82,36.91,56.54,694,0,96,361,553,978
29072020002,76.64,1.29,9.35,39.14,54.67,656,11,80,335,468,856
29075090003,89.66,0,8.17,32.21,45.91,373,0,34,134,191,416
29075090006,83.05,0.86,7.36,31.16,47.26,485,5,43,182,276,584
29107270001,84.6,0.74,10.2,35.44,54.92,456,4,55,191,296,539
29107270002,77.9,0,5.8,30.8,39.49,215,0,16,85,109,276
29107270003,75.92,1.75,5.83,28.74,44.76,782,18,60,296,461,1030
29107270004,76.87,0.86,5.6,26.44,39.66,535,6,39,184,276,696
29107270005,84.56,0.7,12.16,38.95,55.67,723,6,104,333,476,855
29107270006,73.02,1.62,4.5,25.18,40.83,406,9,25,140,227,556
29107270007,80.14,4.97,5.64,30.02,45.15,355,22,25,133,200,443
29107270008,85.33,1.36,6.79,37.23,54.08,314,5,25,137,199,368
29107270010,81.64,0,7.3,32.52,46.46,738,0,66,294,420,904
29107270012,77.94,0,8.82,32.35,44.61,159,0,18,66,91,204
29107270013,85.25,0.91,6.53,35.38,50.91,653,7,50,271,390,766
29107270014,80,3.09,8.55,32.55,49.27,440,17,47,179,271,550
29107270015,72.2,2.21,5.9,27.55,40.34,587,18,48,224,328,813
29107270016,82.84,3.1,9.94,38.45,53.29,642,24,77,298,413,775
29107270019,81.11,1.27,8.89,34.76,52.06,511,8,56,219,328,630
29107270020,80.65,1.35,8.93,35.86,50.88,596,10,66,265,376,739
29107270021,79.04,4.1,5.54,23.13,37.83,328,17,23,96,157,415
29107270022,77.86,1.78,6.11,26.21,44.27,306,7,24,103,174,393
29107270023,78.12,3.56,7.38,33.59,50.38,307,14,29,132,198,393
29107270024,79.66,3.3,8.14,34.38,49.76,1351,56,138,583,844,1696
29107270025,75.64,2.44,6.84,30.05,45.82,652,21,59,259,395,862
29107270026,80.5,12.86,10.79,37.76,59.34,194,31,26,91,143,241
29107270027,88.71,2.51,13.64,41.69,57.37,566,16,87,266,366,638
29108000002,91.55,0,6.69,32.22,49.18,1560,0,114,549,838,1704
29108000003,85.82,0.22,7.85,29.6,54.27,1586,4,145,547,1003,1848
29108000004,93.23,0,8.65,37.03,54.89,496,0,46,197,292,532
29108000005,83.47,0,7.2,29.24,44.92,197,0,17,69,106,236
29108000006,83.33,0,7.5,33.61,49.44,300,0,27,121,178,360
29108000007,91.29,0,5.99,27.42,44.09,1708,0,112,513,825,1871
29108000008,99.39,0,9.76,34.15,50,163,0,16,56,82,164
29108000009,86.84,0,6.49,28.45,44.76,937,0,70,307,483,1079
29108000010,94.87,0,7.05,35.26,50,296,0,22,110,156,312
29108000011,77.56,1.06,3.36,21.73,37.63,439,6,19,123,213,566
29108000012,87.13,0.51,5.41,22.91,40.67,677,4,42,178,316,777
29108000013,68.4,0,6.94,25.35,45.14,197,0,20,73,130,288
29108000014,87.47,0.19,7.03,28.42,44.87,1382,3,111,449,709,1580
29108000015,94.48,0,8.28,36.61,52.58,787,0,69,305,438,833
29108000016,91.04,0,5.78,34.39,46.24,315,0,20,119,160,346
29108000018,90.86,0,5.34,30.34,44.83,527,0,31,176,260,580
29108000019,91.62,0,7.45,29.69,45.29,787,0,64,255,389,859
29108000021,88.67,0,9.08,33.93,48.68,1377,0,141,527,756,1553
29108000022,79.71,0.17,5.94,29.93,47.65,1422,3,106,534,850,1784
29108000023,90.55,0.21,7.45,32,50.21,1313,3,108,464,728,1450
29108000024,87.68,0,8.02,32.95,49.14,612,0,56,230,343,698
29108000025,86.7,0,8.32,33.3,49.41,802,0,77,308,457,925
29108000028,80.12,0,6.3,27.04,42.72,649,0,51,219,346,810
29108000029,87.08,0,10.29,35.65,50.24,364,0,43,149,210,418
29108000031,91.61,0,7.1,30,42.26,284,0,22,93,131,310
29108000032,86.84,0,5.14,27.23,41.91,1148,0,68,360,554,1322
29108000033,91.99,0,8.2,37.3,53.71,471,0,42,191,275,512
29108000034,83.42,0,6.79,34.5,54.98,1499,0,122,620,988,1797
29108000036,89.04,0,8.44,32.81,49.63,1202,0,114,443,670,1350
29108000037,84.96,0,6.02,29.23,46.13,593,0,42,204,322,698
29108000038,83.14,0,4.82,24.55,39.63,1070,0,62,316,510,1287
29108000039,90.3,0,5.54,29.7,49.7,456,0,28,150,251,505
29108000040,87.55,0,7.17,30.57,50.38,928,0,76,324,534,1060
29108000041,86.58,0,6.04,28.52,45.3,258,0,18,85,135,298
29108000042,88.75,0,6.26,26.99,42.6,1404,0,99,427,674,1582
29108000044,90.72,0,8.23,32.34,48.35,606,0,55,216,323,668
29108000047,96.98,0,12.5,44.4,59.48,225,0,29,103,138,232
29108000048,95.27,0,5.88,32.42,48.92,664,0,41,226,341,697
29108000049,89.36,0,9.33,35.68,54.83,546,0,57,218,335,611
29108000050,95.97,0,9.16,32.23,48.72,262,0,25,88,133,273
29108000051,97.65,0,8.05,37.92,51.34,291,0,24,113,153,298
29108000056,94.04,0,11.01,31.65,48.62,205,0,24,69,106,218
29108000057,89.93,0,7.55,30.08,49.26,1393,0,117,466,763,1549
29108000058,88.59,0,7.85,36.62,52.91,745,0,66,308,445,841
29108000063,93.47,0,8.36,34.2,50.65,358,0,32,131,194,383
29108000064,79.59,0,4.73,24.56,42.6,269,0,16,83,144,338
29108000066,85.21,0.88,9.05,43.71,56.51,386,4,41,198,256,453
29108000069,88.71,0.13,6.53,28.73,45.91,2106,3,155,682,1090,2374
29108000071,91.12,0,7,30.17,47.87,3162,0,243,1047,1661,3470
29136060001,81.19,2.42,7.82,26.82,41.34,436,13,42,144,222,537
29136060002,84.47,2.63,7.89,33.9,49.39,1926,60,180,773,1126,2280
29136060003,83.8,2.5,6.81,29.59,44.62,10716,320,871,3784,5706,12788
29136060004,79.85,3.39,5.5,25.21,39.7,7111,302,490,2245,3535,8905
29136060005,82.24,5.99,7.55,31.23,46.96,8907,649,818,3383,5086,10831
29136060006,87.12,1.38,5.92,28.23,43.04,1765,28,120,572,872,2026
29136060007,83.53,2.11,4.48,24.64,39,634,16,34,187,296,759
29136060008,85.49,0.78,6.03,29.49,43.32,2522,23,178,870,1278,2950
29136060009,88.03,0.69,7.31,30.17,45.54,1529,12,127,524,791,1737
29136060010,84.95,1.93,6.2,28.21,43.8,1891,43,138,628,975,2226
29136060012,84.78,0.79,6.39,27.91,43.04,969,9,73,319,492,1143
29136060013,85.22,0.59,5.91,31.68,45.74,721,5,50,268,387,846
29136060014,84.69,1.19,5.57,26.24,40.56,1278,18,84,396,612,1509
29136060016,86.46,0,6.27,27.46,44.18,1820,0,132,578,930,2105
29136060017,86.88,1.11,5.66,27.54,43.66,1795,23,117,569,902,2066
29136060018,88.29,1.69,6.98,32.09,47.3,784,15,62,285,420,888
29136060019,80.08,1.79,5.38,22.47,35.7,1162,26,78,326,518,1451
29136060020,84.21,1.18,5.91,29.49,45.68,3147,44,221,1102,1707,3737
29136060021,85.28,1.82,6.15,27.52,42.32,2386,51,172,770,1184,2798
29136060022,91.32,0,6.47,34.07,50.95,579,0,41,216,323,634
29136060023,87.83,0.94,7.91,35.07,50.47,844,9,76,337,485,961
29136060024,86.35,1.68,6.99,28.56,44.9,1025,20,83,339,533,1187
29147030001,78.39,0.36,8.14,30.47,50,867,4,90,337,553,1106
29147030003,86.8,0.25,7.57,31.8,48.9,2478,7,216,908,1396,2855
29147030004,84.06,0,6.63,28.32,46.56,659,0,52,222,365,784
29147030005,87.12,0,7.95,28.77,46.85,318,0,29,105,171,365
29148020008,84.95,0,5.91,26.34,40.32,158,0,11,49,75,186
29148020011,81.26,0.39,5.64,25.95,40.24,620,3,43,198,307,763
29148020012,87.2,0,7,30.43,41.79,361,0,29,126,173,414
29148020013,84.09,1.33,5.05,27.84,41.01,1015,16,61,336,495,1207
29148020014,86.15,0,5.3,25.87,41.75,423,0,26,127,205,491
29148020015,88.69,0,6.71,30.74,44.17,251,0,19,87,125,283
29148020016,76.06,0.8,7.04,28.77,44.47,378,4,35,143,221,497
29148020017,80.82,2.27,7.22,32.27,49.28,784,22,70,313,478,970
29148020018,86.96,0,5.22,31.3,45.22,200,0,12,72,104,230
29148020019,85.16,0,8.24,29.67,45.6,465,0,45,162,249,546
29148020022,78.82,0,6.57,27.41,41.45,696,0,58,242,366,883
29148020023,81.56,0,6.7,28.68,41.71,438,0,36,154,224,537
29148020024,91.32,0,5.56,31.6,46.18,263,0,16,91,133,288
29148020026,84.72,2.46,7.5,32.47,44.2,621,18,55,238,324,733
29148020027,80.09,0.47,8.55,36.24,48.99,515,3,55,233,315,643
29148020028,85.11,0,6.47,28.32,43.2,526,0,40,175,267,618
29148020029,87.19,1.07,7.68,34.26,48.67,817,10,72,321,456,937
29148020030,82.06,0.81,7.26,28.63,43.75,407,4,36,142,217,496
29148020031,90.91,0,8.82,33.06,47.93,330,0,32,120,174,363
29148020032,80.25,1.04,6.86,24.53,38.88,386,5,33,118,187,481
29148020034,85.73,0.74,6.45,29.9,43.55,691,6,52,241,351,806
29148020035,86.24,1.72,5.8,29.87,44.2,1354,27,91,469,694,1570
29148020036,80.4,0,5.25,25.86,36.57,398,0,26,128,181,495
29148020037,80.89,0.66,6.59,29.98,43.99,491,4,40,182,267,607
29148020038,81.6,1.56,4.89,24.12,36.49,785,15,47,232,351,962
29148020039,85.45,0,6.1,30.05,44.6,364,0,26,128,190,426
29148020040,87.57,0,6.82,29.4,44.3,1951,0,152,655,987,2228
29148020041,82.44,0,4.94,26.09,39.14,1169,0,70,370,555,1418
29148020042,82.04,0,6.59,24.8,40.27,1320,0,106,399,648,1609
29148020043,87.87,1.24,4.95,27.23,40.84,355,5,20,110,165,404
29148020044,86.69,0.85,7.65,33.43,50.71,306,3,27,118,179,353
29148020045,78.47,0,5.68,21.14,34.44,401,0,29,108,176,511
29148020047,80.4,0,6.98,28.9,43.52,242,0,21,87,131,301
29148020048,84.75,0,5.08,31.36,46.33,300,0,18,111,164,354
29156010004,86.02,4.84,8.87,30.91,47.04,320,18,33,115,175,372
29156010006,94.78,0,9.28,34.93,50.87,654,0,64,241,351,690
29161040001,95.12,0,6.76,30.7,47.32,1013,0,72,327,504,1065
29161040003,95.42,0,6.11,25.16,39.05,1999,0,128,527,818,2095
29161040004,95.42,0,5.63,25,42.25,271,0,16,71,120,284
29175080002,82.35,0,6.81,28.02,43.81,532,0,44,181,283,646
29175080003,87.02,0.76,8.18,32.61,51.36,798,7,75,299,471,917
29175080005,84.66,0.45,7.84,29,48.6,756,4,70,259,434,893
29175080006,82.18,0,6.42,28.09,45.35,1600,0,125,547,883,1947
29175080007,81.88,1.03,6.43,29.18,41.52,637,8,50,227,323,778
29175080008,80.19,0.47,9.02,37.67,52.56,862,5,97,405,565,1075
29180010002,82.65,0,6.49,29.26,45.25,548,0,43,194,300,663
29180010003,83.74,0.58,8.2,31.94,47.19,582,4,57,222,328,695
29180010004,84.45,0,6.71,33.84,47.87,277,0,22,111,157,328
29180010005,82.59,1.09,10.01,39.83,57.24,759,10,92,366,526,919
29180010006,85.44,0,8.01,30.1,42.96,352,0,33,124,177,412
29180010007,83.88,0,7.78,36.21,55.59,593,0,55,256,393,707
29180010008,80.36,1.05,7.95,32.08,48.28,536,7,53,214,322,667
29180010011,83.3,0,7.56,30.23,46.05,474,0,43,172,262,569
29180010012,84.62,0,8.01,35.26,53.21,264,0,25,110,166,312
29180010014,86.39,0,10.1,36.7,50.72,419,0,49,178,246,485
29180010017,76.74,0,5.13,26.74,41.94,419,0,28,146,229,546
29180010018,84.62,0,10.39,37.79,55.87,627,0,77,280,414,741
29180010019,77.54,0,6.67,24.91,40,221,0,19,71,114,285
29180010021,82.3,0,8.53,34.25,48.62,1283,0,133,534,758,1559
29192070001,89.29,0.12,8.41,32.96,50.47,3728,5,351,1376,2107,4175
29192070005,89.46,0.61,6.11,27.5,43.69,7063,48,482,2171,3449,7895
29192070010,91.35,0,6.74,28.95,48.84,1098,0,81,348,587,1202
29192070012,88.43,0.4,5.41,26.12,41.91,1994,9,122,589,945,2255
29192070013,87.14,0.71,5.89,25.71,42.68,488,4,33,144,239,560
29192070014,81.49,0.6,8.36,34.78,50.75,546,4,56,233,340,670
29192070016,88.54,0.2,7.99,31.65,48.8,1807,4,163,646,996,2041
29192070017,94.13,0.55,7.52,32.11,48.07,513,3,41,175,262,545
29192070018,92.52,0,4.99,27.43,39.4,371,0,20,110,158,401
29192070019,85.75,0,7.73,30.73,46.37,921,0,83,330,498,1074
29192070020,87.11,0,6.84,31.97,46.44,1210,0,95,444,645,1389
29192070021,86.03,1.27,5.99,30.49,45.74,474,7,33,168,252,551
29192070023,84.82,0.83,7.48,32.22,50.21,816,8,72,310,483,962
29192070025,85.16,0,13.28,32.03,49.22,109,0,17,41,63,128
29192070027,92.55,0,7.45,34.9,49.02,236,0,19,89,125,255
29192070028,87.59,0,7.73,37,51.05,374,0,33,158,218,427
29192070030,81.63,0,5.36,24.23,40.31,320,0,21,95,158,392
29192070034,91.64,0.42,6.27,33.98,50.84,658,3,45,244,365,718
29192070036,94.91,0,8.24,34.91,49.7,783,0,68,288,410,825
29192070037,92.05,0,7.2,32.58,48.86,243,0,19,86,129,264
29192070038,98.37,0,16.85,51.63,63.04,181,0,31,95,116,184
29192070041,92.62,0,11.22,37.16,47.37,2096,0,254,841,1072,2263
29192070042,91.72,0,4.38,24.51,44.48,565,0,27,151,274,616
29192070043,91.49,0,8.01,30.97,46.9,1108,0,97,375,568,1211
29192070044,90.22,0,6.83,28.18,46.17,1956,0,148,611,1001,2168
29192070046,86.33,0,8.98,29.69,47.27,221,0,23,76,121,256
29192070051,88.21,0,5.96,27.49,44.53,1983,0,134,618,1001,2248
29192070052,89.73,0,9.43,33.75,48.64,428,0,45,161,232,477
29192070053,87.84,0,6.7,29.83,48.03,1337,0,102,454,731,1522
29192070065,92.69,0,9.65,37.28,53.07,634,0,66,255,363,684
29192070068,82.94,0.62,6.6,29.9,47.41,943,7,75,340,539,1137
29192070076,92.15,0,6.1,29.65,47.09,317,0,21,102,162,344
29192070077,90.02,0,7.03,27.88,43.34,1101,0,86,341,530,1223
29192070078,89.99,0,9.14,33.24,48.91,620,0,63,229,337,689
29192070079,83.54,0,7.93,25.91,44.51,274,0,26,85,146,328
29199260001,92.26,0.82,8.7,33.83,48.37,679,6,64,249,356,736
29253030003,84.99,4.25,10.62,38.11,57.5,640,32,80,287,433,753
29274080001,92.9,0.18,6.4,28.43,44.25,2513,5,173,769,1197,2705
29274080002,94.78,0,6.57,28.03,42.9,3851,0,267,1139,1743,4063
29274080003,93.81,0,6.19,26.49,41.1,4214,0,278,1190,1846,4492
29274080005,93.04,0,6.61,29.13,44.57,3223,0,229,1009,1544,3464
29274080008,93.65,0,6.61,28.07,44.61,7179,0,507,2152,3420,7666
29274080009,92.95,0,6.52,28.33,45.34,4721,0,331,1439,2303,5079
29274080010,93.62,0,6,26.27,41.09,499,0,32,140,219,533
29274080020,92.23,0.07,7.5,31.26,49.22,18915,14,1539,6412,10095,20509
29274080022,87.97,0.72,6.02,28.04,42.12,731,6,50,233,350,831
29274080044,90.93,0.12,7.38,30.35,48.17,2316,3,188,773,1227,2547
29274080048,90.82,0,7.43,30.65,48.28,2483,0,203,838,1320,2734
29274080049,89.06,0.46,4.33,24.23,38.26,3103,16,151,844,1333,3484
29274080054,95.18,0,8.88,32.24,50.33,868,0,81,294,459,912
29274080102,91.35,0.24,5.6,25.6,41.92,5600,15,343,1569,2570,6130
29274080122,92.04,0,5.22,24.8,40.34,705,0,40,190,309,766
29274080124,94.48,0,5.66,27.84,44.87,2036,0,122,600,967,2155
29274080129,92.16,0.03,6.34,28.78,45.13,9104,3,626,2843,4458,9879
29274080146,90.04,0,5.89,26.45,41.91,3227,0,211,948,1502,3584
29274080149,92.49,0,5.39,24.8,39.72,1835,0,107,492,788,1984
29274080151,93.47,0,7.23,30.03,47.96,1189,0,92,382,610,1272
29274080152,91.44,0,3.77,23.97,41.1,267,0,11,70,120,292
29274080153,87.61,0,6.1,26.29,41.41,933,0,65,280,441,1065
29274080154,91.77,0,4.29,22.81,38.94,535,0,25,133,227,583
29274080155,90.96,0,4.94,27.68,44.72,2264,0,123,689,1113,2489
29274080156,90.95,0.07,6.51,28.31,45.19,4009,3,287,1248,1992,4408
29274080157,87.88,0,6.13,28.19,44.47,1247,0,87,400,631,1419
29274080158,88.95,0.17,5.47,26.71,40.76,1545,3,95,464,708,1737
29274080159,91.71,0,7.23,30.76,45.52,951,0,75,319,472,1037
29274080160,89.49,0,5.22,28.09,42.99,1303,0,76,409,626,1456
29274080161,93.37,0,5.65,25.14,39.78,2563,0,155,690,1092,2745
29274080162,90.9,0.21,5.99,26.39,43.15,14191,33,935,4120,6737,15612
29274080163,90.32,0.03,5.32,23.39,37.77,9074,3,534,2350,3795,10047
29274080164,90.84,0.18,5.15,23.88,37.92,1993,4,113,524,832,2194
29274080165,89.79,0.33,6.08,26.67,42.62,4827,18,327,1434,2291,5376
29274080167,89.84,0,6.37,27.87,43.55,2946,0,209,914,1428,3279
29274080168,93.3,0.17,6.57,30.16,47.23,2187,4,154,707,1107,2344
29274080169,91.93,0,5.66,25.81,39.82,5536,0,341,1554,2398,6022
29274080170,94.58,0,5.99,25.82,40.06,1674,0,106,457,709,1770
29274080172,88.01,0.71,3.81,22.4,40.03,1108,9,48,282,504,1259
29274080173,92.85,0.28,6.18,25.97,42.92,1337,4,89,374,618,1440
29274080177,93.52,0,4.98,28.41,46.35,563,0,30,171,279,602
29274080178,92.39,0.18,5.9,26.66,44.43,1518,3,97,438,730,1643
29274080179,91.74,0,5.33,25.57,41.15,689,0,40,192,309,751
29274080180,92.17,0.46,6.91,28.11,44.59,800,4,60,244,387,868
29274080181,90.66,0,5.16,28.5,49.14,369,0,21,116,200,407
29274080182,89.44,0,7.04,26.33,42.72,737,0,58,217,352,824
29274080185,90.73,0.14,10.69,35.93,52.99,2563,4,302,1015,1497,2825
29274080186,88.19,0,9.37,32.94,52.57,1478,0,157,552,881,1676
29274080187,92.24,0,7.04,30.17,48.18,1926,0,147,630,1006,2088
29274080189,89.73,0.2,5.31,25.24,44.14,3129,7,185,880,1539,3487
29274080190,91.13,0,6.88,26.84,42.85,2516,0,190,741,1183,2761
29274080191,90.6,0,6.34,26.76,44.41,3413,0,239,1008,1673,3767
29274080193,89.53,0,8,31.79,49.74,1701,0,152,604,945,1900
29274080194,92.85,0.35,6.21,28.88,45.71,2675,10,179,832,1317,2881
29274080195,88.79,0,5.55,25.97,41.77,2400,0,150,702,1129,2703
29274080196,94.91,0,5.83,27.15,42.42,895,0,55,256,400,943
29274080197,81.03,0,4.61,24.12,42.02,756,0,43,225,392,933
29274080198,99.72,0,8.78,33.14,53.26,352,0,31,117,188,353
29274080199,92.01,0,7.99,27.37,44.97,622,0,54,185,304,676
29274080200,88.62,0,5.89,23.83,44.18,662,0,44,178,330,747
29274080201,87.16,0,4.41,21.65,44.25,455,0,23,113,231,522
29274080202,90.11,0.04,5.79,26.54,41.88,6695,3,430,1972,3112,7430
29274080203,88.24,0.43,8.61,26.54,45.19,615,3,60,185,315,697
29274080204,88.4,1.18,6.39,28.07,46.05,526,7,38,167,274,595
29274080206,93.51,0.03,7.71,32.26,48.44,8809,3,726,3039,4563,9420
29274080207,91.58,0,6.32,27.37,45.26,87,0,6,26,43,95
29274080208,89.97,0,4.01,23.75,40.8,269,0,12,71,122,299
29274080209,91.43,0.05,5.36,25.32,40.05,7253,4,425,2009,3177,7933
29274080210,90.53,0.22,6.06,26.71,44.01,3318,8,222,979,1613,3665
29274080211,90.56,0,5.1,24.74,42.86,355,0,20,97,168,392
29274080212,88.84,0.74,7.05,32.21,51.16,844,7,67,306,486,950
29274080213,93.65,0,6.82,30,45.01,2582,0,188,827,1241,2757
29274080214,90.78,0,5.79,22.78,43.22,502,0,32,126,239,553
29274080215,86.35,0,4.25,24.16,38.93,386,0,19,108,174,447
29274080216,90.95,0,5.04,26.28,42.55,1246,0,69,360,583,1370
29274080217,95.38,0,5.48,24.34,38.17,2351,0,135,600,941,2465
29274080218,90.13,0.15,4.94,23.56,37.17,6600,11,362,1725,2722,7323
29274080220,93.05,0.1,6.39,26.17,42.68,6229,7,428,1752,2857,6694
29274080221,92.49,0,7.01,28.44,46.36,1662,0,126,511,833,1797
29274080222,89.6,0,6.98,27.53,44.11,3827,0,298,1176,1884,4271
29274080223,92.76,0.08,7.55,31.79,49.57,3318,3,270,1137,1773,3577
29274080224,94.88,0,6.41,26.17,41.34,1983,0,134,547,864,2090
29274080225,94.25,0,8.33,29.89,46.55,328,0,29,104,162,348
29274080226,91.77,0,5.81,28.55,44.84,569,0,36,177,278,620
29274080227,88.46,0,7.05,29.23,47.18,690,0,55,228,368,780
29274080228,92.39,0,6.7,29.03,43.72,2221,0,161,698,1051,2404
29274080229,91.39,0.27,6.49,28.85,45.23,6722,20,477,2122,3327,7355
29274080231,91.84,0,11.13,43.41,60.67,495,0,60,234,327,539
29274080232,91.22,0.62,6.13,24.36,40.26,1756,12,118,469,775,1925
29274080233,92.05,0,7.98,27.69,42.68,2653,0,230,798,1230,2882
29274080234,93.43,0.11,5.41,25.12,40.45,18530,21,1072,4982,8023,19833
29274080235,87.5,0.3,4.64,22.51,37.55,10629,36,564,2734,4562,12148
29274080236,92.79,0.06,4.64,21.59,36.08,10093,7,505,2348,3924,10877
29274080237,93.37,0.06,4.81,24.03,39.89,4888,3,252,1258,2088,5235
29274080238,88.4,0.18,5.09,26.22,40.51,2468,5,142,732,1131,2792
29274080239,88.6,0,4.62,21.83,36.84,3872,0,202,954,1610,4370
29274080240,92.62,0,6.4,26.51,42.55,1230,0,85,352,565,1328
29274080241,94.72,0,6.22,26.4,41.65,3932,0,258,1096,1729,4151
29274080242,92.42,0.38,6.54,29.33,44.33,1695,7,120,538,813,1834
29274080243,91.85,0,6.33,26.97,43.49,2074,0,143,609,982,2258
29274080244,93.56,0,6.73,28.9,44.4,1279,0,92,395,607,1367
29274080245,94.3,0,7.1,31.14,46.36,3985,0,300,1316,1959,4226
29274080246,92.93,0.06,5.29,25.23,39.99,6622,4,377,1798,2850,7126
29274080248,94.79,0,5.33,25.88,42.42,1564,0,88,427,700,1650
29274080249,92.98,0,6.14,28.06,42.83,2770,0,183,836,1276,2979
29274080250,89.1,0.42,7.9,31.03,46.92,1071,5,95,373,564,1202
29274080251,94.17,0,8.37,31.69,51.08,743,0,66,250,403,789
29274080252,90.45,0.13,6.08,26.41,41.39,6863,10,461,2004,3141,7588
29274080253,91.42,0.07,5.9,27.35,43.07,10511,8,678,3145,4952,11497
29274080254,91.08,0.33,6.75,28.5,43.92,1093,4,81,342,527,1200
29274080255,91.34,0.09,6.84,30.24,44.97,3205,3,240,1061,1578,3509
29274080256,89.19,0,6.61,27.52,44.6,4670,0,346,1441,2335,5236
29274080257,86.68,0.22,6.58,27.46,45.13,1594,4,121,505,830,1839
29274080258,94.64,0,6.47,28.43,42.24,1871,0,128,562,835,1977
29274080259,90.86,0.06,6.42,28.24,44.98,4951,3,350,1539,2451,5449
29274080260,92.7,0,4.96,23.45,35.87,4597,0,246,1163,1779,4959
29274080261,90.73,0.21,5.7,25.79,40.68,7494,17,471,2130,3360,8260
29274080262,90.3,0,5.66,24.22,37.86,1834,0,115,492,769,2031
29274080263,91.36,0.24,5.89,27.91,42.52,1925,5,124,588,896,2107
29274080264,87.49,0,5.64,25.25,43.18,776,0,50,224,383,887
29274080265,93.92,0,5.73,27.96,42.51,2163,0,132,644,979,2303
29274080266,93.92,0.24,5.98,27.92,42.7,1931,5,123,574,878,2056
29274080267,91.91,0,7.54,27.59,45.47,1999,0,164,600,989,2175
29274080268,91.11,0.06,6.68,28.74,44.79,5690,4,417,1795,2797,6245
29274080269,93.45,0,7.42,30.28,47.45,1725,0,137,559,876,1846
29274080270,94.95,0,7.18,33.55,50.55,1296,0,98,458,690,1365
29274080271,92.31,0.35,4.09,21.78,36.49,3721,14,165,878,1471,4031
29274080272,92.32,0.18,5.22,24.52,38.18,3148,6,178,836,1302,3410
29274080273,92.94,0,4.84,24.11,39.44,2055,0,107,533,872,2211
29274080274,92.42,0,5.87,26.78,40.89,2378,0,151,689,1052,2573
29274080275,92.19,0.48,5.25,25.35,43.22,3637,19,207,1000,1705,3945
29274080276,95.02,0.28,4.42,22.59,35.21,2040,6,95,485,756,2147
29274080278,92.1,0.19,5.65,23.92,37.91,4859,10,298,1262,2000,5276
29274080279,89.65,0.04,5.33,25.59,40.13,6705,3,399,1914,3001,7479
29274080280,87.39,0.13,4.31,22.12,36.97,3990,6,197,1010,1688,4566
29274080281,93.2,0,5.64,24.88,39.92,16449,0,996,4391,7046,17650
29274080282,91.84,0,6.66,26.72,42.74,2454,0,178,714,1142,2672
29274080283,89.73,0,8.91,32.17,50.87,926,0,92,332,525,1032
29274080284,92.04,0,6.37,25.66,43.35,983,0,68,274,463,1068
29274080286,90.55,0,5.78,24.85,42,1505,0,96,413,698,1662
29274080287,93.22,0,5.26,24.8,41.1,2819,0,159,750,1243,3024
29274080289,92.49,0,5.02,25.22,39.33,2340,0,127,638,995,2530
29274080290,91.59,0.04,5.14,24.4,38.2,6112,3,343,1628,2549,6673
29274080291,90.26,0,5.13,24.9,40.4,1881,0,107,519,842,2084
29274080293,90.85,0.06,5.08,23.17,38.89,31898,20,1782,8135,13653,35110
29274080294,91.76,0,6.01,27.67,45.13,6504,0,426,1961,3199,7088
29274080295,91.73,0.03,5.45,24.77,39.53,35656,13,2118,9627,15364,38871
29274080296,92.67,0,5.22,24.56,39.18,6604,0,372,1750,2792,7126
29274080297,91.32,0.1,5.05,22.55,36.88,5247,6,290,1296,2119,5746
29274080298,92.01,0,4.28,22.4,40.43,990,0,46,241,435,1076
29274080299,92.12,0,6.47,29.5,45.08,1040,0,73,333,509,1129
29274080300,93.36,0.17,7.89,32.38,48.19,3348,6,283,1161,1728,3586
29274080301,88.66,0.05,6.7,29.39,44.59,19181,10,1449,6359,9648,21635
29274080302,91.75,0.05,6.92,28.63,45.17,5541,3,418,1729,2728,6039
29274080303,91.17,0,6.5,29.25,45.84,3719,0,265,1193,1870,4079
29274080304,92.17,0.08,6.32,28.82,44.91,10521,9,721,3290,5127,11415
29274080305,94.13,0,6.74,31.15,47.73,5530,0,396,1830,2804,5875
29274080306,93.89,0,4.94,22.11,37.06,722,0,38,170,285,769
29274080307,95.2,0,3.66,21.28,34.74,3508,0,135,784,1280,3685
29274080308,89.86,0,2.9,27.54,41.3,124,0,4,38,57,138
29274080309,92.24,0.25,4.72,24.62,40,4360,12,223,1164,1891,4727
29274080310,91.99,1.1,4.71,22.35,39.56,3927,47,201,954,1689,4269
29274080311,93.99,0,5.19,23.01,38.52,3206,0,177,785,1314,3411
29274080312,91.45,0,6.77,32.68,49.33,1027,0,76,367,554,1123
29274080314,87.98,0,2.88,19.71,32.93,366,0,12,82,137,416
29274080315,82.76,1.58,4.31,19.25,34.34,576,11,30,134,239,696
29274080316,92.18,0,3.28,18.49,31.51,1097,0,39,220,375,1190
29274080318,92.28,0,5.94,27.93,44.01,12942,0,833,3917,6173,14025
29274080319,97.44,0,15.38,0,0,76,0,12,0,0,78
29274080321,93.45,0,7.16,32.38,47.28,4866,0,373,1686,2462,5207
29274080322,89.12,0,6.15,18.14,38.72,1130,0,78,230,491,1268
29274080323,93.2,0,6.54,28.15,44.03,2864,0,201,865,1353,3073
29274080324,92,0.07,6.42,27.05,42.15,3955,3,276,1163,1812,4299
29274080325,90.52,0.18,5.23,25.65,39.38,3046,6,176,863,1325,3365
29274080326,92.48,0.46,6.22,28.14,44.33,2422,12,163,737,1161,2619
29274080327,92.34,0,5.07,25.24,40.09,2568,0,141,702,1115,2781
29274080329,91.76,0.08,6.45,28.82,45.2,7696,7,541,2417,3791,8387
29274080330,92.35,0.44,6.12,26.02,40.67,1267,6,84,357,558,1372
29274080331,89.73,0,5.64,26.55,43.39,2403,0,151,711,1162,2678
29274080332,92.3,0.24,5.88,27.64,43.64,8632,22,550,2585,4081,9352
29274080333,90.29,0,6.27,26.07,40.1,1441,0,100,416,640,1596
29274080335,90.67,0.08,5.66,26.26,41.9,4810,4,300,1393,2223,5305
29274080336,93.31,0.18,4.66,23.32,39.13,8092,16,404,2022,3393,8672
29274080337,92.18,0.11,4,22.69,37.9,15798,18,686,3889,6496,17138
29274080338,87.69,0.13,5.3,23.24,38.51,2102,3,127,557,923,2397
29274080339,92.97,0.19,5.23,23.68,39.05,5810,12,327,1480,2440,6249
29274080340,89.67,0,3.17,19.01,33.45,764,0,27,162,285,852
29274080341,85.07,0,3.59,18.03,32.61,1732,0,73,367,664,2036
29274080342,90.46,0.25,4.63,22.54,36.74,14249,39,729,3551,5787,15752
29274080343,92.59,0,3.86,18.8,34.71,1438,0,60,292,539,1553
29274080344,95.01,0.05,3.76,20.18,34.92,10737,6,425,2280,3946,11301
29274080347,91.2,0.24,4.65,20.31,35.14,4238,11,216,944,1633,4647
29274080349,93.43,0,4.03,23.19,37.66,2248,0,97,558,906,2406
29274080350,91.77,0.14,4.3,19.42,34.07,4528,7,212,958,1681,4934
29274080351,85.74,0,2.78,17.59,33.52,1233,0,40,253,482,1438
29274080352,85.28,0.19,3.5,19.23,32.18,1778,4,73,401,671,2085
29274080353,91.93,0,4.63,23.5,37.93,16449,0,829,4205,6786,17893
29274080354,92.97,0.06,6.42,27.24,43.38,5881,4,406,1723,2744,6326
29274080355,90.7,0.06,4.69,21.84,35.88,4484,3,232,1080,1774,4944
29274080356,89.79,0.06,4.87,22.93,39.23,6164,4,334,1574,2693,6865
29274080357,89.55,0.07,4.68,22.53,38.34,6605,5,345,1662,2828,7376
29274080358,91.71,0.21,6.11,27.92,43.19,3453,8,230,1051,1626,3765
29274080359,92.11,0.14,6.42,26.54,42.44,7896,12,550,2275,3638,8572
29274080360,89.62,0,4.61,30.97,42.34,544,0,28,188,257,607
29274080361,92.92,0,3.81,23.59,37.48,1024,0,42,260,413,1102
29274080362,92.97,0,5.99,26.91,41.75,1071,0,69,310,481,1152
29274080363,90.19,0,6.54,26.15,42.59,883,0,64,256,417,979
29274080365,88.03,0,7.14,27.63,44.54,838,0,68,263,424,952
29274080366,91.1,0.16,3.77,21.09,35.23,5006,9,207,1159,1936,5495
29274080367,91.7,0.27,5.35,23.64,38.19,7195,21,420,1855,2996,7846
29274080368,89.86,0,6.09,27.54,40.43,620,0,42,190,279,690
29274080369,91.95,0,5.11,21.99,35.22,1313,0,73,314,503,1428
29274080370,92.08,0.2,5.12,25.64,38.93,2266,5,126,631,958,2461
29274080371,94.24,0,5.96,27.11,41.71,949,0,60,273,420,1007
29274080372,92.87,0.03,5.26,24.09,38.11,12243,4,693,3176,5024,13183
29274080373,90.39,0.35,4.63,22.5,36.5,3611,14,185,899,1458,3995
29274080374,89.34,0,5.65,24.55,37.72,997,0,63,274,421,1116
29274080375,90.08,0,4.37,22.08,33.77,763,0,37,187,286,847
29274080376,90.8,0.49,6.63,27.18,42.69,5382,29,393,1611,2530,5927
29274080377,90.86,0.1,6.31,28.63,45.46,6941,8,482,2187,3473,7639
29274080378,89.83,0.57,7.97,31.24,47.68,1104,7,98,384,586,1229
29274080379,93.74,0,5.42,26.95,41.76,1228,0,71,353,547,1310
29274080380,95.53,0,6.85,28.54,44.15,1004,0,72,300,464,1051
29274080381,91.28,0.34,5.12,23.32,38,1088,4,61,278,453,1192
29274080382,NA,NA,NA,NA,NA,0,0,0,0,0,0
29274080383,92.86,0.29,7.71,33.97,49.1,976,3,81,357,516,1051
29274080384,96.69,0,7.83,36.75,50.9,321,0,26,122,169,332
29274080385,92.76,0,6.58,35.53,48.03,141,0,10,54,73,152
29274080386,89.58,0.27,4.51,24.61,40.08,1332,4,67,366,596,1487
29274080387,87.19,0,3.27,22.36,41.21,347,0,13,89,164,398
29274080388,86.92,0,9.38,30.1,47.44,1103,0,119,382,602,1269
29274080389,88.79,0.21,5.4,26.19,42.22,1695,4,103,500,806,1909
29274080390,92.58,0,9.83,36.24,51.97,424,0,45,166,238,458
29274080391,92.04,0,6.19,32.74,51.33,104,0,7,37,58,113
29274080392,91.29,0.59,8.91,35.84,50.5,461,3,45,181,255,505
29274080394,89.67,0,5.19,25.31,39.27,4765,0,276,1345,2087,5314
29274080397,80.28,0,4.33,18.19,28.37,1262,0,68,286,446,1572
29274080398,89.57,0,6.13,29.14,44.17,292,0,20,95,144,326
29274080400,88.61,0,5.85,26.11,41.5,1439,0,95,424,674,1624
29274080401,87.8,0,5.51,25.01,40.09,2468,0,155,703,1127,2811
29274080402,92,0,5.25,24.1,38.9,3841,0,219,1006,1624,4175
29274080403,89.02,0,3.58,21.33,35.25,697,0,28,167,276,783
29274080404,90.66,0,2.69,17.65,29.67,709,0,21,138,232,782
29274080405,93.19,0.16,5.54,25.66,40.87,1765,3,105,486,774,1894
29274080406,92.44,0.08,5.12,24.08,39.88,15193,13,842,3958,6555,16435
29274080407,89.52,0,6.78,27.34,41.47,1863,0,141,569,863,2081
29274080408,90.69,0.29,5.16,25.14,38.32,1266,4,72,351,535,1396
29274080409,91.61,0.05,5.16,23.46,38.51,5624,3,317,1440,2364,6139
29274080410,89.45,0.23,5.43,26.4,42.47,4747,12,288,1401,2254,5307
29274080411,90.24,0.19,5.89,26.94,43.8,10333,22,674,3085,5016,11451
29274080412,93.23,0,6.1,26.72,44.92,3028,0,198,868,1459,3248
29274080414,93.87,0,6.7,31.34,47.72,659,0,47,220,335,702
29274080415,88.89,0,6.39,27.59,43,2671,0,192,829,1292,3005
29274080416,93.63,0,4.44,19.31,32.24,485,0,23,100,167,518
29274080417,93.9,0.14,6.45,27.63,42.99,5910,9,406,1739,2706,6294
29274080418,93.75,0,8.29,28.12,45.52,690,0,61,207,335,736
29274080419,91.54,0,5.08,23.98,39.21,649,0,36,170,278,709
29274080420,92.07,0.04,5.65,25.72,41.56,7441,3,457,2079,3359,8082
29274080421,91.49,0,6.08,28.47,42.13,1279,0,85,398,589,1398
29274080422,90.46,0.26,4.56,22.5,37.17,6978,20,352,1736,2867,7714
29274080426,85.41,0.53,7.49,27.2,46.12,650,4,57,207,351,761
29274080428,91.13,0,4.84,34.68,0,113,0,6,43,0,124
29286040001,94.1,0,5.34,21.91,32.58,335,0,19,78,116,356
29286040002,95.37,0,10.08,31.61,50.41,350,0,37,116,185,367
29286040003,95.67,0,5.77,23.07,37.59,929,0,56,224,365,971
29286040004,93.99,0,6.87,27.47,48.07,219,0,16,64,112,233
29287030001,89.88,0,7.06,31.9,48.47,879,0,69,312,474,978
29287030002,83.33,0,7.81,29.43,49.22,320,0,30,113,189,384
29287030003,92.86,0,7.36,31.39,50.43,429,0,34,145,233,462
29287030005,87.27,0,7.45,30.09,47.45,1453,0,124,501,790,1665
29287030006,88.27,0.2,6.26,28.75,45.76,1354,3,96,441,702,1534
29287030007,87.61,0,8.26,29.5,49.85,297,0,28,100,169,339
29287030008,89.26,0,6.71,34.23,59.73,133,0,10,51,89,149
29287030009,92.66,0,6.64,34.97,51.4,265,0,19,100,147,286
29287030010,93.58,0,4.59,29.36,44.95,102,0,5,32,49,109
29292060002,90.83,0.27,7.02,30.65,45.02,5366,16,415,1811,2660,5908
29307090007,88.97,0.29,8.89,32.7,47.72,1831,6,183,673,982,2058
29307090008,89.6,1.05,6.72,32.14,47.16,853,10,64,306,449,952
29307090009,90.01,0,7.86,31.14,48.78,847,0,74,293,459,941
29307090010,93.68,0,6.86,36.17,52.51,860,0,63,332,482,918
29307090011,85.75,2.56,7.69,26.21,46.72,301,9,27,92,164,351
29307090012,87.76,0,7.76,31.02,47.35,645,0,57,228,348,735
29307090013,94.4,0,7.33,29.74,46.98,219,0,17,69,109,232
29307090014,90.76,0.39,7.83,33.89,52.76,707,3,61,264,411,779
29307090015,91.72,0,6.9,33.79,44.83,133,0,10,49,65,145
29307090016,82.09,0,7.49,28.34,43.85,307,0,28,106,164,374
29307090017,94,0,11.33,35.33,48.67,141,0,17,53,73,150
29307090018,91.48,1.64,4.59,27.21,45.57,279,5,14,83,139,305
29313500001,83.65,0.25,9.39,34.28,52.64,998,3,112,409,628,1193
29313500002,83.56,0.98,10.13,38.49,56.8,940,11,114,433,639,1125
29313500003,80,3.53,5.88,30.59,38.82,68,3,5,26,33,85
29313500005,84,4,10.18,39.64,57.82,231,11,28,109,159,275
29319050004,79.88,3.3,9.01,37.54,53.75,266,11,30,125,179,333
29329030003,89.37,0,8.33,32.34,50.46,2338,0,218,846,1320,2616
29329030004,86.97,0,8.91,29.06,47.55,781,0,80,261,427,898
29329030005,89.36,0,8.51,32.39,54.14,378,0,36,137,229,423
29329030006,95.04,0,7.97,34.7,52.8,441,0,37,161,245,464
29329030007,87.58,0.63,7.4,28.84,45.88,1798,13,152,592,942,2053
29332080001,90.85,0,5.95,30.03,41.62,596,0,39,197,273,656
29332080003,92.46,0,6.94,28.77,43.31,1533,0,115,477,718,1658
29332080004,93.45,0,5.36,28.57,38.99,314,0,18,96,131,336
29332080006,93.96,0,4.99,23.67,34.83,1338,0,71,337,496,1424
29332080007,95.09,0.53,5.81,32.91,48.68,1260,7,77,436,645,1325
29332080009,93.2,0,7.95,31.51,48.88,1207,0,103,408,633,1295
29332080011,97.72,0,8.97,30.02,46.98,599,0,55,184,288,613
29332080012,92.66,0,6.75,29.66,43.61,631,0,46,202,297,681
31015080001,93.4,0,8.36,34.16,49.23,905,0,81,331,477,969
31015080002,84.46,0,7.77,31.87,49.22,652,0,60,246,380,772
31015080003,80.49,0,6.69,33.84,44.96,854,0,71,359,477,1061
31015080005,70.5,0,5.17,24.4,38.06,1078,0,79,373,582,1529
31015080006,89.13,0,3.91,23.04,38.7,205,0,9,53,89,230
31015080007,62.67,0,4.63,21.96,36.91,893,0,66,313,526,1425
31015080009,68.72,0,4.47,30.17,45.25,123,0,8,54,81,179
31015080010,78.08,0,8.14,27.75,44.77,844,0,88,300,484,1081
31017060002,80.94,0,6.56,32.5,48.44,259,0,21,104,155,320
31052020001,79.96,0,4.96,23.92,37.07,371,0,23,111,172,464
31056080002,83.26,0,8.6,30.77,49.32,184,0,19,68,109,221
31056080003,71.77,0,8.06,22.58,38.71,89,0,10,28,48,124
31056080004,58.33,0,6.9,27.76,44.02,1166,0,138,555,880,1999
31056080005,50.47,0,0,0,0,54,0,0,0,0,107
31062000001,85.74,0,6.08,27,49.62,451,0,32,142,261,526
31062000002,76.75,0,5.87,26.86,42.66,340,0,26,119,189,443
31062000004,81.62,0,6.68,25.78,41.29,342,0,28,108,173,419
31062000007,76.12,0,3.41,22.05,43.04,290,0,13,84,164,381
31062000008,79.29,0,7.57,31.18,48.46,4035,0,385,1587,2466,5089
31062000009,76.7,0,3.4,21.73,36.39,293,0,13,83,139,382
31062000011,88.62,0,5.08,30.51,46,366,0,21,126,190,413
31062000014,73.87,0.41,5.86,27.43,43.3,1815,10,144,674,1064,2457
31062000015,78.52,0,4.56,22.43,38.78,413,0,24,118,204,526
31062000017,70.04,0,5.6,24.28,39.96,2403,0,192,833,1371,3431
31062000019,77.88,0,7.37,28.92,46.88,412,0,39,153,248,529
31062000022,77.85,0,3.26,19.22,34.53,239,0,10,59,106,307
31062000024,77.28,0,6.35,30.18,47.66,694,0,57,271,428,898
31062000031,84.89,0,6.69,30.4,47.99,444,0,35,159,251,523
31062000032,77.94,0,6.42,32.1,47.88,1141,0,94,470,701,1464
31062000037,79.19,0,4.5,26.84,42.78,2127,0,121,721,1149,2686
31062000039,81.59,0,5.24,26.61,43.01,607,0,39,198,320,744
31062000042,75.82,0,4.67,26.51,44.37,552,0,34,193,323,728
31062000043,74.68,0,6.9,25.2,44.42,649,0,60,219,386,869
31062000045,77.26,0.37,5.07,27.34,43.26,2911,14,191,1030,1630,3768
31062000046,72.74,0,6.89,29.54,44.86,1182,0,112,480,729,1625
31062000047,86.38,0,5.45,26.46,45.72,444,0,28,136,235,514
31062000049,75.44,0,3.22,19.65,32.37,937,0,40,244,402,1242
31062000051,82.41,0.39,7.47,32.33,50.36,2990,14,271,1173,1827,3628
31062000052,76.27,0,6.3,27.35,45.71,569,0,47,204,341,746
31062000055,81.77,0,4.84,27.1,43.39,507,0,30,168,269,620
31062000061,75.49,0,5.81,26.05,43.55,884,0,68,305,510,1171
31062000063,78.69,0.09,5.63,25.74,42.87,4372,5,313,1430,2382,5556
31062000064,79.24,0,6.46,29.31,43.61,1141,0,93,422,628,1440
31062000066,69.65,0,5.06,22.87,36.73,1005,0,73,330,530,1443
31062000069,71.23,0,5.26,25.26,43.16,203,0,15,72,123,285
31062000071,78.21,0,7.38,30.47,49.62,1748,0,165,681,1109,2235
31062000072,80.59,0,6.93,28.59,46.46,4293,0,369,1523,2475,5327
31062000073,86.9,0,4.05,29.76,49.29,365,0,17,125,207,420
31062000077,82.69,0,7.76,30.64,49.05,4380,0,411,1623,2598,5297
31062000078,83.88,0,6.96,28.21,46.98,916,0,76,308,513,1092
31062000081,89.44,0,8.99,30.78,48.93,1084,0,109,373,593,1212
31062000082,78.53,0,5.65,28.68,45.99,1057,0,76,386,619,1346
31062000084,82.72,0,6.98,30.51,47.98,1269,0,107,468,736,1534
31062000087,81.73,0,5.18,27.52,45.07,1467,0,93,494,809,1795
31062000088,79.26,0.23,7.19,31.13,50.72,4433,13,402,1741,2837,5593
31062000089,74.03,0.08,6.16,26.53,44.21,2654,3,221,951,1585,3585
31062000090,81.73,0.47,4.98,25.74,45.43,689,4,42,217,383,843
31062000093,77.87,0,6.87,28.25,46.29,725,0,64,263,431,931
31062000094,78.97,0,6.31,22.43,37.62,338,0,27,96,161,428
31062000095,82.89,0.28,6.06,28.54,46.06,3299,11,241,1136,1833,3980
31062000096,78.18,0,5.73,26.85,43.24,792,0,58,272,438,1013
31062000097,81.52,0,7.35,29.38,47.04,1376,0,124,496,794,1688
31062000099,74.85,0.24,6.01,24.75,42.1,1881,6,151,622,1058,2513
31062000107,71.84,0,4.99,24.55,40.5,518,0,36,177,292,721
31062000111,80.16,0,6.36,29.17,47.1,2267,0,180,825,1332,2828
31062000113,80.85,0,7.73,31.9,51.15,4015,0,384,1584,2540,4966
31062000115,82.31,0,5.62,24.98,43.28,1084,0,74,329,570,1317
31062000123,78.4,0,6.47,29.69,46.89,5125,0,423,1941,3065,6537
31062000130,82.12,0.1,6.88,31,47.47,3150,4,264,1189,1821,3836
31062000133,72.8,0.29,6.37,27.1,44.67,10705,42,936,3985,6569,14704
31062000141,67.97,0,9.38,25,39.84,87,0,12,32,51,128
31062000143,76.39,0,9.72,30.09,47.69,165,0,21,65,103,216
31062000152,85.11,0,7.25,26.61,44.01,646,0,55,202,334,759
31062000158,80.63,0,6.46,29.89,47.23,437,0,35,162,256,542
31062000166,83.56,0.21,8.29,33.09,52.43,7906,20,784,3131,4960,9461
31062000169,81.64,0,6.2,26.71,43.42,2619,0,199,857,1393,3208
31062000170,79.98,0,7.06,30.58,46.98,1326,0,117,507,779,1658
31062000172,77.04,0,6.03,27.04,42.41,396,0,31,139,218,514
31062000173,88.15,0,4.22,23.69,40.36,439,0,21,118,201,498
31062000176,78.94,0.13,5.92,27.95,45.08,9795,16,735,3468,5593,12408
31062000183,76.02,0,4.44,28.94,44.19,1027,0,60,391,597,1351
31062000185,78.19,0,5.73,28.06,43.96,1775,0,130,637,998,2270
31062000194,81.38,0,5.86,29.31,47.24,236,0,17,85,137,290
31062000196,78.82,0.46,8.82,36.51,56.05,1198,7,134,555,852,1520
31062000197,84.07,0.6,7.46,31.25,54.44,417,3,37,155,270,496
31062000198,83.05,0,8.86,37.24,55.23,1191,0,127,534,792,1434
31062000199,81.25,0,7.01,29.17,47.92,429,0,37,154,253,528
31062000201,84.17,0,5.91,32.87,52.17,484,0,34,189,300,575
31062000202,84.87,0,4.79,23.72,40.48,780,0,44,218,372,919
31062000203,78.79,0,6.46,28.69,47.68,390,0,32,142,236,495
31062000204,79.85,0.28,7.08,30.27,48.85,2854,10,253,1082,1746,3574
31062000208,77.88,0,5.53,30.65,48.34,493,0,35,194,306,633
31062000209,77.96,0.57,6.6,27.68,44.76,2045,15,173,726,1174,2623
31062000210,80.77,0,7.14,30.22,48.35,294,0,26,110,176,364
31062000214,78.68,0,8.88,30.96,52.79,310,0,35,122,208,394
31062000215,59.05,0,5.71,17.62,27.62,124,0,12,37,58,210
31062000216,69.43,0,4.15,29.02,45.08,134,0,8,56,87,193
31062000217,75.78,0,5.17,25.67,43.69,2300,0,157,779,1326,3035
31062000219,69.14,0,4.67,20.99,37.04,784,0,53,238,420,1134
31062000222,73.27,0,0,0,0,74,0,0,0,0,101
31062000223,63.7,0,4.71,21.29,38.05,365,0,27,122,218,573
31062000225,73.33,0,4.93,27.54,41.45,253,0,17,95,143,345
31062000227,82.53,0,8.33,35.54,54.54,2863,0,289,1233,1892,3469
31062000228,77.31,0,6.07,26.91,48.02,293,0,23,102,182,379
31062000229,73.54,0,4.09,21.93,36.99,503,0,28,150,253,684
31062000230,78.26,0,8.92,37.3,57.89,342,0,39,163,253,437
31062000231,83.4,1.89,5.66,26.79,44.91,221,5,15,71,119,265
31062000233,84.28,0,8.76,39.43,62.11,327,0,34,153,241,388
31062000234,78.91,0,6.12,33.67,47.62,232,0,18,99,140,294
31062000235,83.13,0,7.92,30.98,53.18,483,0,46,180,309,581
31062000236,80.05,0,5.59,27.53,40.56,602,0,42,207,305,752
31062000237,70.02,0,3.48,19.92,36.07,724,0,36,206,373,1034
31062000238,57.69,0,4.36,21.32,36.85,728,0,55,269,465,1262
31062000239,81.33,0,7.9,32.85,49.37,453,0,44,183,275,557
31062000240,67.99,0.07,4.94,24.36,40.61,6709,7,487,2404,4007,9867
31062000243,79.63,0,8.37,33.33,52.37,1075,0,113,450,707,1350
31062000245,68.8,0,6.4,22.4,36.8,86,0,8,28,46,125
31062000246,75.55,0,4.74,27.74,44.89,207,0,13,76,123,274
31062000248,71.72,0,8.08,34.34,53.54,213,0,24,102,159,297
31062000249,78.74,0.29,9.6,38.15,56.79,2755,10,336,1335,1987,3499
31062000250,81.14,0.24,6.26,34.71,52.06,1024,3,79,438,657,1262
31062000251,75.08,0.24,7.54,32.86,51.03,946,3,95,414,643,1260
31062000252,76.34,0,8.04,32.33,51.42,484,0,51,205,326,634
31062000253,81.06,0,6.28,31.49,47.98,762,0,59,296,451,940
31062000254,76.61,0,5.05,24.31,24.77,167,0,11,53,54,218
31062000257,71.05,0,5.36,27.08,43.43,265,0,20,101,162,373
31062000258,82.28,0,5.7,25.95,46.84,130,0,9,41,74,158
31062000259,84.8,0,4,23.2,44,106,0,5,29,55,125
31062000260,85.37,0,5.02,24.89,43.01,391,0,23,114,197,458
31062000263,80.76,0.21,7.01,30.29,49.25,11322,30,983,4246,6904,14019
31062000265,82.61,0,4.66,31.37,50,266,0,15,101,161,322
31062000266,80.78,0.36,8.45,33.17,55.43,2954,13,309,1213,2027,3657
31062000268,90.58,0,7.19,26.2,43.61,567,0,45,164,273,626
31062000269,75.66,0,4.61,25.66,40.79,230,0,14,78,124,304
31062000270,82.34,0,6.25,26.63,50,303,0,23,98,184,368
31062000272,77.94,0.19,7.07,30.33,48.23,3636,9,330,1415,2250,4665
31062000273,86.81,0,6.13,34.66,62.27,283,0,20,113,203,326
31062000274,83.82,0,8.82,32.35,52.78,513,0,54,198,323,612
31062000275,86.32,0,7.55,29.25,54.25,183,0,16,62,115,212
31062000276,78.22,0,7.45,31.72,53.84,693,0,66,281,477,886
31062000277,87.92,0,6.38,32.21,46.98,262,0,19,96,140,298
31062000278,74.26,0,4.64,27.43,40.08,176,0,11,65,95,237
31062000281,81.87,0.09,7.09,29.07,46.52,2633,3,228,935,1496,3216
31062000283,77.21,0,3.75,23.32,40.75,288,0,14,87,152,373
31062000284,79.03,0.27,3.65,23.42,36.96,1191,4,55,353,557,1507
31062000286,76.88,0,3.12,25,43.12,123,0,5,40,69,160
31062000287,81.38,0,8.35,31.9,50.6,1023,0,105,401,636,1257
31062000288,77.02,0,7.86,32.14,51.96,1294,0,132,540,873,1680
31062000289,77.67,0.19,9.29,36.26,54.96,1221,3,146,570,864,1572
31062000290,77.15,0.26,8.59,33.92,53.06,1185,4,132,521,815,1536
31062000291,71.55,0,6.87,29.02,45.11,1250,0,120,507,788,1747
31062000292,81.75,0.71,8.7,36.89,53.44,2978,26,317,1344,1947,3643
31062000293,73.09,0,8.97,36.32,62.78,163,0,20,81,140,223
31062000294,68.45,0,3.92,17.74,34.07,436,0,25,113,217,637
31062000295,70.41,0,4.14,20.12,34.32,119,0,7,34,58,169
31062000297,76.49,0,5.95,32.29,52.12,270,0,21,114,184,353
31062000298,67.62,0,3.75,19.19,34.03,451,0,25,128,227,667
31062000299,79.11,0,7.59,24.68,42.56,500,0,48,156,269,632
31062000301,68.46,0,5.38,23.85,30.77,89,0,7,31,40,130
31062000302,68.73,0,6.95,28.19,46.33,178,0,18,73,120,259
31062000303,72.95,0,6.97,31.56,50.72,712,0,68,308,495,976
31062000304,80.03,0,6.1,20.53,35.51,577,0,44,148,256,721
31062000306,80.09,0,6.52,30.2,46.3,1915,0,156,722,1107,2391
31062000307,62.7,0,4.51,24.59,41.39,153,0,11,60,101,244
31062000309,79.17,0,3.47,25.69,42.36,114,0,5,37,61,144
31062000310,88.53,0,4.13,27.06,45.41,193,0,9,59,99,218
31062000311,86.55,0,9.18,39.4,57.91,547,0,58,249,366,632
31062000312,77.6,0,7.73,30.4,51.33,582,0,58,228,385,750
31062000313,82.24,0,4.99,30.74,50.5,412,0,25,154,253,501
31062000314,78.84,0.32,7.42,31.08,50.32,2496,10,235,984,1593,3166
31062000315,79.97,0.16,7.65,31.45,50.89,1485,3,142,584,945,1857
31062000316,79.4,0.18,5.48,23.1,38.33,1334,3,92,388,644,1680
31062000317,74.75,0.88,7.04,28.66,47.2,2040,24,192,782,1288,2729
31062000318,81.81,0,6.61,29.01,48.21,2177,0,176,772,1283,2661
31062000319,79.11,0,5.5,29.07,47.35,1151,0,80,423,689,1455
31062000320,63.83,0,7.45,24.47,41.49,60,0,7,23,39,94
31062000321,74.74,0,8.83,37.99,57.08,364,0,43,185,278,487
31062000322,83.91,0,10.99,39.95,60.05,313,0,41,149,224,373
31062000323,77.55,0,0,0,0,76,0,0,0,0,98
31062000324,81.1,0.79,11.81,46.19,68.5,309,3,45,176,261,381
31062000325,84.51,0,11.22,37.69,53.85,1778,0,236,793,1133,2104
31062000326,79.73,0,8.25,34.66,50.77,1286,0,133,559,819,1613
31062000327,83.26,0,9.16,36.24,51.23,1900,0,209,827,1169,2282
31062000328,81.24,0,6.62,31.35,50.11,736,0,60,284,454,906
31062000329,80.79,0.28,8.42,36,52.4,3128,11,326,1394,2029,3872
31062000330,79.53,0,8.69,31.22,47.72,540,0,59,212,324,679
31062000333,83.03,0,9.86,36.47,55.73,362,0,43,159,243,436
31062000334,82.99,0,8.83,34.23,51.86,2434,0,259,1004,1521,2933
31062000335,74.45,0,9.09,37.35,60.2,303,0,37,152,245,407
31062000336,81.45,0,10.53,36.22,61.03,650,0,84,289,487,798
31062000337,84.67,0.75,10.65,37.38,58.5,453,4,57,200,313,535
31062000338,96.28,0,9.84,40.96,55.85,362,0,37,154,210,376
31062000339,78.7,0,11.91,37.18,58.84,218,0,33,103,163,277
31062000340,70.21,0,7.88,30.48,52.05,205,0,23,89,152,292
31062000342,84.26,0,2.78,21.3,38.89,91,0,3,23,42,108
31062000343,80,0,8.64,32.27,50.91,176,0,19,71,112,220
31062000344,75.15,0,7.19,34.13,51.5,251,0,24,114,172,334
31062000345,94.74,0,3.95,21.05,39.47,72,0,3,16,30,76
31062000346,74.36,0,9.62,32.37,51.6,232,0,30,101,161,312
31062000347,71.43,0,1.71,0,0,125,0,3,0,0,175
31062000349,77.3,0,8.1,32.64,47.48,630,0,66,266,387,815
31062000350,84.03,0,10.42,34.72,51.39,121,0,15,50,74,144
31062000351,70.54,0,7.62,32.21,47.19,565,0,61,258,378,801
31062000352,86.3,0,9.13,29.22,50.46,378,0,40,128,221,438
31062000353,80.13,0.77,8.23,32.05,52.03,730,7,75,292,474,911
31062000354,73.21,0,6.79,31.07,40.36,205,0,19,87,113,280
31062000356,76.87,0,9.52,38.78,59.86,113,0,14,57,88,147
31062000357,75,0,0,0,0,48,0,0,0,0,64
31062000358,75.36,0,7.19,32.03,45.17,367,0,35,156,220,487
31062000360,79.05,0,5.92,27.77,45.46,2109,0,158,741,1213,2668
31062000361,81.16,0,8.73,33.63,51.13,1646,0,177,682,1037,2028
31062000362,78.83,0.86,6.48,33.37,51.73,730,8,60,309,479,926
31062000363,81.9,0,0,0,0,86,0,0,0,0,105
31062000364,70.53,0,15.79,45.26,63.16,67,0,15,43,60,95
31062000366,68.89,0,6.67,29.78,44.89,155,0,15,67,101,225
31062000369,85.19,0,5.56,0,0,46,0,3,0,0,54
31062000370,73.21,0,6.25,23.21,42.86,82,0,7,26,48,112
31062000371,73.79,0,2.91,22.33,41.75,76,0,3,23,43,103
31062000372,58.9,0,0,23.29,0,43,0,0,17,0,73
31062000374,73.03,0,3.95,28.95,44.74,111,0,6,44,68,152
31062000375,82.54,0,10.4,37.84,57.17,397,0,50,182,275,481
31062000378,82.35,0,12.94,42.06,58.53,280,0,44,143,199,340
31062000379,77.61,0,10.43,38.68,55.98,305,0,41,152,220,393
31062000385,46.57,0,3.71,20.57,31.14,163,0,13,72,109,350
31062000386,74.78,0,8.61,30.14,50.68,608,0,70,245,412,813
31062000387,83.35,0,6.45,31.63,52.34,801,0,62,304,503,961
31062000390,70.73,0,6.5,26.02,45.53,87,0,8,32,56,123
31062000391,62.5,0,2.78,15.28,27.08,90,0,4,22,39,144
31062000392,63.89,0,0,0,0,46,0,0,0,0,72
31062000396,79.39,0,6.06,26.06,40.61,131,0,10,43,67,165
31062000397,85.22,0,6.96,32.17,53.04,98,0,8,37,61,115
31062000398,77.69,0,6.8,28.18,43.61,1999,0,175,725,1122,2573
31063090001,86.15,0,8.22,32.47,49.57,1698,0,162,640,977,1971
31067050001,81.03,0,6.48,31.09,48.14,675,0,54,259,401,833
31067050002,76.58,0.1,7.07,29.89,46.79,14888,19,1375,5811,9096,19442
31067050003,74.12,0,6.03,28.24,46.62,504,0,41,192,317,680
31067050004,76.66,0,6.72,29.58,45.95,2112,0,185,815,1266,2755
31067050005,73.48,0,8.15,27.68,46.83,568,0,63,214,362,773
31067050006,74.05,0,5.66,27.98,42.97,1818,0,139,687,1055,2455
31067050008,66.67,0,7.39,27.09,40.89,406,0,45,165,249,609
31067050009,75.54,0,6.71,27.3,43.93,1699,0,151,614,988,2249
31067050012,76.39,0,6.39,31.39,46.94,275,0,23,113,169,360
31067050013,78.02,0,6.4,30.58,47.79,671,0,55,263,411,860
31067050014,80.33,0,8.07,38.56,52.82,727,0,73,349,478,905
31067050015,75.26,0,7.73,28.87,48.97,146,0,15,56,95,194
31067050016,72.29,0,7.36,25.97,41.56,167,0,17,60,96,231
31067050017,75.9,0,4.22,23.49,37.35,126,0,7,39,62,166
31067050018,79.72,0,7.34,29.84,47.57,967,0,89,362,577,1213
31067050019,80.86,0,7.32,30.18,48.99,718,0,65,268,435,888
31067050020,74.49,0,7.27,30.99,49.23,625,0,61,260,413,839
31067050021,75.11,0,5.49,27.43,43.46,178,0,13,65,103,237
31067050022,72.81,0,6.76,28.49,44.32,506,0,47,198,308,695
31067050024,72.63,0,9.05,41.16,57.11,337,0,42,191,265,464
31067050025,80.21,0,8.02,34.05,50.98,450,0,45,191,286,561
31067050026,77.55,0,8.84,33.68,48.96,746,0,85,324,471,962
31067050032,77.36,0,7.86,32.86,49.65,2521,0,256,1071,1618,3259
31067050033,64,0,8,0,0,48,0,6,0,0,75
31067050034,80.51,0,7.69,30.77,45.13,157,0,15,60,88,195
31067050035,75.27,0,6.99,28.49,47.31,140,0,13,53,88,186
31067050036,80,0,10,29,47,80,0,10,29,47,100
31067050037,80.11,0,7.53,30.65,46.24,149,0,14,57,86,186
31067050039,75.32,1.95,5.19,37.01,50,116,3,8,57,77,154
31067050040,74.74,0,7.99,32.26,48.43,7739,0,827,3341,5015,10355
31067050041,82.09,0,5.22,26.87,38.06,110,0,7,36,51,134
31067050043,74.49,0,5.56,26.52,41.16,295,0,22,105,163,396
31067050044,75.25,0,7.19,34.11,44.15,450,0,43,204,264,598
31078020001,80.82,0,5.71,25.31,38.78,198,0,14,62,95,245
31078020002,78.19,0.18,7.78,28.48,44.27,1337,3,133,487,757,1710
31173060001,72.67,0,7.5,37.5,55.5,436,0,45,225,333,600
31183040001,87.43,0,5.39,29.94,52.1,146,0,9,50,87,167
31183040002,71.93,0,7.89,25.44,36.84,82,0,9,29,42,114
31186010002,79.22,0,7.24,27.83,44.9,427,0,39,150,242,539
31186010007,77.89,0,7.65,28.4,45.58,458,0,45,167,268,588
31186010008,74.41,0,8,32.73,50.75,698,0,75,307,476,938
31186010009,59.21,0,4.39,22.37,36.84,135,0,10,51,84,228
31186010010,82.73,0,4.11,25,41.78,503,0,25,152,254,608
31186010011,76.64,0,8.2,29.92,47.54,748,0,80,292,464,976
31186010012,83.79,0,6.64,29.1,47.85,429,0,34,149,245,512
31186010014,73.79,0,6.89,28.14,43.81,1681,0,157,641,998,2278
31186010016,70.05,0,5.9,26.26,41.98,891,0,75,334,534,1272
31186010017,75.21,0,5.13,27.35,49.57,88,0,6,32,58,117
31186010020,78.57,0,7.1,33.92,50.63,1063,0,96,459,685,1353
31186010022,76.89,0,6.84,30.48,48.72,1597,0,142,633,1012,2077
31186010029,79.46,0.18,6.42,28.67,45.98,1721,4,139,621,996,2166
31186010030,77.26,0.3,7.62,32.13,49.39,1267,5,125,527,810,1640
31186010032,80.04,0,9.28,37.86,55.45,742,0,86,351,514,927
31186010038,78.56,0,7.11,28.04,45.76,1370,0,124,489,798,1744
31186010042,70.37,0,3.7,28.7,35.19,76,0,4,31,38,108
31186010044,80.45,0,4.49,27.24,45.51,251,0,14,85,142,312
31186010045,71.87,0,6.24,29.13,44.1,1152,0,100,467,707,1603
31186010046,83.43,0,10.47,36.48,55.96,1148,0,144,502,770,1376
31186010047,73.15,0.15,7.32,29.65,47.25,1929,4,193,782,1246,2637
31186010048,81.65,0,10.07,34.89,57.55,227,0,28,97,160,278
31186010049,70.09,0,6.92,31.58,46.78,881,0,87,397,588,1257
31186010050,81.64,0,8.89,34.65,52.1,1534,0,167,651,979,1879
31186010051,78.41,0,6.58,28.72,48.28,1275,0,107,467,785,1626
31186010053,80.02,0,7.8,34.89,52.98,1959,0,191,854,1297,2448
31186010054,77.46,0,6.25,28.03,46.78,409,0,33,148,247,528
31186010056,79.23,0,9.29,33.33,54.64,290,0,34,122,200,366
31186010058,69.41,0,4.94,24,41.88,295,0,21,102,178,425
31186010059,81.42,0,7.43,32.45,51.94,986,0,90,393,629,1211
31186010060,78.22,0,8.92,29.97,45.76,535,0,61,205,313,684
31186010061,77.74,0,7.46,29.72,45.49,646,0,62,247,378,831
31186010062,75.97,0.51,9.64,34.52,52.62,449,3,57,204,311,591
31186010063,77.54,0,7.05,32.11,49.77,1374,0,125,569,882,1772
31186010064,76.86,0.36,7.8,32.38,48.97,857,4,87,361,546,1115
31186010068,81.84,0,8.32,35.01,53.39,374,0,38,160,244,457
31186010069,85.57,0,7.56,40.21,58.76,249,0,22,117,171,291
31186010072,78.12,0,5.19,28.53,46.19,482,0,32,176,285,617
31186010074,78.48,0,7.58,36.43,57.46,321,0,31,149,235,409
31186010075,76.52,0,6.9,32.34,47.3,665,0,60,281,411,869
31186010076,80.21,0,10.19,39.29,57.61,543,0,69,266,390,677
31186010077,75.15,0,6.99,31.85,47.77,505,0,47,214,321,672
31186010079,80.76,0,8.45,34.99,53.06,277,0,29,120,182,343
31186010082,77.24,0,4.88,38.21,51.22,95,0,6,47,63,123
31186010083,93.48,0,6.52,30.43,47.83,86,0,6,28,44,92
31186010085,78.05,0,9.43,34.95,50.95,1771,0,214,793,1156,2269
31186010088,86.24,0,6.42,25.69,40.37,94,0,7,28,44,109
31186010090,80.31,0,7.16,28.39,45.78,314,0,28,111,179,391
31186010094,75.54,0,7.36,31.6,51.3,349,0,34,146,237,462
31194010001,84.7,0,8.21,36.57,53.73,227,0,22,98,144,268
31194010002,74.94,0,5.24,24.85,38.81,2147,0,150,712,1112,2865
31194010004,74.08,0,8.07,30.58,46.35,3590,0,391,1482,2246,4846
31194010006,80.6,0,7.92,31,46.61,702,0,69,270,406,871
31194010007,70.34,0,6.22,25.74,39.8,1041,0,92,381,589,1480
31194010008,66.09,0,4.84,20.78,35.62,423,0,31,133,228,640
31194010009,81.53,0,8.27,31.84,47.65,799,0,81,312,467,980
31194010010,63.53,0,7.35,26,39.58,838,0,97,343,522,1319
31194010011,57.44,0,4.4,22.75,35.32,548,0,42,217,337,954
31194010012,67.76,0,7.29,24.23,40.98,372,0,40,133,225,549
31194010013,72.63,0,7.26,29.5,44.73,820,0,82,333,505,1129
31194010014,86.05,0,5.36,32.83,46.78,401,0,25,153,218,466
31194010015,78.84,0,7.8,32.8,46.83,596,0,59,248,354,756
31194010017,76.39,0,5.56,25,35.97,550,0,40,180,259,720
31194010018,75.23,0,5.91,29.46,43.32,738,0,58,289,425,981
31194010019,73.88,0,8.71,29.21,42.98,263,0,31,104,153,356
31194010020,79.44,0,7.26,28.9,45.29,514,0,47,187,293,647
31194010022,93.33,0,10.88,35.44,52.81,532,0,62,202,301,570
31194010023,67.2,0,4.27,20.8,35.47,252,0,16,78,133,375
31194010024,73.57,0,4.62,28.28,40.67,398,0,25,153,220,541
31209040001,82.3,0,10.29,37.45,57.61,200,0,25,91,140,243
31212580001,77.25,0,10.39,42.35,59.22,394,0,53,216,302,510
31212580002,70.42,0,8.36,33.44,51.77,219,0,26,104,161,311
31216050012,86.27,0,9.54,36.13,54.19,1194,0,132,500,750,1384
31216050013,83.25,0.84,9.74,38.74,58.22,795,8,93,370,556,955
31216050014,76.61,0,11.69,16.53,23.79,190,0,29,41,59,248
31216050015,79.23,0,6.19,26.19,44.9,614,0,48,203,348,775
31216050016,79.67,0.07,7.11,26.68,45.44,3386,3,302,1134,1931,4250
31223060001,67.92,0,6.06,27.72,42.94,919,0,82,375,581,1353
31223060002,59.22,0,4.51,20.08,30.94,289,0,22,98,151,488
31223060004,24.39,0,8.54,25.61,36.59,20,0,7,21,30,82
31223060005,43.81,0,4.29,15.24,32.38,92,0,9,32,68,210
31241040003,80.2,0,8.12,20.3,28.93,158,0,16,40,57,197
31241040007,82.06,0,6.7,33.01,50.72,343,0,28,138,212,418
31241040008,83.46,0.21,8.32,34.21,50.7,1615,4,161,662,981,1935
31241040009,81.57,0,7.57,33.07,50.09,1337,0,124,542,821,1639
31241040011,81.97,0,8.67,32.14,53.57,482,0,51,189,315,588
31241040013,68.6,0,9.09,28.1,46.28,83,0,11,34,56,121
31241040014,73.66,0,5.37,33.17,46.83,151,0,11,68,96,205
31241040016,76.52,0,5.3,31.82,46.97,101,0,7,42,62,132
31246090001,81.75,0,2.92,24.09,35.04,112,0,4,33,48,137
31277010001,78.79,0,5.68,28.87,44.92,1984,0,143,727,1131,2518
31277010002,81.7,0.13,5.93,25.78,42.19,3888,6,282,1227,2008,4759
31277010003,87.77,0,8.41,28.66,43.95,689,0,66,225,345,785
31277010004,83.91,0,7.45,30.34,45.48,2478,0,220,896,1343,2953
31277010005,84,0.23,6.22,31.61,47.31,1108,3,82,417,624,1319
31277010006,85.76,0.53,7.73,33.48,51.14,976,6,88,381,582,1138
31277010009,79.13,0,6.52,31.96,45.43,364,0,30,147,209,460
31277010010,84.31,0,9.31,33.33,47.55,172,0,19,68,97,204
31277010011,81.47,0,5.98,33.07,48.41,409,0,30,166,243,502
31277010012,77.02,0,7.69,29.75,45.96,1002,0,100,387,598,1301
31298060001,80.22,0,8.01,32.4,51.75,941,0,94,380,607,1173
31298060002,79.35,0,8.29,33.55,53.39,7190,0,751,3040,4838,9061
31298060003,73.83,0,6.86,28.45,46.6,5266,0,489,2029,3324,7133
31298060004,74.97,0.18,7.6,31.28,49.71,1668,4,169,696,1106,2225
31298060005,68.64,0,3.11,22.88,40.11,243,0,11,81,142,354
31298060006,78.51,0,6.62,32.89,50.61,771,0,65,323,497,982
31298060007,66.27,0,10.84,30.12,46.99,110,0,18,50,78,166
31298060008,82,0,6.86,35.43,48.57,287,0,24,124,170,350
31298060009,76.16,0,7.83,31.79,50.18,642,0,66,268,423,843
31298060010,78.18,0,7.33,33.63,51.16,437,0,41,188,286,559
31298060011,77.44,0,9.09,33.33,45.12,230,0,27,99,134,297
31298060012,74.42,0,9.07,33.72,50.23,320,0,39,145,216,430
31298060013,78.35,0,4.12,30.93,47.42,76,0,4,30,46,97
31298060015,81.65,0,7.4,34.58,51.01,850,0,77,360,531,1041
31298060017,80.28,0,2.82,33.8,51.41,114,0,4,48,73,142
31298060019,72.59,0,10.66,39.09,58.38,143,0,21,77,115,197
31298060020,76.76,0,6.42,29.97,45.57,251,0,21,98,149,327
31298060022,79.65,0,6.28,33.26,51.51,685,0,54,286,443,860
31298060023,80.74,0.61,6.35,30.12,49.39,394,3,31,147,241,488
31298060024,75.07,0,4.77,31.03,48.54,283,0,18,117,183,377
31298060025,77.36,0,6,32.53,50.07,516,0,40,217,334,667
31298060026,79.45,0,10.67,32.41,50.59,201,0,27,82,128,253
31298060028,80.24,0,6.43,29.33,47.53,1023,0,82,374,606,1275
31298060030,84.5,0,6.2,29.46,50.39,109,0,8,38,65,129
31301010001,85.76,0,10.51,30.85,47.12,253,0,31,91,139,295
31301010002,79.81,0,7.41,34.23,48.58,506,0,47,217,308,634
31301010003,75.13,0,4.23,26.46,40.21,142,0,8,50,76,189
31301010004,83.57,0,8.92,33.1,51.17,356,0,38,141,218,426
31313070001,83.44,0,5.83,28.53,44.48,272,0,19,93,145,326
31313070006,74.34,0,9.49,30.4,46.4,423,0,54,173,264,569
31313070007,77.52,0,6.91,31.21,46.78,1155,0,103,465,697,1490
31313070012,87.34,0,5.99,30.04,45.84,1166,0,80,401,612,1335
31313070013,73.96,0,7.31,27.46,43.86,1204,0,119,447,714,1628
31313070015,74.1,0,6.72,29.34,45.14,1356,0,123,537,826,1830
31313070017,81.15,0,8.1,28.49,47.63,581,0,58,204,341,716
31313070018,76.36,0,7.74,31.73,48.67,3362,0,341,1397,2143,4403
31313070020,77.35,0,5.95,27.22,41.77,1574,0,121,554,850,2035
31313070022,80.15,0,2.29,23.66,38.17,105,0,3,31,50,131
31313070023,83.87,0,5.91,30.65,42.2,312,0,22,114,157,372
31313070024,74.87,0,8.01,29.64,48.14,1028,0,110,407,661,1373
31313070025,83.46,0,8.86,29.25,42.1,565,0,60,198,285,677
31313070026,66.32,0,6.27,25.91,40.03,1776,0,168,694,1072,2678
31313070027,67.78,0.1,5.72,23.23,39.03,2072,3,175,710,1193,3057
31313070029,76.9,0,7.25,28.33,41.82,456,0,43,168,248,593
31313070030,76.98,0,5.72,26.56,41.35,1629,0,121,562,875,2116
31313070031,69.44,0,6.65,26.79,44.15,700,0,67,270,445,1008
31313070033,71.13,0,5.51,24.41,36.48,271,0,21,93,139,381
31317030001,79.21,0.2,6.6,27.12,43.7,1189,3,99,407,656,1501
31317030002,86.16,0,5.66,24.84,44.34,274,0,18,79,141,318
31317030003,85.87,0,7.49,29.88,45.9,1319,0,115,459,705,1536
31319010001,78.14,0,9.38,27.95,42.31,833,0,100,298,451,1066
31319010002,80.45,0,10.66,40.28,57.23,679,0,90,340,483,844
31324040002,52.21,0,5.88,30.59,44.41,355,0,40,208,302,680
31324040003,54.95,0,9.16,38.83,57.88,150,0,25,106,158,273
31327010001,90.32,0,9.12,35.94,55.49,485,0,49,193,298,537
31337090001,NA,NA,NA,NA,NA,0,0,0,0,0,0
31338080001,59.14,0,3.55,24.37,41.37,233,0,14,96,163,394
31350500001,80.97,0,10.31,38.85,55.7,817,0,104,392,562,1009
31352090001,87.1,0,12.37,43.01,61.83,162,0,23,80,115,186
31352090002,89.5,0,14.36,38.67,55.25,162,0,26,70,100,181
31352090003,91.41,0,14.14,54.55,70.2,181,0,28,108,139,198
31366520001,82.46,1.49,10.82,35.82,51.12,221,4,29,96,137,268
31367020003,71.43,0,6.65,30.79,45.81,290,0,27,125,186,406
31367020004,74.51,0,7.15,32.99,49.02,646,0,62,286,425,867
31367020006,74.38,0,3.12,22.5,40,119,0,5,36,64,160
31367020007,80.73,0,9.5,34.36,54.75,289,0,34,123,196,358
31367020008,76.98,0,10.79,35.97,58.99,107,0,15,50,82,139
31367020010,74,0,8.4,34.4,46.8,185,0,21,86,117,250
31367020011,64.04,0,7.89,34.8,54.68,219,0,27,119,187,342
31367020014,72.98,0,4.97,38.2,50,235,0,16,123,161,322
31367020017,71.05,0,8.01,28.34,45.59,346,0,39,138,222,487
31367020022,79.72,0,5.53,26.92,42.55,1081,0,75,365,577,1356
31367020023,83.77,0,8.68,35.09,54.72,222,0,23,93,145,265
31367020025,66.05,0,6.98,40,53.02,142,0,15,86,114,215
31367020026,74.39,0,7.32,35.98,48.17,122,0,12,59,79,164
31367020032,76.09,0,6.52,27.78,43,315,0,27,115,178,414
31367020033,77.45,0,5.79,35.33,51.7,388,0,29,177,259,501
31367020034,67.73,0,6.36,23.18,34.39,447,0,42,153,227,660
31367020035,66.94,0,5.06,26.94,43.53,569,0,43,229,370,850
31367020036,80.11,0,8.74,33.1,51.03,697,0,76,288,444,870
31367020037,60.82,0.35,6.2,26.29,43.13,863,5,88,373,612,1419
31367020038,85.64,0,6.27,29.7,45.21,519,0,38,180,274,606
31367020039,59.9,0,5.58,26.4,43.65,118,0,11,52,86,197
31367020040,74.14,0,7.98,36.5,50.95,195,0,21,96,134,263
31367020041,79.31,0,5.17,24.14,35.34,92,0,6,28,41,116
31367020042,77.27,0,7.58,30.3,47.98,153,0,15,60,95,198
31367020045,81.7,0,4.02,30.36,45.09,183,0,9,68,101,224
31367020046,63.48,0,8.99,28.7,47.25,219,0,31,99,163,345
31367020047,82.86,0,9.46,36.57,52.43,324,0,37,143,205,391
31367020048,80.65,0,8.39,32.26,48.39,250,0,26,100,150,310
31367020050,75.12,0,3.41,21.95,35.61,154,0,7,45,73,205
31367020052,71.79,0,5.13,28.21,52.56,56,0,4,22,41,78
31367020053,82.61,0,6.09,29.57,42.61,95,0,7,34,49,115
31367020054,55.12,0,7.72,25.67,40.31,350,0,49,163,256,635
31367020055,71.4,0,5.87,28.26,43.66,839,0,69,332,513,1175
31367020056,84.49,0,9.09,33.69,46.52,158,0,17,63,87,187
31367020057,59.4,0,3.85,27.78,45.3,139,0,9,65,106,234
31367020058,85.68,0,6.1,29.34,43.66,365,0,26,125,186,426
31367020064,78.32,0,6.34,32.11,48.88,766,0,62,314,478,978
31400010001,84.5,0,9.69,33.77,52.47,2807,0,322,1122,1743,3322
31400010002,80.35,0.18,9.62,37.7,57.26,1754,4,210,823,1250,2183
31408030001,74.03,0,7.79,27.71,41.99,171,0,18,64,97,231
31411080002,73.97,0,7.53,29.79,47.95,216,0,22,87,140,292
31411080003,76.87,0,8.16,36.73,55.1,113,0,12,54,81,147
31433020002,73.78,0,5.14,22.62,41.65,287,0,20,88,162,389
31433020003,79.44,0.13,9.06,31.68,51.22,1858,3,212,741,1198,2339
31433020006,77.71,0,4.99,27.92,44.16,1478,0,95,531,840,1902
31433020009,79.82,0,6.82,28.07,45.74,890,0,76,313,510,1115
31433020014,84.08,0,9.59,35.75,54.1,903,0,103,384,581,1074
31433020016,80.85,0,7.09,29.82,49.28,1060,0,93,391,646,1311
31433020018,82.45,0.51,8.35,31.86,51.79,484,3,49,187,304,587
31433020019,80.85,0,7.18,30.25,47.49,1013,0,90,379,595,1253
31433020022,87.24,0,7.4,28.06,50.51,342,0,29,110,198,392
31433020023,82.93,0,12.52,39.69,57.75,583,0,88,279,406,703
31433020024,86.68,0.87,6.4,25.09,43.43,501,5,37,145,251,578
31433020025,81.04,0,8.32,39.85,58.41,419,0,43,206,302,517
31433020026,91.06,0,7.3,34.31,53.65,499,0,40,188,294,548
31433020027,83.81,0,8.35,34.72,51.75,502,0,50,208,310,599
31433020028,76.66,0,9.38,38.9,57.89,335,0,41,170,253,437
31433020030,78.12,0,9.38,29.86,47.22,225,0,27,86,136,288
31433020031,81.62,0,8.1,32.41,47.83,413,0,41,164,242,506
31433020032,88.76,0,9.17,36.93,55.73,387,0,40,161,243,436
31433020033,83.1,0,8.45,37.32,60.21,236,0,24,106,171,284
31433020034,73.42,0,6.31,28.24,51.83,221,0,19,85,156,301
31433020035,87.81,0,7.81,35.31,53.12,281,0,25,113,170,320
31433020036,80.48,0,8.96,34.24,53.76,503,0,56,214,336,625
31433020037,77.76,0,10.46,35.55,60.65,409,0,55,187,319,526
31433020038,86.94,0,8.61,37.22,56.67,313,0,31,134,204,360
31433020039,88.19,0,9.45,25.2,46.46,112,0,12,32,59,127
31433020040,84.7,0,9.7,33.58,52.24,227,0,26,90,140,268
31433020048,70.99,0,10.58,32.08,55.29,208,0,31,94,162,293
31448050002,74.18,0,9.99,32.1,53.21,520,0,70,225,373,701
31448050003,78.57,0,6.35,22.22,46.03,99,0,8,28,58,126
31448050004,78,0,5.82,24.21,40.2,844,0,63,262,435,1082
31448050005,79.46,0,6.5,30.36,46.98,526,0,43,201,311,662
31448050006,78.1,0.1,8.89,34.83,51.44,2258,3,257,1007,1487,2891
31448050007,82.5,0,9,34,49.5,165,0,18,68,99,200
31448050008,76.23,0.48,8.24,30.27,50.08,481,3,52,191,316,631
31448050009,73.79,0,13.79,32.41,57.24,107,0,20,47,83,145
31448050010,87.24,0,8.67,28.57,44.9,171,0,17,56,88,196
31448050011,74.29,0,5.71,26.67,38.1,78,0,6,28,40,105
31448050012,83.26,0,8.15,29.18,45.49,194,0,19,68,106,233
31448050013,88,0,9.6,31.2,49.6,110,0,12,39,62,125
31448050014,82.99,0,8.16,20.41,44.22,122,0,12,30,65,147
31479070001,65.09,0,9.01,31.49,49.84,990,0,137,479,758,1521
31487070001,91.05,0,5.85,33.05,47.5,529,0,34,192,276,581
31493090001,72.56,0,5.12,25.12,47.44,156,0,11,54,102,215
31493090002,88.94,0,7.66,34.47,50.21,209,0,18,81,118,235
31493090004,86.57,0,10.04,35.87,53.13,1354,0,157,561,831,1564
31493090005,84.93,0,8.22,32.19,51.37,124,0,12,47,75,146
31493090006,88.24,0,15.29,42.35,68.24,75,0,13,36,58,85
31511070001,85.78,0,6.77,23.7,39.05,380,0,30,105,173,443
31519090002,57.59,0,8.86,30.38,43.04,91,0,14,48,68,158
31522040002,78.43,0,6.97,29.33,45.28,698,0,62,261,403,890
31522040003,83.5,0,6.8,25.24,42.72,86,0,7,26,44,103
31522040004,73.82,1.58,9.15,35.65,50.16,234,5,29,113,159,317
31528080001,67.06,0,8.38,32.75,46.39,344,0,43,168,238,513
31546060001,76.35,0,7.15,30.45,47.04,1740,0,163,694,1072,2279
31546060005,73.25,0,6.58,28.92,45.11,846,0,76,334,521,1155
31546060006,80.32,0,8.89,34.58,54.1,3461,0,383,1490,2331,4309
31546060008,86.7,0,8.62,36.57,55.7,1278,0,127,539,821,1474
31546060009,84.43,0,9.63,32.17,51.84,412,0,47,157,253,488
31546060010,80.15,0,10.42,31.02,52.36,323,0,42,125,211,403
31546060011,78.74,0,7.58,30.98,51.65,1215,0,117,478,797,1543
31546060013,80.97,0.65,7.29,28.91,46.72,1000,8,90,357,577,1235
31546060014,86.97,0,7.57,30.29,46.66,781,0,68,272,419,898
31546060015,78.4,0,4.93,27,46.95,334,0,21,115,200,426
31546060016,83.32,0,9.84,36.35,54.87,1584,0,187,691,1043,1901
31546060017,76.09,0,9.91,42.27,58.6,261,0,34,145,201,343
31546060018,86.54,0,8.17,34.64,49.71,752,0,71,301,432,869
31546060019,82.68,0,7.82,36.87,51.96,148,0,14,66,93,179
31546060020,85.25,0,8.94,37.73,54.61,601,0,63,266,385,705
31546060021,78.36,0,5.97,33.58,51.12,420,0,32,180,274,536
31546060022,89.6,0,8.56,42.51,57.19,293,0,28,139,187,327
31546060023,76,0,6.97,29.68,47.51,763,0,70,298,477,1004
31546060024,82.28,0,10.21,31.83,47.75,274,0,34,106,159,333
31546060025,90.73,0,9.68,37.1,51.61,225,0,24,92,128,248
31546060026,79.41,0,8.68,30.95,46.64,567,0,62,221,333,714
31546060027,82.12,0,9.59,35.41,53.8,951,0,111,410,623,1158
31546060028,83.75,0,7.59,31.91,47.76,861,0,78,328,491,1028
31546060029,83.16,0.17,7.16,28.88,44.21,1486,3,128,516,790,1787
31546060030,89.12,0,9.52,38.78,57.14,131,0,14,57,84,147
31546060031,83.44,0,7.28,31.13,53.64,126,0,11,47,81,151
31546060032,81.78,0,9.3,36.05,53.88,211,0,24,93,139,258
31546060033,80.29,0,6.09,32.46,50.43,277,0,21,112,174,345
31546060034,79.08,0,7.81,33.61,51.49,1508,0,149,641,982,1907
31546060035,78.11,0,7.93,33.86,50.75,985,0,100,427,640,1261
31546060036,79.82,0,10.18,36.91,52.36,439,0,56,203,288,550
31546060037,77.42,0,9.01,34.33,51.04,593,0,69,263,391,766
31546060038,92.35,0,9.29,38.8,62.84,169,0,17,71,115,183
31546060039,84.92,0,6.64,31.78,50.27,473,0,37,177,280,557
31546060040,83.81,0,8.57,40,55.62,440,0,45,210,292,525
31546060041,77.86,0,6.41,31.76,50.23,510,0,42,208,329,655
31546060043,82.43,0,8.79,37.21,54.26,319,0,34,144,210,387
31548040001,82.56,0,5.81,33.72,47.67,142,0,10,58,82,172
31548040002,65.17,0,6.18,20.22,37.64,116,0,11,36,67,178
31567000003,84.6,0,5.92,27.17,44.08,1071,0,75,344,558,1266
31567000004,73.8,0,7.45,27.79,43.75,555,0,56,209,329,752
31567000008,78.75,1.01,7.76,35.41,54.13,467,6,46,210,321,593
31567000009,81.65,0.43,9.62,37.49,55.7,2300,12,271,1056,1569,2817
31567000010,82.11,0,10.57,22.76,31.71,101,0,13,28,39,123
31567000011,82.03,0,8.16,34.24,50.44,1296,0,129,541,797,1580
31578070001,83.33,0,6.25,28.82,46.18,240,0,18,83,133,288
31578070002,82.85,0,5.81,27.62,44.48,1425,0,100,475,765,1720
31578070003,80.76,0,7.39,32.6,49.91,1880,0,172,759,1162,2328
31578070004,78.39,0,4.17,30.47,47.92,301,0,16,117,184,384
31578070005,82.31,0,7.22,32.49,49.1,456,0,40,180,272,554
31578070006,83.7,0,8.49,36.8,55.04,5924,0,601,2605,3896,7078
31578070007,83.87,0,8.49,34.3,52.97,494,0,50,202,312,589
31578070008,74.54,0,9.72,35.34,54.44,445,0,58,211,325,597
31578070009,82.34,0.34,9.21,33.7,51.86,2663,11,298,1090,1677,3234
31578070010,84.2,0,7.84,34.53,54.36,773,0,72,317,499,918
31578070011,75.56,0,10.12,32.35,54.81,306,0,41,131,222,405
31578070012,80.73,0,10.2,39,54.54,712,0,90,344,481,882
31578070015,81.18,0.18,7.91,34.11,51.57,3213,7,313,1350,2041,3958
31578070016,89.73,0,7.22,31.18,50.95,236,0,19,82,134,263
31578070017,77.36,0,6.49,29.72,48.47,656,0,55,252,411,848
31596050001,60.24,0,7.63,32.13,52.21,150,0,19,80,130,249
31629220001,86.78,0,5.8,26.63,35.33,479,0,32,147,195,552
31629220002,81.68,0,3.82,25.95,32.06,107,0,5,34,42,131
31629220003,85.82,1.18,5.67,32.39,49.41,363,5,24,137,209,423
31629550001,77.57,0,7.11,33.46,54.9,633,0,58,273,448,816
31655370001,89.38,0,8.06,31.87,49.45,244,0,22,87,135,273
31672020002,87.18,0,14.42,46.15,64.1,272,0,45,144,200,312
31686060005,83.18,0,7.88,29.33,44.68,1024,0,97,361,550,1231
31686060007,90.99,0,7.75,33.8,48.45,646,0,55,240,344,710
31686060008,84.46,0.89,8.21,34.29,51.61,473,5,46,192,289,560
31686060009,85.39,0,9.54,34.38,51.52,1011,0,113,407,610,1184
31686060010,80.65,0,10.59,38.05,54.16,746,0,98,352,501,925
31686060011,82,2.11,6.89,33.9,48.52,583,15,49,241,345,711
31686060012,87.76,0,9.41,35.77,56.17,839,0,90,342,537,956
31686060013,85.04,0,7.66,43.43,56.2,233,0,21,119,154,274
31686060014,84.54,0,7.99,31.43,48.42,1154,0,109,429,661,1365
31687050001,80.89,0,8.38,31.2,46.6,1177,0,122,454,678,1455
31687050002,74.78,0,6.19,25.79,41.21,1183,0,98,408,652,1582
31687050003,78.29,0,6.27,27.08,41.13,1399,0,112,484,735,1787
31687050004,82.97,0,7.43,31.78,46.91,2446,0,219,937,1383,2948
31687050005,82.5,0,8.32,31.46,47.37,674,0,68,257,387,817
31687050006,75.73,0,5.76,26.82,39.94,802,0,61,284,423,1059
31701070011,64.76,0,11.43,29.52,48.57,68,0,12,31,51,105
31701070012,55.51,0,5.17,28.99,47.19,247,0,23,129,210,445
31701070013,64.57,0,7.32,27.95,43.65,432,0,49,187,292,669
31701070014,54.92,0,5.08,21.9,33.02,173,0,16,69,104,315
31701070015,61.13,0,8.91,27.13,45.75,151,0,22,67,113,247
31701070016,71.34,0,7.82,28.99,43.65,219,0,24,89,134,307
31701070017,74.53,0,6.21,25.47,45.34,480,0,40,164,292,644
31701070018,54.18,0,3.72,24.15,40.87,175,0,12,78,132,323
31701070019,73.2,0,10,33.6,49.6,183,0,25,84,124,250
31701070020,65.56,0,7.4,27.81,50,514,0,58,218,392,784
31702060001,76.03,0.06,9.8,37.24,53.87,4073,3,525,1995,2886,5357
31702060003,75.52,0.25,8.9,36.32,52.94,1231,4,145,592,863,1630
31702060004,74.72,0,9.97,37.28,55.47,2391,0,319,1193,1775,3200
31702060005,73.53,0,7.18,35.54,53.5,389,0,38,188,283,529
31702060006,78.1,0,9.07,36.09,55.64,1266,0,147,585,902,1621
31702060008,70.72,0,5.8,30.11,44.75,256,0,21,109,162,362
31702060010,77.16,0,7.72,34.26,50,250,0,25,111,162,324
31702060011,78.65,0,10.43,33.17,52.7,1297,0,172,547,869,1649
31702060012,72.44,0.05,7.68,32.92,50.9,9530,6,1010,4331,6696,13155
31702060013,75,0,8.75,32.5,48.75,60,0,7,26,39,80
31702060014,67.53,0,6.75,27.01,40.78,260,0,26,104,157,385
31702060015,83.52,0,7.26,29.33,47.49,299,0,26,105,170,358
31702060016,83.2,0,10.94,42.06,62.25,540,0,71,273,404,649
31702060017,65.62,0,6.25,31.25,50,63,0,6,30,48,96
31702060018,81.63,0,7.14,36.22,53.57,160,0,14,71,105,196
31702060019,76.92,0,6.92,33.08,51.54,200,0,18,86,134,260
31702060020,67.26,0,10.74,42.97,61.13,263,0,42,168,239,391
31702060022,66.13,0,8.06,33.06,50,82,0,10,41,62,124
31702060023,51.49,0,10.45,34.33,55.22,69,0,14,46,74,134
31702060024,72.25,0,6.04,28.57,48.63,263,0,22,104,177,364
31702060025,70.21,0,6.1,30.66,49.65,403,0,35,176,285,574
31702060026,65.19,0,8.29,34.81,49.17,118,0,15,63,89,181
31702060028,81.85,1.27,8.28,39.81,59.55,257,4,26,125,187,314
31702060029,79,0,4,32,43,79,0,4,32,43,100
31712040001,79.22,0,9.94,30.06,48.72,709,0,89,269,436,895
31712040002,81.66,0.05,6.83,31.17,50.08,4880,3,408,1863,2993,5976
31712040003,79.77,0,7.84,31.63,50.75,2666,0,262,1057,1696,3342
31712040004,81.1,0,7.22,34.39,51.59,382,0,34,162,243,471
31712040005,81.89,0,8.14,34.13,54.14,3532,0,351,1472,2335,4313
31712040006,80.57,0,6.96,30.94,45.23,1099,0,95,422,617,1364
31712040007,82.97,0,7.64,31.61,48.35,2236,0,206,852,1303,2695
31712040008,80.86,0,5.86,30.08,44.14,207,0,15,77,113,256
31713030001,78.22,0,7.04,28.31,46.23,467,0,42,169,276,597
32001020001,81.2,0,9.69,33.33,50.28,570,0,68,234,353,702
32001020002,75.59,0,6.57,27.46,41.08,322,0,28,117,175,426
32001020006,63.13,0,8.49,23.87,38.2,238,0,32,90,144,377
32001020009,65.22,0,4.06,25.51,38.26,225,0,14,88,132,345
32001690002,82.03,0,5.99,29.95,43.32,178,0,13,65,94,217
32002010002,63.24,0,5.3,28.04,42.68,203,0,17,90,137,321
32002010007,59.95,0,5.79,28.72,40.3,238,0,23,114,160,397
32002010014,84.75,0,8.51,37.59,51.06,239,0,24,106,144,282
32002010026,69.69,0,7.73,27.19,41.01,469,0,52,183,276,673
32003590002,70.81,0,7.66,28.23,40.91,296,0,32,118,171,418
32003590004,80.08,0,5.51,36.02,44.07,189,0,13,85,104,236
32004090001,77.45,1.01,7.63,34.62,49.37,924,12,91,413,589,1193
32004090005,72.08,1.41,10.25,33.57,51.24,204,4,29,95,145,283
32006070001,77.24,0,9.6,38.49,56.36,869,0,108,433,634,1125
32006070003,84.79,0.55,7.99,34.79,52.74,775,5,73,318,482,914
32006070004,75.96,0,7.19,29.3,43.86,433,0,41,167,250,570
32006070009,79.61,1.96,9.5,32.12,50,285,7,34,115,179,358
32006070014,77.04,2.52,8.18,30.5,48.43,245,8,26,97,154,318
32006070015,74.87,0,7.75,29.5,44.3,840,0,87,331,497,1122
32006070021,71.5,3.63,4.66,30.57,43.52,138,7,9,59,84,193
32007060001,75.8,0,10.21,34.83,49.51,542,0,73,249,354,715
32007060002,72.44,0,7.74,29.61,43.74,318,0,34,130,192,439
32007060003,47.83,0,5.07,19.57,31.88,66,0,7,27,44,138
32008050004,81.38,0.22,8.31,33.11,48.71,1831,5,187,745,1096,2250
32008050005,74.97,0.35,8.32,32.7,49,1270,6,141,554,830,1694
32008050006,72.89,0,9.45,35.82,51.24,293,0,38,144,206,402
32008050009,72.64,0,6.54,25.18,40.92,300,0,27,104,169,413
32009040001,78.17,0,6.56,33.24,48.5,548,0,46,233,340,701
32009040002,76.33,0,8.19,33.1,50,429,0,46,186,281,562
32009040003,67.62,0,7.74,30.19,45.67,804,0,92,359,543,1189
32009040004,77.02,0,9.52,33.75,50.52,372,0,46,163,244,483
32009040005,76.29,0,4.64,25.26,36.6,148,0,9,49,71,194
32009040006,80.81,0,8.67,33.29,49.87,2097,0,225,864,1294,2595
32009040007,74.1,0,6.37,25.69,43.1,349,0,30,121,203,471
32009040008,77.57,0,6.27,28.14,45.82,408,0,33,148,241,526
32009040009,70.64,0,7.39,30.6,44.97,344,0,36,149,219,487
32009040010,75,0,10.76,34.03,50,216,0,31,98,144,288
32009040011,77.12,0.24,5.64,28.83,43.13,971,3,71,363,543,1259
32009040012,70.1,0,9,30.77,44.85,966,0,124,424,618,1378
32009040013,69.79,0,6.36,24.17,34.18,439,0,40,152,215,629
32011000001,69.35,0,7.72,30.65,45.09,629,0,70,278,409,907
32011000002,43.7,0,7.25,22.33,36.83,229,0,38,117,193,524
32011000003,44.36,0,5.2,25.35,40.3,350,0,41,200,318,789
32012090001,73.38,0,9.42,31.82,47.73,226,0,29,98,147,308
32012090002,59.59,0,4.51,22.37,36.09,317,0,24,119,192,532
32012090004,80.21,0,8.33,31.25,43.23,154,0,16,60,83,192
32012090006,48.58,0,7.31,23.58,35.85,206,0,31,100,152,424
32012090008,75.39,0.22,8.76,32.27,48.46,1369,4,159,586,880,1816
32012090009,72.99,0,7.15,28.75,42.6,1470,0,144,579,858,2014
32012090010,63.99,0,8.23,29.01,44.86,622,0,80,282,436,972
32012090012,78.25,0,7.43,29.97,47.75,295,0,28,113,180,377
32012090013,70.2,0,7.14,30.04,45.89,2879,0,293,1232,1882,4101
32012090014,69,0,6.36,27.03,41.65,434,0,40,170,262,629
32012090015,76.64,0,7.41,32.78,48.35,1831,0,177,783,1155,2389
32012090016,61.97,0,4.86,23.75,34.26,1020,0,80,391,564,1646
32012090017,58.51,0,6.34,25.44,40.61,729,0,79,317,506,1246
32012090020,69.65,0,8.25,31.04,46.48,1317,0,156,587,879,1891
32012090023,71.25,0,7.55,29.37,44.36,689,0,73,284,429,967
32012090024,66.67,0,8.16,32.62,50,188,0,23,92,141,282
32012090025,68.78,0,5.86,26.92,40.56,1326,0,113,519,782,1928
32012090027,60.91,0,7.57,25.57,41.59,829,0,103,348,566,1361
32012090029,40.37,0,5.19,25,39.39,373,0,48,231,364,924
32012090031,57.95,0,6.67,27.59,41.13,565,0,65,269,401,975
32012090033,65.38,0,6.15,30.38,46.15,170,0,16,79,120,260
32012090034,50.99,0,3.53,17.88,32.23,231,0,16,81,146,453
32012090036,56.47,0,6.05,25.38,41.34,336,0,36,151,246,595
32012090037,54.81,0,5.5,19.84,35.95,279,0,28,101,183,509
32012090039,77.1,0,9.35,35.48,49.03,478,0,58,220,304,620
32012090040,60.59,0,7.01,26.09,38.15,432,0,50,186,272,713
32012090041,59.02,0,5.05,25.55,40.16,432,0,37,187,294,732
32012090042,56.59,0,5.43,17.83,39.53,73,0,7,23,51,129
32012090043,76.01,0,7.05,23.46,36.68,431,0,40,133,208,567
32012090044,50.53,0,7.77,23.32,43.46,143,0,22,66,123,283
32012090048,64.52,0,4.52,0,0,100,0,7,0,0,155
32012090050,68.83,0,6.45,27.92,41.02,1356,0,127,550,808,1970
32012090051,54.6,0,6.42,25.35,40.24,825,0,97,383,608,1511
32012090053,67.56,0,6.77,28.34,44.74,379,0,38,159,251,561
32012090054,57.49,0,4.66,23.96,36.83,679,0,55,283,435,1181
32012090055,69.52,0,7.71,29.09,44.61,748,0,83,313,480,1076
32012090056,58.49,0,5.66,20.75,35.22,186,0,18,66,112,318
32012090057,56.8,0,2.67,19.17,33.5,234,0,11,79,138,412
32013080002,76.12,0,7.27,28.03,46.37,440,0,42,162,268,578
32013080003,84.68,0,6.32,33.81,49.29,536,0,40,214,312,633
32013080005,68.44,0,4.89,28,41.78,154,0,11,63,94,225
32013080006,66.52,0,5.88,22.17,34.84,147,0,13,49,77,221
32013080007,74.53,0,6.67,30.15,42.84,1498,0,134,606,861,2010
32013080008,71.97,0,5.42,26.22,41.59,398,0,30,145,230,553
32013080012,77.05,0,7.15,33.22,49.22,1088,0,101,469,695,1412
32013080013,83.91,0,10.57,39.19,51.6,683,0,86,319,420,814
32013080014,81.67,0,7.98,31.97,49.21,2322,0,227,909,1399,2843
32013080015,81.36,0,8.48,36.49,51.99,3770,0,393,1691,2409,4634
32013080016,81.19,0,10.26,35.8,53.42,1424,0,180,628,937,1754
32013080017,84.75,0.42,8.47,40.11,54.52,600,3,60,284,386,708
32013080021,82.15,0,9.8,39.92,52.19,1031,0,123,501,655,1255
32013080023,81.97,0,11.15,34.1,48.85,250,0,34,104,149,305
32013080027,75.23,0,5.74,34.14,48.94,249,0,19,113,162,331
32013080028,79.24,0,5.92,28.21,43,1500,0,112,534,814,1893
32013080029,76.91,0,5.9,23.61,37.85,443,0,34,136,218,576
32013080031,78.09,0,9,32.44,49.47,816,0,94,339,517,1045
32013080032,80.01,0,7.4,31.31,46.84,3946,0,365,1544,2310,4932
32013080033,74.4,0,9.87,29.87,46.93,279,0,37,112,176,375
32013080034,81.9,0,6.03,39.66,52.59,95,0,7,46,61,116
32013080035,67.85,0,6.09,25.78,38.81,479,0,43,182,274,706
32013080036,75.56,0,6.95,29.19,44.49,1240,0,114,479,730,1641
32013080037,77.72,0,5.45,28.71,44.39,471,0,33,174,269,606
32013080038,85.51,0,9.35,36.68,53.04,366,0,40,157,227,428
32013080039,77,0,6.3,29.64,45.66,452,0,37,174,268,587
32013080040,74.6,0.35,7.03,31.36,46.54,1941,9,183,816,1211,2602
32013080041,75.03,0.76,8.62,31.94,45.12,592,6,68,252,356,789
32013080042,72.21,0,7.03,28.57,43.51,2219,0,216,878,1337,3073
32013080043,82.78,0,8.53,34.18,49.67,1630,0,168,673,978,1969
32013080044,83.34,0.27,9.28,36.45,53.52,1221,4,136,534,784,1465
32013080045,69.34,0,6.2,26.46,39.42,380,0,34,145,216,548
32013080047,80.31,0,8.7,32.23,42.71,628,0,68,252,334,782
32013080049,73.32,0,9.43,30.73,45.55,272,0,35,114,169,371
32013080050,70.83,0,7.25,28.44,45.29,391,0,40,157,250,552
32013080052,80.16,0,8.04,31.64,48.79,299,0,30,118,182,373
32013080053,80.26,0,6.58,0,0,61,0,5,0,0,76
32013080054,77.42,0,7.86,26.21,42.74,384,0,39,130,212,496
32013080056,79.7,0,5.94,28.96,42.57,322,0,24,117,172,404
32013080057,75.83,0,5.44,27.86,42.43,781,0,56,287,437,1030
32013080060,78.97,0.16,6.09,28.27,41.69,1919,4,148,687,1013,2430
32013080062,72.55,0.13,7.21,31.8,46.66,2183,4,217,957,1404,3009
32013080063,73.97,0.06,5.96,26.33,39.5,3425,3,276,1219,1829,4630
32013080065,80,0,6.79,31.7,41.13,212,0,18,84,109,265
32013080067,67.48,0.73,8.25,28.88,40.78,278,3,34,119,168,412
32013080068,67.23,0,4.47,25.96,39.79,316,0,21,122,187,470
32013080069,80.07,0,6.35,29.13,39.87,731,0,58,266,364,913
32013080071,74.07,0,8.68,33.08,48.66,580,0,68,259,381,783
32013080072,72.96,0,5.92,27.79,44,1368,0,111,521,825,1875
32013080073,85.66,0,5.18,31.08,44.22,215,0,13,78,111,251
32013080075,75.18,0.32,7.8,32.62,46.62,1166,5,121,506,723,1551
32013080076,68.45,0,6.31,23.5,36.28,434,0,40,149,230,634
32013080077,68.13,0,6.08,26.8,39.53,605,0,54,238,351,888
32013080082,67.23,0,6.46,24.92,37.38,437,0,42,162,243,650
32013080084,63.86,0,6.08,22.89,37.13,1417,0,135,508,824,2219
32013080086,74.91,0,6.99,29.03,46.24,418,0,39,162,258,558
32013080088,53.58,0,9.55,30.77,45.09,202,0,36,116,170,377
32013080089,72.21,0,5.68,26.03,41.39,738,0,58,266,423,1022
32013080091,67.25,0,6,27.75,42.25,538,0,48,222,338,800
32013080101,78.73,0.09,7.92,33.26,48.66,3380,4,340,1428,2089,4293
32013080102,74.49,0,5.23,25.14,37.48,797,0,56,269,401,1070
32013080103,88.68,0,5.03,24.21,37.42,282,0,16,77,119,318
32013080104,83.02,0,7.83,32.39,47.33,2440,0,230,952,1391,2939
32013080105,87.22,0,9.52,37.03,50.94,1392,0,152,591,813,1596
32013080106,76.44,0,6.94,30.24,44.92,1729,0,157,684,1016,2262
32013080107,79.88,0,7.54,33.69,48.4,1802,0,170,760,1092,2256
32013080108,72.97,0,8.49,26.25,37.84,189,0,22,68,98,259
32013080110,82.25,0,8.52,33.37,48.88,811,0,84,329,482,986
32013080111,79.15,0.41,8.37,31.53,50.33,964,5,102,384,613,1218
32013080112,83.66,0,7.59,30.69,46.04,507,0,46,186,279,606
32013080113,75.86,0,5.7,26.39,42.58,506,0,38,176,284,667
32013080114,75.09,0,6.14,26.9,40.85,1248,0,102,447,679,1662
32013080115,78.01,0,8.22,32.99,49.85,759,0,80,321,485,973
32013080116,78,0,8.58,33.1,48.28,1454,0,160,617,900,1864
32013080117,75.18,0,6.97,30.32,43.64,615,0,57,248,357,818
32013080118,74.86,0,9.6,35.03,49.72,265,0,34,124,176,354
32013080120,79.72,0,8.11,35.29,51.93,393,0,40,174,256,493
32013080137,82.45,0,6.65,30.15,46.28,1165,0,94,426,654,1413
32013080139,74.73,0,5.88,26.47,41.07,686,0,54,243,377,918
32014070001,74.59,0,6.76,28.92,44.86,276,0,25,107,166,370
32015060001,54.92,0,4.53,20.87,35.04,279,0,23,106,178,508
32015060002,79.42,0,8.85,31.64,50.66,359,0,40,143,229,452
32015060003,67.27,0,6.19,24.75,38.72,337,0,31,124,194,501
32015060004,81.18,0,8.01,27.41,44.5,841,0,83,284,461,1036
32015060005,75.17,0,6.64,27.25,42.88,1087,0,96,394,620,1446
32015060006,58.17,0,6.52,22.89,37.68,1499,0,168,590,971,2577
32015060007,75,0,5.45,25.45,44.55,165,0,12,56,98,220
32015060009,64.14,0,4.46,22.39,37.56,719,0,50,251,421,1121
32015060010,61.05,0,5.59,23.87,39.87,862,0,79,337,563,1412
32015060011,59.89,0,5.43,18.21,31.35,342,0,31,104,179,571
32015060012,71.66,0,6.82,27.66,43.03,956,0,91,369,574,1334
32015060015,70.46,0,5.96,27.69,42.3,911,0,77,358,547,1293
32015060016,53.85,0,6.06,26.34,38.46,231,0,26,113,165,429
32015060017,66.08,0,6.17,23.79,37.89,150,0,14,54,86,227
32015060018,47.99,0,5.93,21.47,39.62,275,0,34,123,227,573
32015060019,77.92,0,6.63,27.75,41.73,1376,0,117,490,737,1766
32015060020,75.95,0,5.9,25.32,40.69,657,0,51,219,352,865
32015060022,75.79,0,9.66,32.17,48.96,1562,0,199,663,1009,2061
32015060023,64.62,0,6.15,26.67,37.95,126,0,12,52,74,195
32015060024,63.78,0,5.48,24.73,36.93,361,0,31,140,209,566
32015060025,72.74,0,5.78,24.55,41.16,403,0,32,136,228,554
32015060037,77.55,0,6.35,26.76,42.63,342,0,28,118,188,441
32015060038,70.67,0,6.97,27.72,42.88,923,0,91,362,560,1306
32015060040,67.27,0,4.63,23.25,36.91,596,0,41,206,327,886
32015060041,65.32,0,5.88,23.29,39,1467,0,132,523,876,2246
32015060042,81.34,0,7.83,31.57,47.24,353,0,34,137,205,434
32015060046,81.42,0,5.74,25.17,39.86,482,0,34,149,236,592
32016050001,78.75,0,5,24,37.25,315,0,20,96,149,400
32016050002,80.61,0,7.14,32.82,47.79,474,0,42,193,281,588
32016050003,83.54,0,9.22,28.75,44.3,462,0,51,159,245,553
32016050004,80.65,0,9.68,32.9,43.87,125,0,15,51,68,155
32016050005,80.95,4.31,7.94,30.84,46.26,357,19,35,136,204,441
32016050006,80.56,2.99,8.97,33.55,48.08,377,14,42,157,225,468
32016050007,85.98,0,8.41,35.51,53.74,184,0,18,76,115,214
32017040001,65.8,0,8.5,29.94,46.21,356,0,46,162,250,541
32021080001,78.32,0,7.88,26.9,41.59,885,0,89,304,470,1130
32021080002,82.05,0,7.18,31.54,44.36,320,0,28,123,173,390
32021080003,80.57,0,8.09,28.37,44.54,568,0,57,200,314,705
32021080015,77.23,0,4.97,25.39,38.74,295,0,19,97,148,382
32021080018,78.61,0,7.46,28.36,41.79,158,0,15,57,84,201
32021080019,81.86,0,7.48,28.8,43.54,361,0,33,127,192,441
32022070001,78.51,0,8.6,33.52,45.27,274,0,30,117,158,349
32022070002,76.5,0,6.41,29.06,45.09,358,0,30,136,211,468
32022070004,75.18,0,8.03,28.47,43.8,103,0,11,39,60,137
32022070005,65.44,0,7.26,29.4,45.14,532,0,59,239,367,813
32022070007,79.67,0.24,7.7,31.53,44.72,1003,3,97,397,563,1259
32023060006,65.68,0,9.86,35.5,52.86,333,0,50,180,268,507
32023060008,55.14,0,6.78,27.57,41.12,236,0,29,118,176,428
32023060012,74.45,0,9.49,34.31,52.55,408,0,52,188,288,548
32024050001,79.6,0,6.78,28.91,45.89,1842,0,157,669,1062,2314
32024050002,71.5,0.38,7.73,28.87,44.03,1887,10,204,762,1162,2639
32024050003,75.91,0.57,6.99,33.35,46.86,1607,12,148,706,992,2117
32024050004,88.34,0,5.52,29.14,42.33,288,0,18,95,138,326
32024050005,79.42,0,8.46,36.47,51.69,845,0,90,388,550,1064
32024050006,75.56,0,7.54,31.94,45.56,1874,0,187,792,1130,2480
32024050007,79.29,0.31,8.24,33.76,50.03,2818,11,293,1200,1778,3554
32024050008,84.89,0.21,6.51,37.41,50.28,2855,7,219,1258,1691,3363
32024050010,78.97,0.31,7.88,34.11,46.15,2276,9,227,983,1330,2882
32024050013,67.52,0.7,5.8,29.23,42.23,291,3,25,126,182,431
32024050014,73.96,0.36,8.02,30.93,45.59,1014,5,110,424,625,1371
32024050017,73.96,0,15.62,34.38,0,71,0,15,33,0,96
32024050018,82.08,0,4.72,23.58,34.91,87,0,5,25,37,106
32024050019,73.54,0,6.29,24.73,40.13,339,0,29,114,185,461
32024050021,69.76,0,6.91,27.52,40.54,616,0,61,243,358,883
32024050022,75.73,0,9.52,32.87,48.9,652,0,82,283,421,861
32024050028,64.33,0,7.33,23,40.67,193,0,22,69,122,300
32024050029,73.2,0.89,7.68,31.43,44.73,743,9,78,319,454,1015
32024050031,81.63,0.8,7.59,31.6,48.74,1333,13,124,516,796,1633
32024050032,64.29,0,3.97,21.63,34.92,648,0,40,218,352,1008
32024050033,70.65,0,6.55,27.79,42.7,1360,0,126,535,822,1925
32024050034,90.85,0,7.75,34.51,54.23,129,0,11,49,77,142
32024050038,72,0,4,25,35.5,144,0,8,50,71,200
32024540001,69.19,0,7.75,32.75,51.16,357,0,40,169,264,516
32024540002,66.55,0,8,30.91,50.55,183,0,22,85,139,275
32027020001,62,0,6.89,25.65,37.89,522,0,58,216,319,842
32028010002,67.08,0.88,7.88,36.95,54.47,383,5,45,211,311,571
32028010003,69.88,0,10.73,36.42,50.98,710,0,109,370,518,1016
32028010005,51.2,0.44,6.53,30.31,44.23,706,6,90,418,610,1379
32028010006,51.25,0,5.78,27.7,42.09,470,0,53,254,386,917
32030070001,64.21,0,8.39,32.84,47.72,1308,0,171,669,972,2037
32030560001,82.71,0.42,7.95,34.73,49.23,593,3,57,249,353,717
32030560002,82.57,0,12.84,39.91,52.98,360,0,56,174,231,436
32030560003,85.82,1.12,12.69,40.11,56.53,460,6,68,215,303,536
32031300001,88.33,0,5,27.22,43.33,159,0,9,49,78,180
32032050001,87.95,0,8.16,31.99,51.3,679,0,63,247,396,772
32032050002,80.71,0,6.52,28.94,48.09,569,0,46,204,339,705
32032050003,86.4,0,6.87,34.46,53.76,667,0,53,266,415,772
32032050004,78.46,0,5.25,23.64,43.26,448,0,30,135,247,571
32032050005,84.19,1.41,11.42,35.37,55.24,538,9,73,226,353,639
32032050006,72.45,0,7.75,28.04,44.28,589,0,63,228,360,813
32032050008,80.32,0,9.84,34.74,53.42,1045,0,128,452,695,1301
32032050009,83.52,0,9.62,36.38,54.81,512,0,59,223,336,613
32032050012,77.61,0,11.94,41.79,60.45,104,0,16,56,81,134
32032050013,86.33,0,8.54,35.39,54.61,1244,0,123,510,787,1441
32032050014,83.12,0,6.88,29.38,46.25,133,0,11,47,74,160
32032050015,82.17,0,9.41,38.08,55.82,917,0,105,425,623,1116
32032050016,75.89,0,7.14,29.75,46.67,1574,0,148,617,968,2074
32032050017,82.24,0.41,9.84,35.38,53.55,602,3,72,259,392,732
32032050018,88.19,0,8.94,36.24,54.93,769,0,78,316,479,872
32032050020,79.14,1.72,7.85,33.66,52.04,736,16,73,313,484,930
32032050028,75.19,0,9.88,33.95,51.6,609,0,80,275,418,810
32033200001,59.02,0,7.49,29.04,44.59,1766,0,224,869,1334,2992
32033200002,63.62,0,9.41,35.11,53.93,453,0,67,250,384,712
32033200003,48.3,0.2,7.07,32.46,48.49,738,3,108,496,741,1528
32033200004,65.11,0,7.55,33.81,46.4,362,0,42,188,258,556
32033200005,55.59,0,7.21,27.45,42.3,1134,0,147,560,863,2040
32033200006,60.73,0,4.11,32.42,45.21,133,0,9,71,99,219
32033200007,62.96,0,8.06,32.82,48.56,328,0,42,171,253,521
32033460001,62.38,0,8.04,31.83,49.52,194,0,25,99,154,311
32035020001,91.53,0,9.32,42.37,55.93,108,0,11,50,66,118
32038090001,77.27,0,4.55,25.76,0,51,0,3,17,0,66
32038090003,60.19,0,4.85,20.39,0,62,0,5,21,0,103
32039080001,80.61,0,8.88,35.05,48.36,345,0,38,150,207,428
32039080002,68.44,0,7.67,29.79,44.69,464,0,52,202,303,678
32039080003,76.61,0,10.98,35.32,54.42,321,0,46,148,228,419
32039080004,66.16,0,3.05,21.37,34.86,260,0,12,84,137,393
32039080005,63.01,0,6.85,21.23,32.19,92,0,10,31,47,146
32040050002,69.43,0,6.48,29.02,42.49,268,0,25,112,164,386
32040050003,65.08,0,5.29,26.46,35.98,123,0,10,50,68,189
32040050004,76.91,0,5.89,28.99,43.19,796,0,61,300,447,1035
32040050005,72.85,0,6.93,29.59,43.26,389,0,37,158,231,534
32040050006,63.87,0.63,5.88,28.78,39.5,304,3,28,137,188,476
32040050007,79.13,1.19,7.95,28.23,41.15,398,6,40,142,207,503
32040540001,92.73,0,16.36,43.64,56.36,51,0,9,24,31,55
32041040002,86.96,0,8.43,31.64,48.33,547,0,53,199,304,629
32041040003,87.49,0,8.49,34.82,51.14,804,0,78,320,470,919
32042030001,62.24,0,7.55,32.63,48.64,206,0,25,108,161,331
32042030002,60.79,0,8.17,30.7,46.6,707,0,95,357,542,1163
32042030004,61.86,0,4.81,26.46,38.14,180,0,14,77,111,291
32042030007,50.9,0,7.22,23.1,40.07,141,0,20,64,111,277
32042030011,56.82,0,3.64,20.91,35.91,125,0,8,46,79,220
32044010001,64.47,0,7.41,28.94,42.12,548,0,63,246,358,850
32044010002,70.52,0,7.12,25.36,41.82,634,0,64,228,376,899
32045590001,52.2,0,7.55,24.53,42.77,83,0,12,39,68,159
32046090004,57.8,0,6.93,28.5,45.04,367,0,44,181,286,635
32046580001,71.97,0,7.46,27.53,46.1,434,0,45,166,278,603
32046580003,76.52,0,6.52,24.78,43.48,176,0,15,57,100,230
32047080004,84.94,0,8.49,30.89,45.95,220,0,22,80,119,259
32048070001,55.64,0,2.72,25.68,36.96,143,0,7,66,95,257
32048070002,62.84,0,8.36,25.22,41.64,421,0,56,169,279,670
32049060002,82.29,0.87,7.98,33.92,49.75,660,7,64,272,399,802
32049060003,78.84,1.01,8.56,28.46,49.62,313,4,34,113,197,397
32049060004,86.6,0,8.31,37.27,54.69,323,0,31,139,204,373
32049060005,82.78,0,10.28,31.75,48.97,644,0,80,247,381,778
32049060007,80.68,0,6.14,29.77,44.27,1274,0,97,470,699,1579
32049060009,88.27,0,8.9,36.23,53.19,843,0,85,346,508,955
32049060011,81.55,0.58,8.54,35.87,51.1,707,5,74,311,443,867
32049060012,83.24,1.02,10.08,37.83,55.21,1470,18,178,668,975,1766
32049060013,86.36,0.82,8.05,32.33,48.84,633,6,59,237,358,733
32049060014,80.33,0,9.2,36.9,53.78,690,0,79,317,462,859
32049060015,83.76,0,6.45,28.6,43.55,779,0,60,266,405,930
32049060016,81.77,1.79,7.14,32.71,47.74,870,19,76,348,508,1064
32049060017,85.74,0,6.3,32.01,47.93,517,0,38,193,289,603
32049060018,84.1,0,9.98,34.1,51.24,952,0,113,386,580,1132
32049060020,82.72,0.33,5.96,28.53,44.46,2499,10,180,862,1343,3021
32049060021,80.26,0,10.51,40.77,54.87,313,0,41,159,214,390
32049060022,76.92,0.62,6.7,28.54,42.93,620,5,54,230,346,806
32049060023,84.24,0.49,5.09,24.47,44.01,513,3,31,149,268,609
32049060024,86.35,1.81,7.43,30.32,50.8,430,9,37,151,253,498
32049060025,82.21,1.8,9.46,36.94,55.18,365,8,42,164,245,444
32049060026,85.77,2.03,6.5,28.46,42.68,211,5,16,70,105,246
32049060027,78.58,1.16,6.19,25.55,42.84,609,9,48,198,332,775
32049060028,78.31,0.4,6.75,29.56,47.87,975,5,84,368,596,1245
32049060029,73.89,0,6.37,22.29,44.59,116,0,10,35,70,157
32049060030,70.33,0,6.22,19.62,38.28,147,0,13,41,80,209
32049060031,89.83,0,9.6,36.44,53.11,318,0,34,129,188,354
32049060035,78.97,0.62,8.87,26.6,45.57,383,3,43,129,221,485
32049060036,85.35,0,6.27,31.16,48.69,1008,0,74,368,575,1181
32049550001,74.63,0,7.09,32.09,47.39,200,0,19,86,127,268
32049550002,54.98,0,5.3,23.68,37.38,353,0,34,152,240,642
32050020001,76.99,2.29,7.15,30.98,48.85,840,25,78,338,533,1091
32050020003,84.74,0.17,9.96,37.56,53.16,3472,7,408,1539,2178,4097
32050020004,80.72,0.2,7.06,31.11,48.24,1235,3,108,476,738,1530
32050020005,82.55,0.17,7.98,34.94,51.35,3497,7,338,1480,2175,4236
32050020006,83.33,0,6.49,31.93,48.95,475,0,37,182,279,570
32050020007,79.47,0.09,7.42,31.18,47.71,3576,4,334,1403,2147,4500
32050020008,82.23,0,4.31,23.35,37.06,324,0,17,92,146,394
32050020009,85.09,1.52,10.12,42.66,58.32,782,14,93,392,536,919
32050020011,80.75,0,9.15,35.8,51.28,600,0,68,266,381,743
32050020012,83.43,0,6.63,30.94,42.54,151,0,12,56,77,181
32050020013,76.55,0,6.25,30.39,45.47,1985,0,162,788,1179,2593
32050020014,75.85,0.53,6.05,29.83,45.01,1429,10,114,562,848,1884
32050020015,82.52,0.19,7.75,32.4,49.82,7283,17,684,2860,4397,8826
32050020017,80.94,0,7.11,33.97,54.42,467,0,41,196,314,577
32050020018,79.12,0,7.41,30.92,47.15,1804,0,169,705,1075,2280
32050020019,82.41,0.35,7.28,31.4,48.84,2840,12,251,1082,1683,3446
32050020022,81.7,0.3,7.62,33.73,50.51,4094,15,382,1690,2531,5011
32050020024,75.47,0.53,7.67,32.04,49.13,994,7,101,422,647,1317
32050020025,79.52,0.4,8.39,34.4,50.74,3992,20,421,1727,2547,5020
32050020026,79.62,0,8.45,33.5,49.27,1262,0,134,531,781,1585
32050020028,77.92,0,8.11,33.38,48.18,2633,0,274,1128,1628,3379
32050020031,89.08,0,10.17,38.04,54.05,473,0,54,202,287,531
32050020032,82.71,0,7.91,28.25,43.73,732,0,70,250,387,885
32050020033,82.96,0.74,8.79,35.98,49.45,1349,12,143,585,804,1626
32050020037,80.09,0,8.6,37.1,52.94,354,0,38,164,234,442
32050020042,74.32,1.31,7.49,28.06,45.3,625,11,63,236,381,841
32050020043,64.52,0,13.71,45.97,0,80,0,17,57,0,124
32050020047,80.03,0.76,8.84,34.9,52.16,1683,16,186,734,1097,2103
32050020048,83.4,0.28,6.96,31.95,48.25,3331,11,278,1276,1927,3994
32050020049,75.64,1.02,9.7,33.7,49.09,1037,14,133,462,673,1371
32050020050,73.32,0,7.86,28.64,43.7,448,0,48,175,267,611
32050020051,87.5,0,6.58,27.63,39.47,133,0,10,42,60,152
32050020052,77.27,0,7.64,28.36,44.91,425,0,42,156,247,550
32050020053,80.54,0.12,7.59,31.68,50.57,7123,11,671,2802,4472,8844
32050020054,81.56,0,7.78,34.69,51.89,1185,0,113,504,754,1453
32050020056,79.3,0.79,8.26,34.87,50.24,2524,25,263,1110,1599,3183
32050020057,89.93,0,9.66,37.96,53.33,661,0,71,279,392,735
32050020059,77.22,0.38,6.98,30.74,47.24,1427,7,129,568,873,1848
32050020060,73.37,0,7.53,27.04,41.9,711,0,73,262,406,969
32050020064,78.12,0.2,6.38,27.18,45.1,1164,3,95,405,672,1490
32050020067,58.99,0,7.43,23.26,34.29,246,0,31,97,143,417
32050020068,73.48,0.22,7.66,31.96,46.79,1352,4,141,588,861,1840
32050020069,74.36,0,6.51,26.82,39.25,377,0,33,136,199,507
32050020070,73.21,0,6.77,30.48,45.32,735,0,68,306,455,1004
32050020071,81.28,0,8.04,33.17,47.53,1698,0,168,693,993,2089
32050020073,73.27,0,6.22,29.72,50.69,318,0,27,129,220,434
32050020074,80.98,0,7.89,31.94,51.67,677,0,66,267,432,836
32050020075,80.39,0,7.56,32.77,45.66,287,0,27,117,163,357
32050020076,68.2,0,6.56,25.9,45.9,208,0,20,79,140,305
32050020077,79.96,0,6.32,30.5,45.1,367,0,29,140,207,459
32050020080,77.07,0,7.36,24.77,42.79,1005,0,96,323,558,1304
32050020084,78.26,0.75,6.7,29.44,44.68,1566,15,134,589,894,2001
32050020086,79.79,0.17,8.4,32.96,49.98,1871,4,197,773,1172,2345
32050020090,79.42,0,8.2,32.8,45.02,494,0,51,204,280,622
32050020092,90.52,0,8.8,35.21,58.47,401,0,39,156,259,443
32050020093,77.91,1.2,8.84,33.73,47.19,388,6,44,168,235,498
32050020095,77.76,0,6.88,31.41,48.02,1119,0,99,452,691,1439
32050020096,66.87,0,6.53,26.39,39.05,983,0,96,388,574,1470
32050020098,80.67,0,8.52,33.06,49.63,1874,0,198,768,1153,2323
32050020102,79.7,0.41,6.21,30.74,47.04,1374,7,107,530,811,1724
32050020105,84.83,0.15,10.1,36.26,52.17,1722,3,205,736,1059,2030
32050020106,75.76,0,6.57,29.04,43.69,300,0,26,115,173,396
32050020109,64.77,0,6.06,18.94,37.5,171,0,16,50,99,264
32050020112,76.82,0,4.31,20.49,40.43,285,0,16,76,150,371
32050020113,77.07,0,8.47,33.06,44.63,373,0,41,160,216,484
32050020115,76.48,0.68,5.02,26.26,41.55,335,3,22,115,182,438
32050020117,80.36,0.65,6.98,29.38,44.64,495,4,43,181,275,616
32050020118,82.18,0,0,0,0,83,0,0,0,0,101
32051010003,68.21,0,5.27,30.19,45.21,427,0,33,189,283,626
32051010008,77.25,0,6.16,28.91,40.05,326,0,26,122,169,422
32051010009,72.97,0.39,7.66,33.19,49.06,3753,20,394,1707,2523,5143
32051010010,72.89,0.54,9.13,34.88,45.91,535,4,67,256,337,734
32051010011,78.36,0,8.51,33.09,48.29,985,0,107,416,607,1257
32051010012,85.16,0,8.2,39.84,49.61,218,0,21,102,127,256
32051010014,69.98,0,6.63,31.4,47.73,1415,0,134,635,965,2022
32051010015,77.27,0,8.44,29.06,43.99,476,0,52,179,271,616
32051010016,78.61,0,10.25,36.65,51.11,1066,0,139,497,693,1356
32051010017,60.15,0,2.91,17.97,31.03,723,0,35,216,373,1202
32051010018,67.37,0,6.42,25.87,41.42,797,0,76,306,490,1183
32051010019,76.38,0.14,8.57,32.09,47.44,2735,5,307,1149,1699,3581
32051760001,82.39,0,9.66,30.68,52.27,145,0,17,54,92,176
32052000001,68.38,0,6.71,27.87,42.33,785,0,77,320,486,1148
32052000003,71.63,0,7.74,24.93,38.4,250,0,27,87,134,349
32052000007,72.41,0,6.79,29.08,43.91,874,0,82,351,530,1207
32052000008,44.03,0,6.25,26.05,54.59,1276,0,181,755,1582,2898
32052000009,69.35,0,6.8,28.56,41.21,663,0,65,273,394,956
32052000010,80.34,0.4,8.37,35.37,53.35,2015,10,210,887,1338,2508
32052000011,82.57,0.33,9.11,37.39,52.63,5196,21,573,2353,3312,6293
32052000013,79.85,0.77,7.31,34.18,49.91,939,9,86,402,587,1176
32052000014,80.23,0,8.54,37.1,54.06,1343,0,143,621,905,1674
32052000015,78.38,0,7.1,29.61,44.86,961,0,87,363,550,1226
32052000016,64.93,0.06,6.68,31.02,50.17,3031,3,312,1448,2342,4668
32052000017,66.9,0,5.69,26.67,40.34,1904,0,162,759,1148,2846
32052000020,85.01,0,7.3,32.67,49.96,2365,0,203,909,1390,2782
32052000021,73,0.62,7.45,27.77,47.71,941,8,96,358,615,1289
32052000022,70.6,0.4,7.55,29.16,44.9,879,5,94,363,559,1245
32052000023,80.79,0.29,8.64,35.47,52.52,7509,27,803,3297,4881,9294
32052000024,69.5,0,5.8,28.62,43.43,1365,0,114,562,853,1964
32052000025,66.67,0,7.84,24.51,36.27,68,0,8,25,37,102
32052000026,76.01,0,9.97,36.15,53.72,450,0,59,214,318,592
32052000027,79.93,0,6.55,31.79,45.19,1330,0,109,529,752,1664
32052000028,81.84,0,4.6,25.37,41.42,658,0,37,204,333,804
32052000029,73.19,0,5.94,27.16,42.07,628,0,51,233,361,858
32052000030,74.76,0,6.3,27.46,40.63,1816,0,153,667,987,2429
32052000031,71.12,0,5.89,26.8,39.92,857,0,71,323,481,1205
32052000032,75.1,0,6.55,28.31,43.94,3152,0,275,1188,1844,4197
32052000034,79.29,0,9.02,33.4,48.32,1600,0,182,674,975,2018
32052000035,72.34,0,10.01,33.29,47.81,578,0,80,266,382,799
32052000038,66.29,0,5.16,26.65,40.55,873,0,68,351,534,1317
32052000040,73.12,0,6.26,26.07,41.66,1004,0,86,358,572,1373
32052000041,88.24,0,5.23,26.14,37.25,135,0,8,40,57,153
32052000043,66.67,0,8.48,38.79,46.06,110,0,14,64,76,165
32052000044,73.1,0,6.82,28.27,46.39,375,0,35,145,238,513
32052000047,73.45,0,7.56,31.48,49.63,700,0,72,300,473,953
32052000048,64.5,0,6.93,24.57,44.48,596,0,64,227,411,924
32052000049,75.74,0.14,6.17,27.63,39.74,2676,5,218,976,1404,3533
32052000050,61.66,0,6.28,24.6,38.34,579,0,59,231,360,939
32052000051,71.9,0,5.04,28.49,42.44,371,0,26,147,219,516
32052000057,71.22,0.14,6.65,26.87,42.71,1564,3,146,590,938,2196
32052000058,66.54,1.29,5.33,28.68,37.68,362,7,29,156,205,544
32052000059,68.58,0,4.98,26.82,39.46,179,0,13,70,103,261
32052000060,69.78,0,5.41,26.09,38.92,658,0,51,246,367,943
32052000062,71.89,0.46,6.32,25.15,38.64,1092,7,96,382,587,1519
32052000063,77.22,0,6.41,29.18,45.2,217,0,18,82,127,281
32052000064,72.82,2.91,11.65,32.04,49.51,75,3,12,33,51,103
32052000067,69.1,0,5.15,25.32,40.34,161,0,12,59,94,233
32052000068,89.93,0.24,12.82,44.53,59.4,1143,3,163,566,755,1271
32052000069,76.77,0.34,7.52,28.38,44.51,909,4,89,336,527,1184
32052000070,70.65,0.7,6.18,22.19,41.85,503,5,44,158,298,712
32052000071,69.52,0,7.81,31.38,50.45,463,0,52,209,336,666
32052000072,83.92,1.58,12.83,44.24,59.2,903,17,138,476,637,1076
32052000073,48.09,0.16,5.53,23.91,43.44,879,3,101,437,794,1828
32052000077,74.43,0,8.94,30.35,49.27,358,0,43,146,237,481
32052000078,76.78,0,6.71,27.47,41.64,1121,0,98,401,608,1460
32052000080,78.12,0.34,8.47,32.92,50.33,5228,23,567,2203,3368,6692
32052000081,63,0,4.41,21.15,30.84,143,0,10,48,70,227
32052000082,74.9,0,4.02,21.46,36.97,391,0,21,112,193,522
32052000083,93.71,0,15.38,41.26,60.14,134,0,22,59,86,143
32052000088,75.86,0,4.21,22.99,35.63,198,0,11,60,93,261
32052000089,75.97,0,7.79,27.27,42.86,117,0,12,42,66,154
32052000090,88.33,0.8,11.67,40.85,53.32,333,3,44,154,201,377
32052000097,80.15,0,8.82,37.5,50,109,0,12,51,68,136
32053090001,72.55,0,5.5,24.36,38.13,2323,0,176,780,1221,3202
32053090006,78.89,0.15,6.46,28.83,44.7,3177,6,260,1161,1800,4027
32053090007,91.96,0,4.5,38.59,53.38,286,0,14,120,166,311
32053090008,82.66,0,7.46,31.15,49.6,820,0,74,309,492,992
32053090010,80.44,0,6.27,28.72,42.08,1168,0,91,417,611,1452
32053090011,81.46,0,5.6,26.79,41.08,1265,0,87,416,638,1553
32053090013,89.31,0.17,5.32,23.35,42.67,3759,7,224,983,1796,4209
32053090014,84.16,0,8.05,30.65,42.86,324,0,31,118,165,385
32053090015,85.48,0.48,6.51,30.72,45.46,2337,13,178,840,1243,2734
32053090016,70.04,0.61,6.82,27.81,41.81,2176,19,212,864,1299,3107
32053090017,84.2,0,6.85,31.66,47.07,1524,0,124,573,852,1810
32053090018,78.57,0.38,5.96,24.05,42.6,1885,9,143,577,1022,2399
32053090019,78.33,0.38,7.1,29.9,49.39,828,4,75,316,522,1057
32053090020,82.28,0,7.51,32.13,47.95,822,0,75,321,479,999
32053090021,83.89,0.22,7.73,30.03,46.14,1151,3,106,412,633,1372
32053090023,79.69,0,6.46,25.94,42.02,679,0,55,221,358,852
32053090024,82.28,0.39,8.88,35.01,52.77,1899,9,205,808,1218,2308
32053090025,73.47,1.14,5.83,23.93,38.09,706,11,56,230,366,961
32053090026,82.55,0,7.66,33.19,49.26,776,0,72,312,463,940
32053090028,83.1,0.88,3.17,19.54,32.92,472,5,18,111,187,568
32053090029,80.23,0,6.26,27.15,41.91,3011,0,235,1019,1573,3753
32053090034,80.23,0,6.69,26.45,41.86,276,0,23,91,144,344
32053090035,85.78,0,8.45,33.7,49.04,1695,0,167,666,969,1976
32053090037,83.77,0.72,5.49,28.88,42.96,351,3,23,121,180,419
32053090038,80.27,0,7.39,31.93,49.08,1619,0,149,644,990,2017
32053090039,76.27,0,5.87,25.74,39.82,948,0,73,320,495,1243
32053090040,71.35,0,6.42,24.51,38.93,1534,0,138,527,837,2150
32053090052,81.65,0.32,7.94,29.15,43.92,1028,4,100,367,553,1259
32053090056,81.19,0.15,7.96,30.73,47,1662,3,163,629,962,2047
32053090057,89.6,0.32,10.29,39.97,58.35,1706,6,196,761,1111,1904
32053090058,80.66,0,8,31.8,49.72,1301,0,129,513,802,1613
32053090059,83.01,0,7.19,26.8,40.52,127,0,11,41,62,153
32053090062,70.21,0,3.54,23.59,35.99,634,0,32,213,325,903
32053090063,74.01,0,6.61,34.36,47.58,168,0,15,78,108,227
32053090065,80.88,0.12,7.49,30.84,45.58,2030,3,188,774,1144,2510
32053090066,79.99,0.48,8.13,30.74,44.54,1171,7,119,450,652,1464
32053090068,80.55,0,6.74,29.04,44.17,932,0,78,336,511,1157
32053090070,75.3,0.54,5.57,26.57,42.07,1244,9,92,439,695,1652
32053090071,82.85,0.16,5.46,23.63,38.27,2111,4,139,602,975,2548
32053090072,75.1,0,4.39,23.57,37.14,736,0,43,231,364,980
32053090073,75.85,0.24,6.25,27.56,43.83,2887,9,238,1049,1668,3806
32053090074,76.91,0,6.19,29.12,42.47,2039,0,164,772,1126,2651
32053090075,70.94,0,4.63,23.72,36.54,598,0,39,200,308,843
33001000001,64.93,0,6.47,22.96,36.53,311,0,31,110,175,479
33001000002,60.88,0.34,5.56,25.62,38.21,537,3,49,226,337,882
33001000003,65.54,0,8.2,29.54,47.68,719,0,90,324,523,1097
33001000004,58.26,0,7.63,30.51,47.46,275,0,36,144,224,472
33001000006,60.32,0.25,6.77,29.07,43.53,722,3,81,348,521,1197
33001000008,58.87,0,5.92,28.71,43.36,607,0,61,296,447,1031
33001000010,58.57,0,7.95,28.87,44.49,1053,0,143,519,800,1798
33001000011,54.48,0,6.05,24.94,41.16,225,0,25,103,170,413
33001000013,56.92,0,7.42,29.18,44.64,1650,0,215,846,1294,2899
33001000014,60.95,0,7.24,28.62,42.67,707,0,84,332,495,1160
33001000015,55.07,0,7.77,30.27,47.74,744,0,105,409,645,1351
33001000016,65.51,0,7.6,29.57,47.32,1318,0,153,595,952,2012
33001000017,64.09,0,8.3,32.39,48.98,564,0,73,285,431,880
33001000019,66.88,0.24,5.78,25.96,38.89,822,3,71,319,478,1229
33001000021,63.63,0,8.81,33.51,50.58,5266,0,729,2773,4186,8276
33001000022,56.14,0,5.91,27.56,43.25,1102,0,116,541,849,1963
33001000023,58.35,0,5.98,23.81,35.33,517,0,53,211,313,886
33001000025,53.15,0,6.54,26.97,41.26,1350,0,166,685,1048,2540
33001000026,59.77,0,6.81,30.06,47.19,1193,0,136,600,942,1996
33001000027,55.52,0,6.6,26.39,43,488,0,58,232,378,879
33001000028,56.67,0,5.87,28.33,45.07,850,0,88,425,676,1500
33001000029,56.38,0,8.05,22.82,42.28,84,0,12,34,63,149
33001000031,61.59,0,5.54,27.16,42.04,356,0,32,157,243,578
33001000032,71.26,0,6.13,27.59,45.21,186,0,16,72,118,261
33001000033,59.41,0,5.42,24.05,40.07,909,0,83,368,613,1530
33001000034,69.51,1.35,4.71,31.39,47.76,310,6,21,140,213,446
33001000035,62.36,0,6.39,31.05,47.89,918,0,94,457,705,1472
33001000036,61.46,0,7.85,30.73,49.92,1534,0,196,767,1246,2496
33001000037,63.77,0,7.09,28.21,47.59,477,0,53,211,356,748
33001000038,64.24,0,8,32.9,48.67,1597,0,199,818,1210,2486
33001000039,61.83,0.19,7.4,30.02,45.56,3569,11,427,1733,2630,5772
33001000040,62.48,0.52,6.59,28.42,44.11,721,6,76,328,509,1154
33001000041,47.93,0,8.29,29.03,42.86,104,0,18,63,93,217
33001000043,61.12,0,8.45,30.68,44.35,492,0,68,247,357,805
33001000044,64.86,0,7.99,34.19,47.92,203,0,25,107,150,313
33001000045,47.02,0.34,4.61,21.82,35.55,418,3,41,194,316,889
33001000046,69.47,0,5.26,38.95,56.84,66,0,5,37,54,95
33001000047,69.68,0,8.3,32.13,48.74,193,0,23,89,135,277
33001000048,63.34,0,7.75,28.57,42.51,1104,0,135,498,741,1743
33001000049,56.48,0,6.85,26.06,42.21,1294,0,157,597,967,2291
33001000050,44.09,0,4.48,20.78,31.92,384,0,39,181,278,871
33001000051,53.33,0,6.43,24.52,36.19,224,0,27,103,152,420
33001000052,54.08,0,4.82,23.29,38.02,404,0,36,174,284,747
33001000053,56.99,0,3.82,22.49,37.77,522,0,35,206,346,916
33001000054,44.46,0,7.6,25.39,39.82,345,0,59,197,309,776
33001000055,54.8,0,4.97,23.39,41,1291,0,117,551,966,2356
33001000056,59.8,0,4.9,21.57,38.24,61,0,5,22,39,102
33001000057,41.67,0,4.24,21.97,34.55,275,0,28,145,228,660
33001000058,49.85,0,4.8,21.45,36.06,488,0,47,210,353,979
33001000059,51.42,0,5.49,25.13,39.38,581,0,62,284,445,1130
33001000060,62.4,0,8.17,28.84,51.38,634,0,83,293,522,1016
33001000061,66.08,0,7.35,29.16,46.95,791,0,88,349,562,1197
33001000062,50.94,0,3.75,18.23,25.74,190,0,14,68,96,373
33001000063,45.34,0,7.4,25.08,43.73,141,0,23,78,136,311
33001000064,61.03,0,7.58,29.99,47.84,523,0,65,257,410,857
33002090001,69.29,0,6.07,25.93,41.47,914,0,80,342,547,1319
33002090003,68.02,0,6.48,25.91,41.3,168,0,16,64,102,247
33002090004,65.38,0,9.17,33.14,51.78,221,0,31,112,175,338
33002090005,85.63,0,7.79,29.71,45.45,1055,0,96,366,560,1232
33002090006,66.67,0,6.25,0,0,64,0,6,0,0,96
33002090007,73.83,0,6.73,27.85,44.67,395,0,36,149,239,535
33002090008,70.62,0,5.08,27.68,44.63,125,0,9,49,79,177
33002090009,83.97,0,5.66,29.7,43.06,786,0,53,278,403,936
33002090010,94.7,0,9.08,28.59,44.48,626,0,60,189,294,661
33002090011,70.45,0,5.4,19.16,29.42,522,0,40,142,218,741
33002090012,74.5,0,4.7,28.19,44.97,111,0,7,42,67,149
33002090013,78.31,0,7.77,31.25,46.64,1491,0,148,595,888,1904
33002090014,79.85,0,8.08,33.47,47.85,761,0,77,319,456,953
33002090015,68.51,0,6.03,31,45.26,557,0,49,252,368,813
33002090017,73.91,0,7.83,31.3,46.96,85,0,9,36,54,115
33002090018,78.44,0,9.48,35.78,48.1,331,0,40,151,203,422
33002090019,57.69,0,5.77,28.21,42.31,90,0,9,44,66,156
33002090020,72.44,0,7.16,31.97,48.79,1133,0,112,500,763,1564
33002090022,81.44,0,6.7,27.32,38.14,158,0,13,53,74,194
33002090023,73.56,0,5.76,26.51,42.17,1099,0,86,396,630,1494
33002090024,50.97,0,7.08,22.65,34.69,288,0,40,128,196,565
33002090025,84.92,0,7.87,35.25,49.18,518,0,48,215,300,610
33002090026,67.85,0.13,6.85,29.38,44.11,1566,3,158,678,1018,2308
33002090027,79.53,0,5.03,31.88,45.75,711,0,45,285,409,894
33002090028,83.33,0,7.95,34.47,53.03,220,0,21,91,140,264
33002090029,66.02,0,8.74,34.95,46.6,68,0,9,36,48,103
33002090031,93.1,0,12.5,34.05,44.83,216,0,29,79,104,232
33002090032,71.26,0,6.96,30.71,44.48,471,0,46,203,294,661
33002090033,86.98,0,7.69,37.28,49.7,147,0,13,63,84,169
33002090034,77.59,0,8.62,0,0,45,0,5,0,0,58
33002090035,83.16,0,11.58,40,55.79,79,0,11,38,53,95
33002090037,65.92,0,5.38,29.6,45.29,147,0,12,66,101,223
33002090040,72.55,0,0,22.55,30.39,74,0,0,23,31,102
33002090042,73.54,0,5.82,24.43,36.71,581,0,46,193,290,790
33002090043,71.9,0,3.75,20.37,31.15,307,0,16,87,133,427
33002090044,88.47,0,10.15,41.65,60.41,514,0,59,242,351,581
33002090045,69.98,0,6.19,27.58,44.84,373,0,33,147,239,533
33002330001,70.11,1.11,8.12,37.64,55.72,190,3,22,102,151,271
33002330002,67.61,0,8.52,35.23,51.14,119,0,15,62,90,176
33002330003,66.59,0,7.66,29.93,46.64,287,0,33,129,201,431
33002330004,73.79,0,10,36.67,51.36,487,0,66,242,339,660
33002580001,58.43,0,6.51,27.43,45.82,1293,0,144,607,1014,2213
33002580002,62.37,0.51,5.7,27.47,44.15,1828,15,167,805,1294,2931
33002580003,64.24,0.38,7.12,29.39,44.55,848,5,94,388,588,1320
33002580004,45.23,0,5.72,24.8,39.24,166,0,21,91,144,367
33002580005,73.21,0,6.22,29.67,39.23,153,0,13,62,82,209
33002580006,65.14,0,8.81,30.64,44.65,725,0,98,341,497,1113
33002580007,53.49,0,7.56,26.16,38.37,92,0,13,45,66,172
33002580008,60.16,0,4.88,24.25,33.07,382,0,31,154,210,635
33002580009,59.63,0,6.66,25.99,38.26,904,0,101,394,580,1516
33003080001,85.18,0,9.29,32.32,52.14,477,0,52,181,292,560
33003080002,75.6,0,6.64,24.73,39.32,694,0,61,227,361,918
33003080003,83.06,0,8.87,39.52,58.06,103,0,11,49,72,124
33003080004,69.99,0,7.26,28.83,43.51,954,0,99,393,593,1363
33004070002,74.29,0,6.17,29.31,46.02,289,0,24,114,179,389
33004070006,77.66,0,6.26,29.23,42.59,372,0,30,140,204,479
33004070007,76.92,0,5.77,0,0,40,0,3,0,0,52
33004070009,63.03,0,6.72,30.67,44.54,150,0,16,73,106,238
33004070010,67.95,0,3.85,26.92,41.03,53,0,3,21,32,78
33004070011,61.21,0,6.67,26.06,41.21,101,0,11,43,68,165
33004070012,69.32,0,6.61,27.12,44.58,409,0,39,160,263,590
33004070013,51.9,0,4.3,21.77,39.49,205,0,17,86,156,395
33004070014,58.09,0,5.15,25,34.56,158,0,14,68,94,272
33004070016,69.11,0.34,4.92,30.21,43.14,604,3,43,264,377,874
33004070019,64.66,0,5.62,22.89,36.95,161,0,14,57,92,249
33004070020,63.95,0,4.65,27.91,39.53,165,0,12,72,102,258
33004070021,70.94,0,5.62,26.56,42.81,227,0,18,85,137,320
33004070023,76.51,0,6.41,28.83,44.13,215,0,18,81,124,281
33004070024,81.38,0,6.91,29.79,48.94,153,0,13,56,92,188
33004070026,39.45,0,5.28,25,38.3,172,0,23,109,167,436
33004070027,48.74,0,3.36,25.21,41.6,116,0,8,60,99,238
33004070028,60.94,0,12.02,25.75,43.78,142,0,28,60,102,233
33004070039,58.82,0,5.53,24.39,38.27,627,0,59,260,408,1066
33004070045,75.3,0,8.37,35.06,49.8,189,0,21,88,125,251
33004560012,93.27,0,7.92,31.69,47.09,624,0,53,212,315,669
33004560030,69.44,0,5.3,26.39,41.29,550,0,42,209,327,792
33004560031,67.99,0,5.79,26.05,39.45,822,0,70,315,477,1209
33004560032,76.36,0,7.48,32.92,49.63,1357,0,133,585,882,1777
33004560033,80.52,0,5.17,25.45,39.56,405,0,26,128,199,503
33004560034,92.97,0,4.54,28.02,40.39,1045,0,51,315,454,1124
33004560035,74.46,0,7.03,30.68,45.81,551,0,52,227,339,740
33004560036,84.44,0,8.89,33.8,49.44,912,0,96,365,534,1080
33004560037,64.68,0,6.47,25.87,42.82,500,0,50,200,331,773
33004560038,69.74,0,8.88,37.5,53.95,212,0,27,114,164,304
33004560039,75.07,0,6.3,31.81,47.56,524,0,44,222,332,698
33004560040,71.68,0,6.03,27.41,44.33,2830,0,238,1082,1750,3948
33004560041,80.53,0.28,6.72,28.88,46,1439,5,120,516,822,1787
33004560042,75.18,0,9.67,35.86,51.64,824,0,106,393,566,1096
33004560043,71.76,0,6.94,27.22,44.17,775,0,75,294,477,1080
33004560044,74,0,7.09,29.31,44.21,313,0,30,124,187,423
33004560045,78.98,0,7.92,28.32,44.83,1894,0,190,679,1075,2398
33004560046,74.31,0,7.15,29.2,44.82,509,0,49,200,307,685
33004560047,80.83,0,6.35,28.48,47.54,738,0,58,260,434,913
33004560048,87.32,0,6.37,31.96,42.38,1467,0,107,537,712,1680
33004560049,70.38,0,6.71,30.13,46.2,556,0,53,238,365,790
33004560050,81.9,0.37,9.74,30.34,47.94,656,3,78,243,384,801
33004560051,82.28,0,8.66,37.01,52.95,418,0,44,188,269,508
33004560052,63.41,0,8.33,33.33,49.64,175,0,23,92,137,276
33004560053,86.27,0,8.45,31.22,48.24,735,0,72,266,411,852
33004560054,88.27,0,10.06,35.75,50.28,158,0,18,64,90,179
33004560055,82.14,0,7.86,36.43,54.29,115,0,11,51,76,140
33004560056,77.7,0,5.76,31.65,47.12,432,0,32,176,262,556
33004560057,85.19,0,6.66,31.28,44.59,512,0,40,188,268,601
33004560058,71.9,0,8.57,33.33,44.76,151,0,18,70,94,210
33004560059,71.96,0,4.8,26.94,42.07,195,0,13,73,114,271
33004560060,68.3,0,6.13,22.5,37.04,780,0,70,257,423,1142
33004560061,76.8,0.3,7.41,27.58,43.07,1036,4,100,372,581,1349
33004560062,69.85,0,7.29,30.72,47.41,498,0,52,219,338,713
33004560063,74.57,0,7.23,27.02,46.1,516,0,50,187,319,692
33004560065,68.7,0,4.64,20.69,34.22,518,0,35,156,258,754
33004560067,69.83,0,8.03,29.93,46.23,287,0,33,123,190,411
33004560068,76.77,0,6.46,30.39,45.33,879,0,74,348,519,1145
33004560069,78.37,0,7.31,28.82,42.84,1286,0,120,473,703,1641
33004560070,79.55,0,7.95,30.3,49.24,420,0,42,160,260,528
33004560071,68.36,0,8.01,29.3,46.68,350,0,41,150,239,512
33004560072,74.93,0,5.17,25.17,43.78,753,0,52,253,440,1005
33004560073,77.86,0,4.8,23.68,37.15,503,0,31,153,240,646
33004560074,75.82,0,8.61,35.66,50,185,0,21,87,122,244
33004560075,79.45,0,9.68,33.79,46.84,402,0,49,171,237,506
33004560077,78.78,0,7.5,30.53,48.51,609,0,58,236,375,773
33004560078,81.99,0,5.99,29.46,45.89,2764,0,202,993,1547,3371
33004560079,81.01,0,6.37,26.96,42.63,610,0,48,203,321,753
33004560080,78.69,0,6.67,31.76,46.54,602,0,51,243,356,765
33004560081,78.32,0,8.38,35.84,50.96,813,0,87,372,529,1038
33007040001,66.67,0,7.38,27.87,40.44,244,0,27,102,148,366
33007040002,89.57,0,7.58,29.86,44.08,189,0,16,63,93,211
33007040003,67.12,0,6.23,26.26,40.86,345,0,32,135,210,514
33007040005,70.49,0.34,8.85,37.23,53.35,621,3,78,328,470,881
33007040006,60.19,1.85,4.17,32.41,45.83,130,4,9,70,99,216
33007040007,71.63,0,7.75,25.63,42.43,601,0,65,215,356,839
33007040008,69.71,0,6.85,29.4,45.28,4752,0,467,2004,3087,6817
33007040009,65.77,0,6.62,31.23,48.26,417,0,42,198,306,634
33007040010,70.79,0,7.76,32.84,47.9,1951,0,214,905,1320,2756
33007040011,76.25,0,9.2,29.89,49.43,199,0,24,78,129,261
33007040012,76.62,0,9.56,36.58,53.9,2694,0,336,1286,1895,3516
33007040013,73.05,0.09,7.96,34.03,49.18,4955,6,540,2308,3336,6783
33007040014,71.07,0,5.84,25.13,41.62,280,0,23,99,164,394
33007040015,56.99,0,7.65,30.98,47.21,938,0,126,510,777,1646
33007040016,74.25,0,8.2,32.45,49.25,1485,0,164,649,985,2000
33007040018,71.3,0.56,7.62,32.58,49.72,1011,8,108,462,705,1418
33007040019,68.72,0,7.49,25.99,40.09,156,0,17,59,91,227
33007040021,79.07,0,7.27,34.59,51.45,272,0,25,119,177,344
33007040022,60.41,0,5.28,28.74,43.4,206,0,18,98,148,341
33007040023,67.18,0,7.42,29.26,41.78,1830,0,202,797,1138,2724
33007040024,67.19,0.71,7.7,31.24,48.07,471,5,54,219,337,701
33007040025,65.28,0,7.92,31.98,48.44,2884,0,350,1413,2140,4418
33007040026,72.54,0,8.21,31.64,48.36,486,0,55,212,324,670
33007040027,69.82,0,7.57,32.19,48.34,1872,0,203,863,1296,2681
33007040028,64,2,5.33,24.67,35.33,96,3,8,37,53,150
33007040029,69.98,0,7.09,32.15,46.1,296,0,30,136,195,423
33007040031,71.34,0,9.24,31.21,45.86,224,0,29,98,144,314
33007040032,64.71,0,8.82,0,0,44,0,6,0,0,68
33007040033,63.07,0,7.19,30.7,43.88,263,0,30,128,183,417
33007040034,60.84,0,4.82,21.99,32.23,202,0,16,73,107,332
33007040035,53.54,0,7.07,0,0,53,0,7,0,0,99
33007040037,66.39,3.28,13.11,33.61,45.9,81,4,16,41,56,122
33007040038,59.35,0,3.23,20.65,32.9,92,0,5,32,51,155
33007040040,74.6,0,7.94,32.8,47.09,141,0,15,62,89,189
33007040041,69.9,0,7.17,25.74,37.27,497,0,51,183,265,711
33007040042,66.43,0,5.3,26.68,40.11,376,0,30,151,227,566
33007040043,69.23,0,0,0,0,45,0,0,0,0,65
33007040044,63.52,0,7.82,30.62,43,195,0,24,94,132,307
33007040045,72.52,1.2,9.16,38.59,55.56,483,8,61,257,370,666
33007040046,66.48,0,10.8,27.27,39.77,117,0,19,48,70,176
33007040047,69.72,0,9.15,33.1,44.37,99,0,13,47,63,142
33007040048,78.5,0,11.21,34.11,50.93,168,0,24,73,109,214
33008030001,71.46,0,7.32,28.31,44.9,1835,0,188,727,1153,2568
33008030003,69.83,0,5.39,22.2,37.5,324,0,25,103,174,464
33008030005,73.94,0,5.53,25.76,40.32,508,0,38,177,277,687
33010090002,88.94,0,10.11,39.79,58.79,941,0,107,421,622,1058
33010090003,87.52,0,11.39,38.16,58.77,484,0,63,211,325,553
33010090005,88.82,0,14.02,41.06,58.94,437,0,69,202,290,492
33010090006,70,0,8.08,28.08,45.38,182,0,21,73,118,260
33010090007,68.2,0,7.74,32.13,49.75,414,0,47,195,302,607
33010090008,85.16,0,9.89,41.94,61.72,396,0,46,195,287,465
33010090009,90.38,0,10.58,35.58,57.69,94,0,11,37,60,104
33010090010,79.76,0,3.57,27.38,45.24,67,0,3,23,38,84
33010090011,65.8,0,6.27,24.28,39.69,252,0,24,93,152,383
33010090013,67.71,0.66,6.92,26.03,40.86,411,4,42,158,248,607
33010090014,76.45,0,9.3,37.5,54.65,263,0,32,129,188,344
33010090015,86.42,0,13.15,36.21,57.11,401,0,61,168,265,464
33010090016,77.11,0,8.92,34.94,51.57,320,0,37,145,214,415
33010090019,59.57,0,5.22,27.39,42.17,137,0,12,63,97,230
33010090021,86.47,0,9.02,31.58,43.61,115,0,12,42,58,133
33010090022,80,0,9.47,0,0,76,0,9,0,0,95
33010090025,77.88,0,7.77,33.38,48.79,581,0,58,249,364,746
33010090028,73.04,0,7.86,28.66,45.65,344,0,37,135,215,471
33010090029,67.74,0,5.38,17.2,46.24,63,0,5,16,43,93
33010090032,75,0,6.88,32.5,53.12,120,0,11,52,85,160
33010090033,71.52,0,12.73,41.82,59.39,118,0,21,69,98,165
33010090035,79.12,0,3.3,24.18,0,72,0,3,22,0,91
33010090038,87.68,0,10.56,39.84,54.56,548,0,66,249,341,625
33010090039,76.12,0.53,9.67,36.76,54.7,1141,8,145,551,820,1499
33010090040,73.45,0,9.78,36.73,52.3,368,0,49,184,262,501
33010090041,74.87,0.27,6.55,31.59,48.58,846,3,74,357,549,1130
33010090042,77.9,0,6.48,31.81,46.86,409,0,34,167,246,525
33010090043,84.21,0,9.84,40.05,57.89,368,0,43,175,253,437
33010090044,66.67,0,7.76,31.22,45.86,378,0,44,177,260,567
33010090045,89.82,0,7.37,45.26,57.19,256,0,21,129,163,285
33011570001,66.87,0,12.88,34.97,44.17,109,0,21,57,72,163
33013060004,66.37,0,7.91,32.19,45.32,369,0,44,179,252,556
33013060007,70.08,0.19,8.19,32.95,47.41,3005,8,351,1413,2033,4288
33014050001,70.11,0,0,0,0,61,0,0,0,0,87
33014050002,83.07,0,8.59,34.64,48.44,319,0,33,133,186,384
33017020001,74.21,0,8.46,34.92,52.58,4975,0,567,2341,3525,6704
33017020002,74.36,0,8.72,33.71,50.37,2285,0,268,1036,1548,3073
33017020003,81.89,0,12.61,44.91,62.16,1876,0,289,1029,1424,2291
33017020004,78.66,0,7.8,28.36,46.66,2824,0,280,1018,1675,3590
33017020013,74.03,0,4.72,28.19,44.31,533,0,34,203,319,720
33017020016,81.38,0,18.62,40.69,48.28,118,0,27,59,70,145
33017020018,76.3,0,2.96,19.26,25.93,103,0,4,26,35,135
33017020022,75.33,0,10.95,37.25,54.41,461,0,67,228,333,612
33017020023,81.01,0,6.53,34.72,50.15,273,0,22,117,169,337
33017020024,78.88,0,11.18,37.27,53.04,635,0,90,300,427,805
33017020025,69.42,0,7.18,28.1,44.14,2853,0,295,1155,1814,4110
33017020026,78.2,0,6.82,29.15,45.51,2213,0,193,825,1288,2830
33017020027,70.31,0.12,6.43,27.57,44.42,3979,7,364,1560,2514,5659
33017020032,74.29,0.22,8.13,34.62,52.78,2028,6,222,945,1441,2730
33017020033,79.87,0,7.28,27.62,44.97,373,0,34,129,210,467
33017020035,81.66,0,5.73,24.93,44.13,285,0,20,87,154,349
33017020036,74.64,0,7.88,31.52,46.62,1260,0,133,532,787,1688
33017020037,83.44,0,5.86,31.11,48.2,1738,0,122,648,1004,2083
33017020038,76.38,0,6.42,29.49,47.29,1523,0,128,588,943,1994
33017020039,69.83,0,6.9,27.41,42.76,405,0,40,159,248,580
33017020040,84.77,0,10.15,40.15,57.08,551,0,66,261,371,650
33017020054,82.84,0.43,11.68,43.99,60.38,1723,9,243,915,1256,2080
33017020055,76.6,0,6.25,27.24,43.94,1018,0,83,362,584,1329
33017020056,77.46,0,8.09,30.57,52.09,1206,0,126,476,811,1557
33017020057,73.15,0,6.75,29.65,45.3,1019,0,94,413,631,1393
33017020058,69.77,0,6.98,33.33,49.1,270,0,27,129,190,387
33017020060,82.38,0,8.93,32.26,53.85,332,0,36,130,217,403
33017020061,70.25,0,10.74,36.36,51.24,85,0,13,44,62,121
33017020062,72.13,0,10.08,35.85,48.74,515,0,72,256,348,714
33017020063,85.11,0,8.23,36.16,55.52,972,0,94,413,634,1142
33017020064,70.65,0,5.09,29.55,45.21,361,0,26,151,231,511
33017020065,62.09,0,8.79,35.71,50.55,113,0,16,65,92,182
33017020066,73.16,0,6.07,26.29,44.67,398,0,33,143,243,544
33017020068,75.15,0,6.89,28.44,44.91,251,0,23,95,150,334
33017020069,74.56,0,6.94,32.24,48.49,1064,0,99,460,692,1427
33017020071,71.3,0,6.2,26.16,45.22,954,0,83,350,605,1338
33017020072,76.45,0,5.79,34.3,52.48,185,0,14,83,127,242
33017020073,67.78,0,7.78,31.11,47.41,183,0,21,84,128,270
33017020074,87.84,0,0,0,0,65,0,0,0,0,74
33017020075,70.58,0,5.36,20.29,31.59,487,0,37,140,218,690
33017020076,82.71,0,6.69,31,45.51,507,0,41,190,279,613
33017020077,74.8,0,6.21,28.14,44.01,2624,0,218,987,1544,3508
33017020078,78.23,0,10.2,37.41,52.38,115,0,15,55,77,147
33017020079,76.2,0,9.63,38.5,52.94,285,0,36,144,198,374
33017020080,76.11,0,8.33,33.89,48.61,274,0,30,122,175,360
33017020082,77.54,0,6.21,29.06,44.78,587,0,47,220,339,757
33017020083,82.52,0,9.87,36.13,54.22,2549,0,305,1116,1675,3089
33017020084,81.92,0,9.96,39.48,59.04,222,0,27,107,160,271
33017020087,70.98,0,7.06,35.69,53.73,543,0,54,273,411,765
33017020089,75.62,0,5.74,28.17,43.34,698,0,53,260,400,923
33017020090,77.82,0,8.45,39.14,57.12,1207,0,131,607,886,1551
33017020091,69.83,0,7.11,26.51,44.83,324,0,33,123,208,464
33017020092,77.41,0,9.64,31.98,47.46,305,0,38,126,187,394
33017020093,79.31,0,10.92,39.66,58.62,138,0,19,69,102,174
33017020094,66.47,0,5.79,26.35,40.92,333,0,29,132,205,501
33018010003,82.96,0,3.7,25.93,51.11,112,0,5,35,69,135
33018760001,72.34,0,9.22,36.17,58.87,102,0,13,51,83,141
33019000001,78.5,0,8.25,32.5,46,314,0,33,130,184,400
33019000002,82.08,0,8.1,34.72,51.25,1246,0,123,527,778,1518
33019000003,84.85,0,6.06,30.3,51.52,84,0,6,30,51,99
33019000004,79.75,0,6.96,25.95,38.61,126,0,11,41,61,158
33019000005,90.12,0,13.58,34.57,54.32,73,0,11,28,44,81
33019000006,76.05,1.13,7.72,32.64,45.98,473,7,48,203,286,622
33019000007,57.59,0,6.3,26.65,38.11,201,0,22,93,133,349
33019000008,73.33,0,7.88,38.18,49.09,121,0,13,63,81,165
33019000009,65.85,0,4.42,22.11,36.36,268,0,18,90,148,407
33019000011,73.38,0,6.47,16.55,27.34,102,0,9,23,38,139
33019000012,81.71,0,6.34,25.12,42.68,335,0,26,103,175,410
33019000013,87.76,0,9.18,0,0,86,0,9,0,0,98
33019000014,78.92,0,9.64,16.27,25.9,131,0,16,27,43,166
33020070001,69.16,0,7.04,30.52,44.93,648,0,66,286,421,937
33020070002,66.99,0.48,6.38,29.03,47.53,420,3,40,182,298,627
33020070003,69.4,0,3.28,16.94,33.33,127,0,6,31,61,183
33020070005,69.7,0,10,33.33,48.18,230,0,33,110,159,330
33020070006,76.84,0,9.29,35.04,52.16,1158,0,140,528,786,1507
33020070007,66.83,0.25,7.92,33.66,50.5,810,3,96,408,612,1212
33020070008,73.03,0,10.11,34.46,53.18,195,0,27,92,142,267
33020070009,71.07,0.68,6.74,28.54,46.73,727,7,69,292,478,1023
33020070010,80.58,0,10.43,40.65,55.04,224,0,29,113,153,278
33020070012,79.72,0,10.83,39.01,55.86,979,0,133,479,686,1228
33020070015,72.6,0,5.21,29.45,42.13,710,0,51,288,412,978
33020070016,78.72,0,6.81,37.87,49.36,185,0,16,89,116,235
33020070017,71.61,0,5.68,28.08,44.79,227,0,18,89,142,317
33020070018,76.81,0,9.66,35.27,52.17,159,0,20,73,108,207
33022540001,55.58,0,7.75,31.76,46.69,294,0,41,168,247,529
33022540002,60.49,0,8.63,30.88,46.86,617,0,88,315,478,1020
33022540004,58.59,0,7.97,31.72,49.84,375,0,51,203,319,640
33022540005,73.14,0,7.91,33.81,48.92,305,0,33,141,204,417
33022540006,67.12,0,10.69,36.21,51.74,1231,0,196,664,949,1834
33022540007,68.35,0,8,29.7,46.94,948,0,111,412,651,1387
33022540008,70.45,0,7.83,31.82,49.24,279,0,31,126,195,396
33022540009,63.8,1.78,6.82,24.93,42.73,215,6,23,84,144,337
33022700001,77.89,0,8.84,31.37,48.42,370,0,42,149,230,475
33022700005,94.12,0,6.54,27.45,43.14,144,0,10,42,66,153
33022700007,80.46,0,10.43,37.75,56.62,486,0,63,228,342,604
33022700008,85.92,0,8.58,37.42,56.65,1001,0,100,436,660,1165
33022700009,76.95,0,7.45,31.91,46.81,434,0,42,180,264,564
33022700010,76.34,0,6.45,33.33,50.54,71,0,6,31,47,93
33022700011,82.68,0,8.94,32.96,50.28,148,0,16,59,90,179
33024030001,79.99,0.13,9.02,35.46,53.11,5633,9,635,2497,3740,7042
33024030002,78.36,0,5.8,27.61,41.87,945,0,70,333,505,1206
33024030003,59.71,0,3.24,21.22,33.45,166,0,9,59,93,278
33024030004,80.93,0,8.08,36.87,54.17,641,0,64,292,429,792
33024030005,72.11,0.14,7.74,31.04,48.58,3018,6,324,1299,2033,4185
33024030006,74.85,0,7.21,31.69,48.07,3831,0,369,1622,2460,5118
33024030007,71.77,0,7.18,28.71,47.43,740,0,74,296,489,1031
33024030008,77.23,0.09,8.82,35.83,52.76,8111,9,926,3763,5541,10502
33024030009,78.07,0,7.31,30.14,49.01,865,0,81,334,543,1108
33024030010,76.61,0,6.89,26.83,42.75,534,0,48,187,298,697
33024030011,76.84,0.27,8.96,33.51,52.33,1699,6,198,741,1157,2211
33024030012,84.05,0.25,9.4,37.88,53.26,2039,6,228,919,1292,2426
33024030013,82.55,0,9.43,32.08,46.7,175,0,20,68,99,212
33024030015,64.26,0,6.32,25.84,41.53,1962,0,193,789,1268,3053
33024030017,85.6,0,8.95,33.07,49.03,220,0,23,85,126,257
33024030019,70,0,6.42,32.84,44.81,567,0,52,266,363,810
33024030020,78.58,0,8.2,35.19,51.45,1141,0,119,511,747,1452
33024030021,77.84,0,8.25,29.38,48.45,151,0,16,57,94,194
33024030022,80.89,0,8.28,29.62,43.95,254,0,26,93,138,314
33024030023,76,0,9.04,34.78,49.74,437,0,52,200,286,575
33024030024,81,0.37,7.82,33.69,49.49,1969,9,190,819,1203,2431
33024030026,82.87,0,12.71,43.09,61.33,150,0,23,78,111,181
33024030028,83.02,0,4.72,29.25,41.51,88,0,5,31,44,106
33024030029,84.96,0,9.23,33.51,47.23,322,0,35,127,179,379
33024030032,73.71,0,6.57,29.3,46.88,1761,0,157,700,1120,2389
33024030033,77.92,0,8.61,34.99,51.19,688,0,76,309,452,883
33025020001,79.24,0,8.02,30.7,45.62,1195,0,121,463,688,1508
33025020002,76.74,0,6.7,27.31,41.59,871,0,76,310,472,1135
33025020003,71.65,0,8.26,31.14,50.11,642,0,74,279,449,896
33025020004,86.76,0,6.93,32.14,43.49,413,0,33,153,207,476
33025020006,68.84,0,4.52,22.61,37.94,274,0,18,90,151,398
33025020007,73.72,0,5.19,24.55,40.69,895,0,63,298,494,1214
33025020008,70.98,0,5.97,27.44,41.84,1213,0,102,469,715,1709
33025020009,76.24,0,7.57,29.83,44.21,1935,0,192,757,1122,2538
33025020010,81.28,0,9.51,34.11,51.74,1051,0,123,441,669,1293
33025020014,48.97,0,6.7,22.16,39.18,95,0,13,43,76,194
33025020015,77.53,0,6.39,31.55,50.31,376,0,31,153,244,485
33025020016,69.36,0,9.4,33.83,49.25,369,0,50,180,262,532
33025020017,79.51,0,7.87,32.45,50.09,838,0,83,342,528,1054
33025020018,77.86,0,7.06,32.25,48.66,408,0,37,169,255,524
33025020019,77.22,0,6.59,31.66,47.71,539,0,46,221,333,698
33025020020,67.99,0,8.09,33.33,50.17,412,0,49,202,304,606
33025020021,75.89,0,7.36,34.01,45.69,299,0,29,134,180,394
33025020022,80.71,0,12.2,36.61,55.12,205,0,31,93,140,254
33025020023,78.78,0,9.42,32.43,47.96,928,0,111,382,565,1178
33025020025,65.21,0,6.47,27.1,44.76,373,0,37,155,256,572
33025020028,83.14,0,5.29,27.67,42.85,1430,0,91,476,737,1720
33025020030,77.44,0,4.62,30.26,43.08,151,0,9,59,84,195
33025020031,79.45,0,6.16,27.57,44.18,464,0,36,161,258,584
33025020034,65.37,0,5.18,23.62,40.45,202,0,16,73,125,309
33025020035,77.62,0,5.24,37.14,56.67,163,0,11,78,119,210
33026010001,69.59,0,5.33,23.86,34.96,627,0,48,215,315,901
33026010008,67.01,0,10.31,35.05,58.76,65,0,10,34,57,97
33026010012,71.15,0,6.79,33.46,51.15,555,0,53,261,399,780
33026010013,65.94,0.3,7.07,32.17,48.01,662,3,71,323,482,1004
33026010014,63.24,0,8.7,20.16,30.04,160,0,22,51,76,253
33026010016,73.17,0,0,0,0,120,0,0,0,0,164
33026010019,63.59,0,6.37,31.6,44.99,489,0,49,243,346,769
33026010020,78.92,0.81,10.81,38.11,54.86,292,3,40,141,203,370
33026010021,71.01,0,6.67,27.25,49.28,245,0,23,94,170,345
33026010022,63.39,0.68,7.29,30.85,45.25,374,4,43,182,267,590
33026010023,68.87,0,7.65,24.14,34.7,522,0,58,183,263,758
33026010024,74.1,0,4.78,27.89,43.82,186,0,12,70,110,251
33027000001,67.22,0,7.94,29.13,43.72,1837,0,217,796,1195,2733
33027000003,74.53,0,3.76,22.56,39.49,436,0,22,132,231,585
33027000006,69.58,0,5.24,26.43,40.15,279,0,21,106,161,401
33027000008,68.86,0,7.19,34.73,51.5,115,0,12,58,86,167
33027000010,69.18,0.65,5.17,25,44.18,321,3,24,116,205,464
33027000015,76.13,0,9.81,34.22,50.66,287,0,37,129,191,377
33027000016,68.94,0,9.09,31.06,38.26,182,0,24,82,101,264
33027000017,67.57,0,5.41,24.32,43.24,75,0,6,27,48,111
33027000019,74.82,0,3.6,23.74,40.29,104,0,5,33,56,139
33027000023,72.1,0,7.44,29.37,46.09,5381,0,555,2192,3440,7463
33028090001,75.64,0,8.23,28.47,42.88,441,0,48,166,250,583
33028580001,69.41,0,7.06,25.88,41.18,59,0,6,22,35,85
33028580002,79.94,0.64,9.07,36.18,56.67,749,6,85,339,531,937
33028580004,75.66,0,4.52,26.46,40.43,569,0,34,199,304,752
33028580008,71.67,0,11.67,41.67,57.78,129,0,21,75,104,180
33032030004,67.43,0,5.09,29.77,47.33,265,0,20,117,186,393
33032030005,89.61,0,14.16,38.35,53.37,3019,0,477,1292,1798,3369
33032030008,80.84,0,6.91,28.59,42.41,772,0,66,273,405,955
33032030009,78.73,0,4.52,22.02,41.93,522,0,30,146,278,663
33033020001,68.58,0,5.52,26.33,40.89,956,0,77,367,570,1394
33033020002,72.23,0.32,6.69,28.03,44.78,2247,10,208,872,1393,3111
33033020003,70.94,0,6.75,29.06,49.66,1030,0,98,422,721,1452
33033020004,80.6,0,7.04,29.69,46.36,1683,0,147,620,968,2088
33033020006,81.93,0.34,9.99,29.97,51.07,730,3,89,267,455,891
33033020007,73.37,0.06,7.86,30.27,48.69,3968,3,425,1637,2633,5408
33033020008,75.9,0,7.26,32.72,50.44,784,0,75,338,521,1033
33033020010,72.84,0,5.29,24.82,38.05,716,0,52,244,374,983
33033020013,76.25,0,7.36,29.93,45.65,456,0,44,179,273,598
33033020015,62.31,0,7.79,28.97,46.11,400,0,50,186,296,642
33033020017,78.44,0.17,8.83,29.6,47.65,1386,3,156,523,842,1767
33033020018,59.44,0,3.89,20.42,34.03,428,0,28,147,245,720
33033020019,82.54,0,9.41,32.45,49.82,903,0,103,355,545,1094
33033020021,78.64,0,5.28,24.37,42.21,313,0,21,97,168,398
33033020022,87.81,0,8.24,32.62,51.25,245,0,23,91,143,279
33033020023,82.48,0,6.57,27.74,47.45,113,0,9,38,65,137
33033020024,82.09,0,6.86,31.02,47.29,1196,0,100,452,689,1457
33033020027,77.26,0,6.43,30.04,46.86,1695,0,141,659,1028,2194
33033020028,82.15,0,7.11,28.75,42.5,520,0,45,182,269,633
33033020029,77.83,0,7.87,30.29,45.6,920,0,93,358,539,1182
33033020030,78.52,0,6.21,26.78,42.2,1630,0,129,556,876,2076
33033020031,75.83,0,6.65,28.27,43.81,2908,0,255,1084,1680,3835
33033020032,70.46,0,5.9,27.65,44.55,2018,0,169,792,1276,2864
33033020033,65.39,0,5.03,18.31,31.39,325,0,25,91,156,497
33033020034,74.1,0,6.41,27.77,44.37,2463,0,213,923,1475,3324
33033020035,68.38,0,5.43,24.93,37.72,2353,0,187,858,1298,3441
33033020036,70.74,0,5.5,16.63,27.29,1221,0,95,287,471,1726
33033020037,70.14,0,4.17,26.04,40.28,404,0,24,150,232,576
33033020038,72.1,0,7.23,29.65,46.21,1437,0,144,591,921,1993
33033020039,80.4,0,5.99,21.77,34.06,1034,0,77,280,438,1286
33033020040,75.79,0,7.06,27.9,46.04,698,0,65,257,424,921
33033020041,69.72,0.43,4.28,25.15,40.55,815,5,50,294,474,1169
33033020042,75.48,0,3.42,19.96,34.98,397,0,18,105,184,526
33033020043,43.33,0,5.62,19.44,33.96,185,0,24,83,145,427
33033020044,72.2,0,5.37,23.01,39.25,618,0,46,197,336,856
33033020045,82.65,0,7.85,27.29,45.3,748,0,71,247,410,905
33033020046,75.84,0,5.33,24.51,38.01,427,0,30,138,214,563
33033020047,68.18,0,8.18,31.36,45,150,0,18,69,99,220
33033020048,61.56,0,6.66,28.12,43.99,1044,0,113,477,746,1696
33033020049,62.83,0.53,4.47,24.71,39.3,590,5,42,232,369,939
33033020050,72.72,0,6.26,20.91,34.71,685,0,59,197,327,942
33033020051,84.48,0,3.33,26.39,43.68,381,0,15,119,197,451
33033020052,69.21,0,8.02,35.62,51.27,1088,0,126,560,806,1572
33033020053,55.32,0,7.66,23.4,40.43,130,0,18,55,95,235
33033020054,72.41,0,4.69,23.99,43.29,664,0,43,220,397,917
33033020055,78.89,0,7.99,29.96,47.08,553,0,56,210,330,701
33033020056,77.76,0,8.27,30.15,48.07,846,0,90,328,523,1088
33033020057,73.68,0.23,6.23,28.13,44.26,1265,4,107,483,760,1717
33033020058,73.47,0,5.66,22.77,38.1,1155,0,89,358,599,1572
33033020059,69.38,0,4.86,22.6,36.91,485,0,34,158,258,699
33033020060,86.05,0,6.05,30.23,43.26,185,0,13,65,93,215
33033020061,82.4,0,8.58,32.62,52.36,192,0,20,76,122,233
33033020062,64.68,0,3.82,21.72,33.89,271,0,16,91,142,419
33033020063,79.34,0,4.84,26.15,44.62,361,0,22,119,203,455
33033020064,82.4,0,6.98,29.61,46.65,295,0,25,106,167,358
33033020066,67.82,0,6.55,28.18,43.36,746,0,72,310,477,1100
33033020067,74.84,0,7.83,31.32,47.5,583,0,61,244,370,779
33033020068,70.55,0,6.43,27.71,45.11,527,0,48,207,337,747
33033020069,85.25,0,8.75,35.17,47.81,526,0,54,217,295,617
33033020070,66.53,0.32,5.84,24.9,43.07,831,4,73,311,538,1249
33033020071,71.88,0,5.29,29.57,45.19,299,0,22,123,188,416
33033020073,73.36,0,4.63,29.34,42.86,190,0,12,76,111,259
33033020075,80.68,0,7.53,23.84,39.27,643,0,60,190,313,797
33033020076,77.83,0,4.9,26.87,42,365,0,23,126,197,469
33033020077,76.5,0,6.16,28.85,46.36,1429,0,115,539,866,1868
33033020078,69.46,0,5.86,21.55,36.82,332,0,28,103,176,478
33033020079,78.96,0,8.04,26.48,44.92,334,0,34,112,190,423
33033020080,68.75,0,7.81,39.06,54.06,220,0,25,125,173,320
33033020082,69.98,0.5,6.82,30.71,48.97,1119,8,109,491,783,1599
33033020083,68.01,0,6.8,22.26,37.87,440,0,44,144,245,647
33033020087,59.46,2.16,3.78,18.38,35.68,110,4,7,34,66,185
33033020088,83.47,0,8.16,31.43,48.16,409,0,40,154,236,490
33033020089,71.05,0,7.89,32.57,55.26,216,0,24,99,168,304
33033020090,80.83,0,4.15,30.03,40.58,253,0,13,94,127,313
33033020091,76.78,0,6,27.65,43.29,486,0,38,175,274,633
33033020092,79.78,0,5.12,24.36,38.28,1215,0,78,371,583,1523
33033020093,63.78,0,4.88,23.78,37.95,405,0,31,151,241,635
33033020094,79.13,0,5.34,30.1,46.12,163,0,11,62,95,206
33033020095,73.99,0,4.62,19.65,38.73,128,0,8,34,67,173
33033020096,63.34,0,3.49,17.46,28.93,254,0,14,70,116,401
33033020097,37.96,0,4.39,22.5,34.27,216,0,25,128,195,569
33033020098,53.85,0,7.16,24.87,38.82,301,0,40,139,217,559
33033020099,79.08,0,9.74,35.82,54.44,276,0,34,125,190,349
33034010001,74.64,0,5.89,32.69,47,621,0,49,272,391,832
33034010002,59.34,0,6.23,28.03,40.66,1105,0,116,522,757,1862
33034010003,60.11,0,7.55,32.35,49.06,223,0,28,120,182,371
33034010004,35.21,0,4.93,28.17,45.77,50,0,7,40,65,142
33034010005,64.31,0,6.55,24.97,38.35,1110,0,113,431,662,1726
33034010006,42.09,0,4.89,23.65,38.99,258,0,30,145,239,613
33034010007,55.64,0,6.82,31.5,45.41,212,0,26,120,173,381
33035000008,79.63,0,9.88,32.72,55.56,129,0,16,53,90,162
33035000095,68.47,0,7.06,32.13,51.65,456,0,47,214,344,666
33035000100,80.44,0,8.26,30.58,46.97,584,0,60,222,341,726
33035000102,78.79,0,10.61,27.78,46.97,156,0,21,55,93,198
33035000104,76.1,0,8.33,32.02,49.12,347,0,38,146,224,456
33035000106,76.8,1.66,9.94,33.15,58.01,139,3,18,60,105,181
33035000110,73.06,0,7.77,37.82,49.74,141,0,15,73,96,193
33035000111,76.76,0,4.32,24.86,44.86,142,0,8,46,83,185
33035000116,76.29,0,6.19,28.35,40.21,148,0,12,55,78,194
33035000119,77.57,0,9.85,35.01,52.62,370,0,47,167,251,477
33035000120,89.49,0,7.01,31.53,45.54,281,0,22,99,143,314
33035000121,84.66,0,7.57,35.46,51.39,425,0,38,178,258,502
33035000122,76.04,0,8.76,31.34,52.53,165,0,19,68,114,217
33035000123,78.99,0,4.94,25.82,41.27,624,0,39,204,326,790
33035000124,88.89,0,9.83,43.16,55.56,208,0,23,101,130,234
33035000125,80.47,0,6.6,32.72,50.13,305,0,25,124,190,379
33035000126,75.46,0,11.11,37.81,54.48,489,0,72,245,353,648
33035000129,74.5,0,7.83,34.83,50.17,447,0,47,209,301,600
33035000130,80.99,0,9.51,31.94,44.11,213,0,25,84,116,263
33035000132,76.19,0,8.02,29.07,46.87,304,0,32,116,187,399
33035000133,86.41,0,8.7,30.43,42.93,159,0,16,56,79,184
33035000135,87.5,0,11.72,40.62,55.47,112,0,15,52,71,128
33035000136,68.81,0,6.93,26.73,42.24,417,0,42,162,256,606
33035000137,83.09,0,4.35,28.99,44.93,172,0,9,60,93,207
33035000138,80.62,0,8.53,34.11,44.19,104,0,11,44,57,129
33035000141,64.39,0,7.07,31.57,47.22,255,0,28,125,187,396
33035000146,82.5,0,3.43,20.75,35.68,481,0,20,121,208,583
33035000148,84.66,0,8.73,31.48,48.15,320,0,33,119,182,378
33035000153,75.08,0,6.38,28.88,45.59,247,0,21,95,150,329
33035000155,64.43,0,4.7,27.18,42.28,192,0,14,81,126,298
33035000156,93,0,3.7,23.46,18.93,226,0,9,57,46,243
33035000157,70.96,0,11.35,39.3,56.99,325,0,52,180,261,458
33035000158,59.13,0,7.21,27.4,43.75,123,0,15,57,91,208
33035000159,73.76,0,6.03,32.62,47.87,416,0,34,184,270,564
33035000160,78.98,0,3.98,26.14,45.45,139,0,7,46,80,176
33035000161,76.51,0,6.71,26.85,44.63,228,0,20,80,133,298
33035000162,77.22,0,3.33,26.67,42.22,139,0,6,48,76,180
33035000163,69.19,0,8.65,37.3,51.89,128,0,16,69,96,185
33035000164,70.67,0,8.1,33.52,48.6,253,0,29,120,174,358
33035000165,78.68,0,7.61,29.95,51.27,155,0,15,59,101,197
33035000166,73.44,0,5.47,27.97,47.97,470,0,35,179,307,640
33035000167,82.97,0,8.6,38.71,53.05,463,0,48,216,296,558
33035000168,55.92,0,8.16,30.87,48.93,288,0,42,159,252,515
33035000170,75.74,0,5.93,31.67,48.89,409,0,32,171,264,540
33035000171,74.43,0,7.3,31.13,47.48,428,0,42,179,273,575
33035000172,79.4,0,7.94,28.33,42.7,370,0,37,132,199,466
33035000175,79.78,0,8.38,37.89,55.56,438,0,46,208,305,549
33035000178,82.11,0,10.85,38.71,56.6,280,0,37,132,193,341
33035000179,81.51,0,6.34,30.99,49.14,476,0,37,181,287,584
33035000180,79.8,0,8.66,33.48,51.52,553,0,60,232,357,693
33035000182,73.48,0,6.96,30.87,45.22,169,0,16,71,104,230
33035000183,80,0,8.51,34.04,55.32,188,0,20,80,130,235
33035000184,79.25,0,8.3,30.57,45.66,210,0,22,81,121,265
33035000185,65.91,0,5.68,30.49,44.7,348,0,30,161,236,528
33035000186,68.06,0,7.41,23.61,38.43,147,0,16,51,83,216
33035000187,82.35,0.57,9.76,35.15,50.5,574,4,68,245,352,697
33035000191,65.56,0,9.44,34.44,53.89,118,0,17,62,97,180
33035000192,73.25,0,7.31,31.57,47.59,471,0,47,203,306,643
33036090004,68.09,0,4.27,23.37,41.96,271,0,17,93,167,398
33036090005,75.32,0,6.75,30.65,46.75,290,0,26,118,180,385
33036090006,71.57,0,5.06,27.23,45.3,297,0,21,113,188,415
33036090007,76.77,0,8.42,30.64,45.62,456,0,50,182,271,594
33036090008,71.34,0,7.91,29.5,45.44,595,0,66,246,379,834
33036090009,73.44,0,8.38,32.26,46.88,412,0,47,181,263,561
33036090010,60.89,0,5.44,29.64,41.94,302,0,27,147,208,496
33036090011,81.28,0,8.02,34.76,50.8,152,0,15,65,95,187
33039060002,59.96,0,7.28,29.93,47.93,593,0,72,296,474,989
33039060003,58.93,0,5.27,17.66,24.78,604,0,54,181,254,1025
33039060004,62.99,0,7.4,29.92,42.68,400,0,47,190,271,635
33039060005,67.03,0.23,5.67,24.73,40.3,1171,4,99,432,704,1747
33039060006,71.7,0,6.8,28.6,44.52,707,0,67,282,439,986
33039060007,67.39,0,6.78,30.55,46.38,3240,0,326,1469,2230,4808
33039060008,72.47,0,6.67,30.22,46.34,674,0,62,281,431,930
33039060009,8.7,0,4.35,26.09,36.02,14,0,7,42,58,161
33039060010,60.79,0,4.72,28.03,43.78,386,0,30,178,278,635
33039060011,55.76,0,6.67,28.53,43.16,518,0,62,265,401,929
33039060012,48.26,0,6.04,29.69,44.6,751,0,94,462,694,1556
33039060013,75.55,0,7.53,29.76,44.02,1023,0,102,403,596,1354
33039060014,55.47,0,5.47,21.35,36.68,304,0,30,117,201,548
33039060015,68.41,0,3.9,25,40.86,509,0,29,186,304,744
33039060016,58.2,0,6.92,29.06,44.2,3034,0,361,1515,2304,5213
33039060018,42.76,0,5.43,25.33,38.49,260,0,33,154,234,608
33039060019,46.99,0,6.02,26.77,40.43,351,0,45,200,302,747
33039060020,56.09,0,5.97,27.05,43.68,479,0,51,231,373,854
33039060021,74.14,0,5.82,28.25,46.75,433,0,34,165,273,584
33039060022,47.31,0,6.51,25.15,40.19,632,0,87,336,537,1336
33039060024,53.05,0,5.73,22.58,37.28,148,0,16,63,104,279
33039060025,61.95,0,5.6,28.91,42.77,210,0,19,98,145,339
33039060026,73.95,0,9.28,28.14,42.22,247,0,31,94,141,334
33039060027,76.34,0,7.02,29.94,46.95,413,0,38,162,254,541
33039060028,49.49,0,7.03,29.03,47.19,387,0,55,227,369,782
33039060029,36.4,0,5.3,20.14,28.27,103,0,15,57,80,283
33039060030,74.15,0,9.27,32.2,45.85,152,0,19,66,94,205
33039060031,57.53,0,5.14,23.8,37.5,336,0,30,139,219,584
33039060032,61.09,0,5.57,24.66,40.76,592,0,54,239,395,969
33039060033,48.99,0,5.67,23.08,36.84,121,0,14,57,91,247
33039060034,71.5,0,9.16,34.53,50.69,1553,0,199,750,1101,2172
33039060035,63.34,0,9.21,32.86,50.02,1417,0,206,735,1119,2237
33039060037,61.18,0,4.61,25,38.32,372,0,28,152,233,608
33039060038,74.21,0,8.24,26,39.92,1450,0,161,508,780,1954
33039060039,63.29,0,4.64,30.38,43.46,150,0,11,72,103,237
33039060040,68.19,0,5.96,27.04,45.13,343,0,30,136,227,503
33039060041,45.71,0,5.97,27.8,41.23,245,0,32,149,221,536
33039060042,58.29,0,6.61,26.8,41.95,1181,0,134,543,850,2026
33039060043,71.94,0,9.72,37.5,58.89,259,0,35,135,212,360
33039060044,58.99,0,5.76,26.62,37.41,82,0,8,37,52,139
33039060045,71.75,0,8.83,33.4,52.43,739,0,91,344,540,1030
33039060052,60.75,0,5.28,22.64,40.75,161,0,14,60,108,265
33039550001,68.3,0,9.57,36.17,51.7,321,0,45,170,243,470
33040030001,70.4,0,6.26,25.21,40.61,1170,0,104,419,675,1662
33040030002,61.54,0,9.01,31.71,45.97,328,0,48,169,245,533
33040030003,58.25,0,6.72,26.27,40.94,286,0,33,129,201,491
33041440001,73.74,0,9.98,31.51,47.9,702,0,95,300,456,952
33041440004,79.45,0,7.51,31.72,48.79,889,0,84,355,546,1119
33041440005,81.66,0,6.92,33.88,48.87,1051,0,89,436,629,1287
33041440006,80.24,0,6.46,31.77,50.94,2051,0,165,812,1302,2556
33041440007,79.05,0,5.68,24.14,41.36,1336,0,96,408,699,1690
33041440008,72.63,0,5.83,24.53,41.19,536,0,43,181,304,738
33041440009,85.63,0,6.12,32.42,50.76,280,0,20,106,166,327
33041440011,83.6,0,10.29,40.19,58.2,260,0,32,125,181,311
33042010001,69.66,2.62,8.61,34.83,50.56,186,7,23,93,135,267
33042010002,76.3,0,8.09,30.64,49.71,132,0,14,53,86,173
33042010003,78.85,0,5.77,32.69,43.27,82,0,6,34,45,104
33042010004,70.71,0,10.88,40.17,56.9,169,0,26,96,136,239
33043000001,82.11,0,4.4,27.86,45.45,280,0,15,95,155,341
33043000003,85.42,0,2.78,22.22,33.33,123,0,4,32,48,144
33043000004,83.2,0,9.92,33.06,49.59,302,0,36,120,180,363
33044090003,61.59,0,5.07,27.54,41.3,85,0,7,38,57,138
33044090007,62.14,0,7.4,30.38,46.72,806,0,96,394,606,1297
33045240007,74.49,0,10.18,36.47,52.77,2202,0,301,1078,1560,2956
33045240008,68.76,0,8.07,33.11,47.2,3640,0,427,1753,2499,5294
33045240009,69.54,0,7.09,28.54,44.06,363,0,37,149,230,522
33045240010,66.8,0,5.33,27.05,45.08,163,0,13,66,110,244
33045240011,63.04,0,9.42,34.06,50,87,0,13,47,69,138
33045240012,66.11,0,7.26,31.21,45.99,519,0,57,245,361,785
33045240014,81.71,0,7.32,26.83,40.85,134,0,12,44,67,164
33045240015,76.42,0,4.88,27.64,43.09,94,0,6,34,53,123
33045240016,76,0,10.22,37.33,53.78,171,0,23,84,121,225
33045570001,82.94,0.44,7.35,31.62,47.21,564,3,50,215,321,680
33045570002,53.49,0,2.79,14.65,28.6,230,0,12,63,123,430
33045570003,67.34,0.68,4.57,24.03,42.3,398,4,27,142,250,591
33045570004,61.61,0.11,5.72,25.54,42.9,4870,9,452,2019,3391,7904
33045570005,73.74,0,7.31,30.48,47.79,1938,0,192,801,1256,2628
33045570007,73.59,0.04,6.26,29.37,47.71,5762,3,490,2300,3736,7830
33045570008,76.05,0,5.51,27.28,44.11,800,0,58,287,464,1052
33045570009,68.26,0,7.37,29.44,47.79,1871,0,202,807,1310,2741
33045570012,89.28,0,6.83,27.94,41.67,1307,0,100,409,610,1464
33045570013,36.69,0,2.88,14.39,23.02,51,0,4,20,32,139
33045570014,66.33,0.06,7.04,28.81,48.98,36914,31,3918,16031,27257,55653
33045570017,53.07,0,7.12,25.81,42.48,917,0,123,446,734,1728
33045570018,81.99,0,8.88,35.81,53.21,1598,0,173,698,1037,1949
33045570019,75.22,0,7.56,32.69,50.44,428,0,43,186,287,569
33045570021,68.13,0.03,5.98,27.27,42.64,7800,3,685,3122,4881,11448
33045570022,76.32,0,7.05,31.49,48.61,303,0,28,125,193,397
33045570023,69.83,0.25,5.45,28.36,47.02,1396,5,109,567,940,1999
33045570024,70.45,0,7.52,33.11,49.47,534,0,57,251,375,758
33045570025,69.54,0,6.62,32.45,49.01,105,0,10,49,74,151
33045570026,69.14,0,4.83,24.16,40.52,186,0,13,65,109,269
33045570027,69.41,0.19,6.13,25.67,44.06,1495,4,132,553,949,2154
33045570028,79.04,0,6.73,30.37,50,4284,0,365,1646,2710,5420
33045570031,72.01,0,6.83,25.6,45.39,211,0,20,75,133,293
33045570035,56.4,0,4.96,21.49,35.95,273,0,24,104,174,484
33045570036,64,0.14,5.06,25.94,42.21,2832,6,224,1148,1868,4425
33045570038,64.64,0,4.88,20.95,36.39,1126,0,85,365,634,1742
33045570039,67.06,0,6.25,27.06,42.68,1631,0,152,658,1038,2432
33045570040,66.45,0,7.37,31.32,47.63,505,0,56,238,362,760
33045570041,89.29,0,3.99,30.67,43.91,425,0,19,146,209,476
33045570042,78.37,0,6.46,32.02,52.81,279,0,23,114,188,356
33045570044,75.18,0.29,6.13,29.29,44.95,5793,22,472,2257,3464,7706
33045570046,64.6,0,4.77,22.69,36.71,447,0,33,157,254,692
33045570047,75.81,0,5.2,27.2,43.94,2695,0,185,967,1562,3555
33045570048,78.81,0,7.15,31.71,47.64,1168,0,106,470,706,1482
33045570049,89.01,0,6.59,26.92,40.66,162,0,12,49,74,182
33045570050,68.49,0.09,7.61,32.57,50.54,6302,8,700,2997,4651,9202
33045570051,74.66,0,6.13,26.72,44.92,816,0,67,292,491,1093
33045570052,69.25,0.09,7.27,27.14,47.68,3011,4,316,1180,2073,4348
33045570053,63.56,0.05,5.9,26.99,47.13,45778,38,4251,19442,33942,72021
33045570055,65.61,0,6.51,32.16,47.96,353,0,35,173,258,538
33045570056,69.79,0,7.5,28.33,47.8,2904,0,312,1179,1989,4161
33045570060,67.44,0,6.62,23.97,40.16,754,0,74,268,449,1118
33045570061,72.45,0,7.59,32.71,51.2,8856,0,928,3998,6259,12224
33045570063,49.49,0,4.78,27.05,44.89,1409,0,136,770,1278,2847
33045570064,70.38,0,8.42,33.97,50.54,259,0,31,125,186,368
33045570066,70.39,0.15,7.05,30.78,49.69,1928,4,193,843,1361,2739
33045570067,64.9,0.08,5.64,26.62,42.15,2311,3,201,948,1501,3561
33045570068,75.89,0,7.14,37.95,49.55,170,0,16,85,111,224
33045570069,73.27,0,7.41,31.23,48.16,6725,0,680,2867,4421,9179
33045570071,85.58,0,5.58,33.49,53.49,184,0,12,72,115,215
33045570072,74.97,0,4.9,27.83,45.59,536,0,35,199,326,715
33045570073,66.27,0,5.96,25.93,41.08,2047,0,184,801,1269,3089
33045570074,74.35,0,7.15,31.17,49.47,3409,0,328,1429,2268,4585
33045570075,79.58,0,6.1,27.92,49.09,3067,0,235,1076,1892,3854
33045570076,60.07,0.17,6.19,27.4,48.51,4312,12,444,1967,3482,7178
33045570077,67.37,0.03,5.85,26.69,45.87,7663,3,666,3036,5218,11375
33045570078,72.19,0,6.68,26.78,42.39,1124,0,104,417,660,1557
33045570079,88.07,0,8.59,26.99,46.32,2584,0,252,792,1359,2934
33045570081,60.34,0,4.67,23.86,40.66,607,0,47,240,409,1006
33045570082,68.43,0,6.87,25.25,39.78,7301,0,733,2694,4245,10670
33045570086,85.52,0,8.69,31.18,49.44,384,0,39,140,222,449
33045570088,63.64,0,5.99,28.82,39.02,287,0,27,130,176,451
33045570089,64.12,0.07,6.66,29.56,54.61,8324,9,864,3838,7089,12982
33045570090,57.84,0,4.27,22.23,36.78,1288,0,95,495,819,2227
33045570091,77.94,0,4.33,28.37,45.11,1099,0,61,400,636,1410
33045570092,85.12,0,7.79,31.55,49.11,2196,0,201,814,1267,2580
33045570093,69.58,0,6.35,24.07,40.04,318,0,29,110,183,457
33045570095,75.15,0.04,7.27,30.63,47.98,5314,3,514,2166,3393,7071
33045570097,69.28,0,5.81,27.15,42.6,2386,0,200,935,1467,3444
33045570098,77.31,0,5.79,29.29,44.88,1428,0,107,541,829,1847
33045570099,65.26,0,4.81,23.07,39.71,1208,0,89,427,735,1851
33045570100,73.02,0.2,6.29,27.28,46.96,1451,4,125,542,933,1987
33045570101,61.3,0,4.23,21.04,37.85,1218,0,84,418,752,1987
33045570103,70.15,0.22,5.63,31.2,49.35,1295,4,104,576,911,1846
33045570104,61.63,0.85,5.2,25.61,41.68,652,9,55,271,441,1058
33045570105,66.78,0,8.47,32.25,52.77,410,0,52,198,324,614
33045570106,73.5,0,6.79,29.45,48.44,4385,0,405,1757,2890,5966
33045570109,63.93,0.04,6.13,26.61,44.46,10508,7,1008,4373,7307,16436
33045570110,79.96,0,7.12,30.37,47.16,1943,0,173,738,1146,2430
33045570111,77.07,0,6.34,26.34,43.9,158,0,13,54,90,205
33045570114,69.39,0.09,8.01,28.96,47.62,2219,3,256,926,1523,3198
33045570115,68.92,0,7,29.83,45.92,827,0,84,358,551,1200
33045570117,77.43,0,3.89,24.9,40.47,199,0,10,64,104,257
33045570119,73.8,0,8.01,31.51,50.13,6658,0,723,2843,4523,9022
33045570120,70.67,0,6.86,32.61,49.77,453,0,44,209,319,641
33045570121,73.6,0,7,29.48,45.63,3555,0,338,1424,2204,4830
33045570122,77.4,0,7.24,29.53,46.63,1240,0,116,473,747,1602
33045570124,74.74,0,5.3,22.35,39.92,719,0,51,215,384,962
33045570125,73.15,0.22,6.21,29.56,46.47,3994,12,339,1614,2537,5460
33045570126,62.12,0,6.54,26.15,45,323,0,34,136,234,520
33045570127,63.14,0,6.43,27.79,42.06,668,0,68,294,445,1058
33045570128,63.08,0,5.1,23.27,37.54,1114,0,90,411,663,1766
33045570129,83.69,0,8.09,34.99,53.18,672,0,65,281,427,803
33045570130,79.53,0.47,6.12,30.26,46.78,2210,13,170,841,1300,2779
33045570132,69.96,0,6.2,30.09,48.06,5307,0,470,2283,3646,7586
33045570133,75.4,0,6.85,30.65,44.76,187,0,17,76,111,248
33045570134,73.55,0,6.83,30.38,49.83,431,0,40,178,292,586
33045570135,71.9,0,6.67,32.24,49.34,765,0,71,343,525,1064
33045570136,58.71,0,7.15,26.74,51.15,3891,0,474,1772,3390,6628
33045570137,68.7,0,5.24,27.11,44.49,5706,0,435,2252,3695,8306
33045570138,76.01,0,6.24,29.72,46.75,9180,0,754,3589,5646,12077
33045570139,72.88,0,7.03,26.54,41.03,508,0,49,185,286,697
33045570142,80.67,0,10.08,31.93,47.9,96,0,12,38,57,119
33045570143,70.1,0,5.69,25.88,40.98,12968,0,1053,4788,7581,18499
33045570145,71.49,0,6.33,33.94,48.42,158,0,14,75,107,221
33045570146,63.93,0.33,6.43,28.83,49.8,1909,10,192,861,1487,2986
33045570147,60.29,0,5.95,25.73,42.69,1216,0,120,519,861,2017
33045570148,69.79,0,3.12,0,0,67,0,3,0,0,96
33045570149,70.43,0,10.09,36.7,54.43,405,0,58,211,313,575
33045570150,71.64,0,7.09,30.65,45.28,1253,0,124,536,792,1749
33045570152,70.41,0,6.42,28.48,44.95,1261,0,115,510,805,1791
33045570154,65.43,0,6.47,27.16,45.75,2992,0,296,1242,2092,4573
33045570155,81.53,0,5.6,23.88,38.06,437,0,30,128,204,536
33045570156,90.39,0,5.9,27.07,44.1,414,0,27,124,202,458
33045570159,63.18,0,4.95,25.05,40.16,3254,0,255,1290,2068,5150
33045570160,76.83,0,7.56,29.89,48.54,6414,0,631,2495,4052,8348
33045570161,74.56,0,7.82,33.33,50.75,1049,0,110,469,714,1407
33045570163,70.57,0,7.01,30.46,46.44,614,0,61,265,404,870
33045570165,64.47,0,4.89,24.62,38.53,343,0,26,131,205,532
33045570167,77.12,0.39,7.15,31.92,48.66,981,5,91,406,619,1272
33045570168,86.54,0,6.49,29.38,46.32,2012,0,151,683,1077,2325
33045570170,48.41,0.15,5.59,24.28,38.84,961,3,111,482,771,1985
33045570171,76.14,0,6.29,28.1,44.4,2046,0,169,755,1193,2687
33045570172,77.55,0,4.59,29.34,47.45,304,0,18,115,186,392
33045570174,76.13,0,7.09,34.62,52.71,3716,0,346,1690,2573,4881
33045570178,71.66,0,7.77,30.78,49.71,4952,0,537,2127,3435,6910
33045570180,62.71,0.1,5.22,25.6,41.24,3593,6,299,1467,2363,5730
33045570182,78.07,0,4.85,42.72,54.49,1175,0,73,643,820,1505
33045570185,73.55,0,4.8,23.18,37.97,1104,0,72,348,570,1501
33045570186,66.96,0,6.74,23.26,38.91,308,0,31,107,179,460
33045570187,69.25,0,7.16,30.79,48.69,2980,0,308,1325,2095,4303
33045570189,67.12,0.18,5.44,24.26,39.73,1862,5,151,673,1102,2774
33045570190,82.88,0.18,6.26,30.94,49.04,2290,5,173,855,1355,2763
33045570193,72,0,7.93,34.39,53.19,1026,0,113,490,758,1425
33045570194,75.27,0,8.34,34.08,52.79,1038,0,115,470,728,1379
33045570195,72.14,0.1,6.33,30.03,48.26,7544,10,662,3140,5047,10457
33045570196,77.74,0,6.6,36.04,52.64,412,0,35,191,279,530
33045570197,75.15,0,8.6,34.04,53.83,638,0,73,289,457,849
33045570198,69.37,0.07,6.78,29.45,46.63,7049,7,689,2993,4739,10162
33045570200,74.26,0,4.35,20.52,34.43,427,0,25,118,198,575
33045570201,68.96,0.51,6.68,28.98,42.99,1073,8,104,451,669,1556
33045570202,74.6,0,4.01,19.52,30.21,279,0,15,73,113,374
33045570203,65.19,0,8.93,29.42,41.49,1161,0,159,524,739,1781
33045570204,66.96,0,6.07,30.81,45.78,452,0,41,208,309,675
33045570205,73.59,0,7.89,30.67,48.82,811,0,87,338,538,1102
33045570206,81.94,0,7.64,32.58,49.88,3775,0,352,1501,2298,4607
33045570209,72.84,1.21,6.84,30.38,48.29,362,6,34,151,240,497
33045570210,67.54,0,5.64,30.28,47.08,1053,0,88,472,734,1559
33045570212,79.38,0,6.04,28.67,44.97,1617,0,123,584,916,2037
33045570214,67.59,0,5.98,23.78,41.72,486,0,43,171,300,719
33045570216,72.28,0,6.97,27.88,45.89,923,0,89,356,586,1277
33045570219,71.09,0,5.21,26.07,43.6,150,0,11,55,92,211
33045570221,72.46,0,7.25,28.02,41.38,450,0,45,174,257,621
33045570226,64.68,0.28,5.56,23.13,39.14,1826,8,157,653,1105,2823
33045570227,70.44,0,5.58,25.66,40.36,1337,0,106,487,766,1898
33045570228,76.39,0,4.86,29.17,42.36,110,0,7,42,61,144
33045570229,69.59,0,8.19,26.32,40.35,119,0,14,45,69,171
33045570230,65.24,0,7.49,21.39,39.57,122,0,14,40,74,187
33045570231,72.45,0,3.85,23.31,35.84,376,0,20,121,186,519
33045570232,58.62,0,3.07,15.56,26.13,765,0,40,203,341,1305
33045570233,85.71,0,14.29,0,0,48,0,8,0,0,56
33045570234,74.32,0,7.3,32.19,50.81,8984,0,882,3891,6142,12089
33045570235,78.88,0,7.5,33.64,51.22,3208,0,305,1368,2083,4067
33045570237,64.82,0.11,6.1,25.68,41.84,3951,7,372,1565,2550,6095
33045570238,87.45,0.27,6.86,32.01,50.39,2893,9,227,1059,1667,3308
33045570240,65.39,0,5.38,26.37,42.27,2271,0,187,916,1468,3473
33045570241,73.46,0,6.98,32.9,50.68,1074,0,102,481,741,1462
33045570242,72.99,0,8.33,32.3,49.96,1008,0,115,446,690,1381
33045570244,58.41,0.05,6.1,22.73,45.06,3487,3,364,1357,2690,5970
33045570245,67.05,0.1,6.56,28.79,47.01,3526,5,345,1514,2472,5259
33045570246,74.93,0,7.44,32.29,51.19,3446,0,342,1485,2354,4599
33045570247,80.58,0,7.85,29.75,45.45,195,0,19,72,110,242
33045570248,69.34,0,5.56,24.79,40.85,2492,0,200,891,1468,3594
33045570249,70.09,0.6,6.45,28.79,45.28,935,8,86,384,604,1334
33045570250,73.61,0,6.16,29.03,39,251,0,21,99,133,341
33045570252,74.33,0,6.58,30.84,48.51,7771,0,688,3224,5072,10455
33045570253,74.53,0,6.72,29.84,47.34,477,0,43,191,303,640
33045570254,67.34,0,4.18,21.83,37.31,435,0,27,141,241,646
33045570255,78.34,0,7.01,32.96,50,492,0,44,207,314,628
33045570256,71.26,0,4.99,21.99,39.88,243,0,17,75,136,341
33045570257,71.72,0,5.44,27.88,45.45,1253,0,95,487,794,1747
33045570258,69.56,0.07,6.7,30.29,47.15,5837,6,562,2542,3956,8391
33045570260,76.78,0,7.44,38.62,56.73,1187,0,115,597,877,1546
33045570261,75.49,0.1,5.99,28.38,43.75,2181,3,173,820,1264,2889
33045570263,78.36,0,6.74,30.74,47.74,2684,0,231,1053,1635,3425
33045570267,72.29,0,5.71,25.14,40.57,253,0,20,88,142,350
33045570268,70.36,0,6.63,31.05,47.78,997,0,94,440,677,1417
33045570270,76.69,0,6.85,32.88,50.37,3727,0,333,1598,2448,4860
33045570274,68.95,0.31,7.2,28.95,47.85,3313,15,346,1391,2299,4805
33045570278,74.62,0,6.81,32.01,50.04,844,0,77,362,566,1131
33045570279,65.41,0,6.93,29.1,51.66,1632,0,173,726,1289,2495
33045570284,79.82,0,7.5,31.86,47.34,2460,0,231,982,1459,3082
33045570286,71.48,0,5.11,26.01,42.2,742,0,53,270,438,1038
33045570287,67.02,0,5.9,21.63,38.12,443,0,39,143,252,661
33045570289,62.97,0.05,6.15,27.09,46.52,3828,3,374,1647,2828,6079
33045570290,66.39,0.22,6.36,27.32,45.96,887,3,85,365,614,1336
33045570291,73.56,0,7.52,31.84,49.23,3896,0,398,1686,2607,5296
33045570294,75.08,0,6.03,29.55,45.11,10617,0,853,4179,6379,14140
33045570295,73.45,0,4.71,31.76,47.06,437,0,28,189,280,595
33045570297,63.91,0,4.27,22.04,39.67,464,0,31,160,288,726
33045570298,69.67,0,6.23,28.19,44.61,2405,0,215,973,1540,3452
33045570299,70.99,0.48,6.09,24.84,41.19,443,3,38,155,257,624
33045570300,67.19,0.25,4.11,24.22,40.41,1079,4,66,389,649,1606
33045570301,70.22,0,4.94,21.13,32.96,1080,0,76,325,507,1538
33045570302,82.89,0,5.66,33.73,52.53,688,0,47,280,436,830
33045570304,71.51,0,6.02,28.75,45.7,2435,0,205,979,1556,3405
33045570306,70.05,0.92,5.22,29.95,49.31,456,6,34,195,321,651
33045570307,72.35,0.27,7,30.71,49.46,1065,4,103,452,728,1472
33045570308,65.38,0,8.51,28.09,43.59,561,0,73,241,374,858
33045570309,70.72,0,6.22,33.01,49.45,512,0,45,239,358,724
33045570310,78.25,0,4.15,19.22,33.03,867,0,46,213,366,1108
33045570313,70.36,0,6.31,29.42,47.53,1227,0,110,513,829,1744
33045570315,69.87,0,6.9,29.53,43.01,1519,0,150,642,935,2174
33045570318,74.92,0,6.98,33.33,44.76,236,0,22,105,141,315
33045570319,66.15,0,4.96,25.3,38.97,387,0,29,148,228,585
33045570326,78.33,0,8.33,32.96,49.81,423,0,45,178,269,540
33045570331,72.36,0,5.92,32.02,49.08,513,0,42,227,348,709
33045570335,79.19,0,6.39,29.52,46.48,719,0,58,268,422,908
33045570336,76.72,0,5.94,23.99,43.23,323,0,25,101,182,421
33045570337,81.88,0,8.28,32.75,48.69,940,0,95,376,559,1148
33045570339,75.8,0,7.41,31.51,50.3,1525,0,149,634,1012,2012
33045570340,80.83,0,6.13,29.2,46.02,620,0,47,224,353,767
33045570341,51.85,0,0,0,0,28,0,0,0,0,54
33045570342,72.74,0.17,8.2,32.64,48.47,1756,4,198,788,1170,2414
33045570343,78.06,0,0,0,0,217,0,0,0,0,278
33045570354,68.4,0,4.81,25.64,40.45,1662,0,117,623,983,2430
33045570356,73.04,0,6.31,34.12,49.01,775,0,67,362,520,1061
33045570358,77.55,0,4.59,22.96,35.71,152,0,9,45,70,196
33045570360,76.4,0,5.06,28.09,39.89,136,0,9,50,71,178
33045570361,70.2,0,6.9,30.3,46.97,417,0,41,180,279,594
33045570362,67.97,0,5.56,25.16,41.5,208,0,17,77,127,306
33045570364,77.33,0,4.06,25.72,42.98,457,0,24,152,254,591
33045570371,60.9,0,5.26,27.07,48.12,81,0,7,36,64,133
33045570372,83.49,0.71,8.02,34.43,51.89,354,3,34,146,220,424
33045570374,70.85,0,9,32.57,49.56,559,0,71,257,391,789
33045570379,73.39,0,6.01,29.05,45.52,2673,0,219,1058,1658,3642
33045570380,85.53,0,6.58,40.79,58.77,195,0,15,93,134,228
33045570381,87.21,0,7.78,33.37,51.7,1670,0,149,639,990,1915
33045570382,69.69,0.03,6.76,28.74,47.27,20745,8,2012,8556,14071,29766
33045570383,65.87,0,9.39,32.19,51.86,442,0,63,216,348,671
33045570384,68.28,0,5.95,25.53,40.52,551,0,48,206,327,807
33045570386,67.08,0,6.9,33.45,52.04,379,0,39,189,294,565
33045570387,55.38,0.12,4.29,19.91,38.71,2748,6,213,988,1921,4962
33045570388,75.88,0,5.7,27.19,42.11,173,0,13,62,96,228
33045570390,66.37,0,4.2,22.52,40.24,221,0,14,75,134,333
33045570393,81.6,0,6.56,32.24,50.09,448,0,36,177,275,549
33045570395,78.56,0,6.83,33.59,53.32,414,0,36,177,281,527
33045570396,71.59,0,6.9,30.97,46.34,1038,0,100,449,672,1450
33045570397,71.69,0,3.74,21.02,36.85,747,0,39,219,384,1042
33045570399,70.33,1.01,5.61,26.64,44.31,903,13,72,342,569,1284
33045570400,73.48,0,5.64,24.04,41.65,651,0,50,213,369,886
33045570401,76.44,0,6.28,37.7,53.4,146,0,12,72,102,191
33045570402,57.14,0,0.95,20.32,26.35,180,0,3,64,83,315
33045570405,68.25,0,6.01,27.71,45.15,4675,0,412,1898,3093,6850
33045570406,66.75,0.03,7.06,30.21,48.3,6475,3,685,2930,4685,9700
33045570407,67.6,0,7.27,27.38,44.29,995,0,107,403,652,1472
33045570409,64.92,0,3.7,21.13,35.73,298,0,17,97,164,459
33045570410,56.56,0,5.1,23.95,41.02,444,0,40,188,322,785
33045570411,73.98,0,5.69,28.05,47.97,182,0,14,69,118,246
33045570412,70.56,0,7.19,27.8,45.23,4267,0,435,1681,2735,6047
33045570413,80.71,0,7.09,31.3,46.46,410,0,36,159,236,508
33045570414,53.11,0,5.7,21.76,34.97,205,0,22,84,135,386
33045570415,77.91,0,8.75,29.64,51.61,1887,0,212,718,1250,2422
33045570503,56.67,1.31,7.22,28.67,48.14,259,6,33,131,220,457
33045570505,65.99,0,7.48,26.98,45.58,291,0,33,119,201,441
33045570507,70.86,0,6.78,29.81,47.18,2843,0,272,1196,1893,4012
33045570508,69.35,0,7.38,32.03,48.26,2217,0,236,1024,1543,3197
33045570509,73.08,0.17,7.4,31.35,47.51,1718,4,174,737,1117,2351
33045570510,83.87,0,5.02,35.48,50.18,234,0,14,99,140,279
33045570511,70.87,0.17,6.14,28.14,43.73,1282,3,111,509,791,1809
33045570513,71.93,0,8.09,32.59,49.42,3103,0,349,1406,2132,4314
33045570514,81.3,0,9.35,33.33,51.02,400,0,46,164,251,492
33045570515,66.06,0.3,5.52,26.71,46.59,658,3,55,266,464,996
33045570517,71.17,0,4.33,20,45,427,0,26,120,270,600
33045570518,88.64,0,13.64,46.02,61.36,156,0,24,81,108,176
33045570519,76.56,0,7.74,29.67,46.38,1058,0,107,410,641,1382
33045570520,70.05,0,8.21,26.09,40.58,145,0,17,54,84,207
33045570521,70.53,0,8.04,29.34,46.65,1096,0,125,456,725,1554
33045570522,69.12,0,6.64,27.83,47.4,385,0,37,155,264,557
33045570523,71.08,0,6.55,32.76,43.51,575,0,53,265,352,809
33045570524,68.6,0,6.49,26.77,42.41,592,0,56,231,366,863
33045570525,65.66,0,5.12,21.99,42.17,218,0,17,73,140,332
33045570526,58.94,0,8.32,27.23,49.01,1134,0,160,524,943,1924
33045570527,66.58,0,6.67,25.58,47.58,799,0,80,307,571,1200
33045570528,71.41,0.12,6.29,28.63,44.56,1838,3,162,737,1147,2574
33045570529,50.18,0,2.18,19.64,33.45,138,0,6,54,92,275
33045570530,63.5,0,6.6,26.41,43.69,327,0,34,136,225,515
33045570531,78.43,0,8.12,30.53,50.42,280,0,29,109,180,357
33045570536,67.34,0.31,5.65,28.28,46.9,1324,6,111,556,922,1966
33045570539,69.04,0,5.21,23.85,39.18,437,0,33,151,248,633
33045570540,70.46,0.16,6.34,28.17,47.12,2566,6,231,1026,1716,3642
33045570541,75,0,7.34,32.24,50.1,756,0,74,325,505,1008
33045570542,75.51,0,5.99,28.03,45.17,1110,0,88,412,664,1470
33045570543,67.78,0,4.53,27.16,45.04,629,0,42,252,418,928
33045570544,64.52,0.79,5.78,24.97,43.5,491,6,44,190,331,761
33045570545,66.46,0.24,5.75,23.86,40,844,3,73,303,508,1270
33045570546,68.08,0,6.19,28.34,44.95,209,0,19,87,138,307
33045570547,80.41,0,6.87,24.43,38.04,632,0,54,192,299,786
33045570548,85.28,0,6.57,28.22,42.77,973,0,75,322,488,1141
33045570549,71.51,0,5.78,28.63,44.62,532,0,43,213,332,744
33045570550,62.16,0,4.56,22.64,37.39,409,0,30,149,246,658
33045570551,75.57,0,7.65,32.44,50.77,1670,0,169,717,1122,2210
33045570552,65.87,0.66,7.28,26.46,46.03,498,5,55,200,348,756
33045570553,78.22,0,7.91,34.94,52.05,2176,0,220,972,1448,2782
33045570554,70.56,0,5.08,27.16,43.91,278,0,20,107,173,394
33045570555,73.11,0,5.74,28.45,45.34,1082,0,85,421,671,1480
33045570557,81.28,0,3.4,20,30.21,191,0,8,47,71,235
33045570558,66.29,0.18,7.17,31.08,49.49,1109,3,120,520,828,1673
33045570559,67.22,0,6.45,27.85,45.95,490,0,47,203,335,729
33045570560,75.1,0,6.72,27.67,43.87,190,0,17,70,111,253
33045570562,71.77,0,5.01,21.97,37.13,516,0,36,158,267,719
33045570564,77.45,0,8.17,36.6,51.63,237,0,25,112,158,306
33045570565,75.75,0,6,27.5,44.5,303,0,24,110,178,400
33045570566,69.11,0,5.96,26.02,44.72,255,0,22,96,165,369
33045570567,75.66,0,6.04,29.06,46.42,401,0,32,154,246,530
33045570568,76.06,0,7.71,34.66,51.86,858,0,87,391,585,1128
33045570569,73.35,0,3.69,22.16,39.31,278,0,14,84,149,379
33045570570,73.3,0,4.43,26.91,41.96,711,0,43,261,407,970
33045570571,77.16,0,7.11,23.86,37.56,152,0,14,47,74,197
33045570572,78.42,0,10.67,35.5,52.2,338,0,46,153,225,431
33045570573,76.42,0,5.7,29.12,43.52,2706,0,202,1031,1541,3541
33045570575,72.97,1.2,9.01,34.23,48.35,243,4,30,114,161,333
33045570576,75.22,0,5.67,21.79,37.31,252,0,19,73,125,335
33045570577,73.31,0,6.81,30.82,49.36,1206,0,112,507,812,1645
33045570578,80.49,0,6.31,32.39,50.31,1568,0,123,631,980,1948
33045570579,70.13,0,5.84,25.32,38.96,108,0,9,39,60,154
33045570580,73.66,0,6.05,29.08,44.94,1667,0,137,658,1017,2263
33045570581,50.19,0,4.09,22.68,37.17,135,0,11,61,100,269
33045570582,66.89,0,5.39,25.98,43.67,919,0,74,357,600,1374
33045570583,75.12,0,8.35,28.07,45.01,918,0,102,343,550,1222
33045570585,70.36,0,7.47,26.51,44.82,292,0,31,110,186,415
33045570586,68.27,0,4.81,22.6,38.46,142,0,10,47,80,208
33045570587,75.76,0,10.61,31.82,48.48,50,0,7,21,32,66
33045570588,72.5,0,5.71,31.79,43.57,203,0,16,89,122,280
33045570589,68.54,0,3.76,26.53,44.13,292,0,16,113,188,426
33045570590,71.7,0,6.55,25.08,39.29,646,0,59,226,354,901
33045570591,69.81,0,5.43,27.82,47.35,1029,0,80,410,698,1474
33045570592,75.38,0.06,7.42,33.3,50.95,5932,5,584,2620,4009,7869
33045570593,68.85,0,8.45,32.66,49.43,546,0,67,259,392,793
33045570595,70.28,0.64,5.48,28.7,45.79,551,5,43,225,359,784
33045570596,65.08,0,6.61,27.07,46.69,315,0,32,131,226,484
33045570597,77.19,0,7.02,30.7,47.66,264,0,24,105,163,342
33045570602,75.77,0,8.17,32.96,48.17,269,0,29,117,171,355
33045570603,71.54,0,6.65,31.76,49.5,4185,0,389,1858,2896,5850
33045570604,72.01,0,6.18,28.39,44.14,1106,0,95,436,678,1536
33045570605,48.85,0,1.38,14.75,35.48,106,0,3,32,77,217
33045570606,84.47,0,4.21,27.18,41.42,261,0,13,84,128,309
33045570607,74.41,0,8.26,33.58,51.56,1387,0,154,626,961,1864
33045570608,80.09,0,7.36,35.06,55.41,185,0,17,81,128,231
33045570609,72.18,0,6.06,23.28,36.5,524,0,44,169,265,726
33045570610,74.34,0.09,6.71,31.18,48.29,12326,15,1112,5169,8006,16580
33045570612,76.96,0.19,7.58,32.46,51.58,3187,8,314,1344,2136,4141
33045570613,85.06,0,4.76,33.98,48.48,393,0,22,157,224,462
33045570614,75.8,0,7.5,32.44,48.83,1748,0,173,748,1126,2306
33045570616,73.68,0,7.1,28.3,42,893,0,86,343,509,1212
33045570617,82.39,0,7.97,32.56,52.82,248,0,24,98,159,301
33045570618,67.41,0,5.65,29.3,46.32,1026,0,86,446,705,1522
33045570620,76.04,0,6.07,25.18,39.94,752,0,60,249,395,989
33045570621,67.34,0,4.34,23.7,42.2,233,0,15,82,146,346
33045570622,71.46,0,6.23,26.05,41,746,0,65,272,428,1044
33045570623,74.31,0,9.22,32.28,46.9,1724,0,214,749,1088,2320
33045570624,67.1,0.34,5.24,24.7,41.37,1948,10,152,717,1201,2903
33045570625,79.23,0,8.74,36.07,55.19,145,0,16,66,101,183
33045570626,82.4,0,5.6,32.27,49.07,309,0,21,121,184,375
33045570627,77.52,0,5.05,32.57,49.54,169,0,11,71,108,218
33045570629,64.91,0,5.11,28.79,44.63,381,0,30,169,262,587
33045570630,83.74,0,10.03,37.89,53.46,484,0,58,219,309,578
33045570631,67.3,0,6.77,29.01,46.69,457,0,46,197,317,679
33045570633,80.37,0,5.93,32.69,50.46,868,0,64,353,545,1080
33045570635,74.05,0.22,6.03,26.73,42.61,2654,8,216,958,1527,3584
33045570636,80.07,0,7.86,29.5,45.1,703,0,69,259,396,878
33045570637,69.97,0.89,7.13,29.85,47.65,1580,20,161,674,1076,2258
33045570639,79.84,0,7.79,33.96,51.56,2245,0,219,955,1450,2812
33045570641,73.83,0,3.74,24.77,39.25,158,0,8,53,84,214
33045570642,68.93,0,7.1,30.01,47.11,2398,0,247,1044,1639,3479
33045570643,75.42,0,4.99,26.65,40.58,801,0,53,283,431,1062
33045570644,70.02,0.16,6.96,29.67,47.61,5365,12,533,2273,3648,7662
33045570648,69.97,0,4.12,24.09,40.62,918,0,54,316,533,1312
33045570649,71,0,5.25,22.75,41.5,284,0,21,91,166,400
33045570650,71.92,0,4.72,25.26,42.59,1096,0,72,385,649,1524
33045570651,77.23,0,4.72,23.59,36.62,753,0,46,230,357,975
33045570652,69.57,0,7.16,30.95,49.87,272,0,28,121,195,391
33045570653,84.17,0,8.97,26.76,44.91,2101,0,224,668,1121,2496
33045570654,77.04,0,5.26,29.01,43.91,879,0,60,331,501,1141
33045570655,68.45,0,5.16,22.42,35.12,345,0,26,113,177,504
33045570656,81.24,0,6.18,35.61,53.52,381,0,29,167,251,469
33045570657,72.85,0.26,7.56,33.57,52.2,829,3,86,382,594,1138
33045570658,80.24,0,6.01,32.02,48.7,1015,0,76,405,616,1265
33045570659,59.1,0.06,5.1,22.35,40.85,5732,6,495,2168,3962,9699
33045570660,73.48,0,9.13,25.65,42.17,169,0,21,59,97,230
33045570661,69.53,0,7,26.64,42.21,308,0,31,118,187,443
33045570662,78.99,0,6.6,29.6,46.7,1030,0,86,386,609,1304
33045570663,76.86,0,11.79,35.37,54.59,176,0,27,81,125,229
33045570665,68.7,0.12,7.7,32.7,49.36,1712,3,192,815,1230,2492
33045570666,77.27,0,11.62,28.79,49.49,153,0,23,57,98,198
33045570670,77.79,0,6.15,30.32,47.21,5199,0,411,2026,3155,6683
33045570671,70.31,0,5.97,30.97,47.16,495,0,42,218,332,704
33045570672,66.84,0,5.29,27.69,45.33,379,0,30,157,257,567
33045570673,69.14,0,5.79,27.83,45.64,2077,0,174,836,1371,3004
33045570674,72.06,0,10.29,38.24,50.37,196,0,28,104,137,272
33045570675,69.05,0,5.31,25.87,38.57,299,0,23,112,167,433
33045570676,77.9,0.29,7.05,32.53,50.29,807,3,73,337,521,1036
33045570677,74.48,0,7.08,32.28,49.63,2545,0,242,1103,1696,3417
33045570678,74.34,0,4.91,27.17,41.51,197,0,13,72,110,265
33045570679,59.78,0,8.7,29.35,43.48,55,0,8,27,40,92
33045570680,72.67,0,8.2,33.6,49.39,718,0,81,332,488,988
33045570681,59.77,0,4.89,24.92,41.21,367,0,30,153,253,614
33045570682,80.43,0,6.91,27.05,43.6,559,0,48,188,303,695
33045570683,70.91,0,6.86,32.77,50.53,1002,0,97,463,714,1413
33045570684,74.13,0.07,5.99,32.88,50.79,4358,4,352,1933,2986,5879
33045570685,75.22,0,6.94,33.57,50.18,856,0,79,382,571,1138
33045570686,76.96,0,6.76,34.32,51.74,2606,0,229,1162,1752,3386
33045570687,79.94,0,7.25,36.53,54.8,849,0,77,388,582,1062
33045570688,71.12,0,6.3,27.19,44.34,1219,0,108,466,760,1714
33045570689,71.5,0,5.18,24.35,40.41,138,0,10,47,78,193
33045570690,73.35,0,6.81,31.06,49.26,3757,0,349,1591,2523,5122
33045570691,67.53,0,6.79,30.49,46.79,547,0,55,247,379,810
33045570692,76.4,0,8.19,34.95,52.1,1670,0,179,764,1139,2186
33045570693,70.68,0,7.49,28.63,44.48,4565,0,484,1849,2873,6459
33045570694,76.22,0,7.57,29.55,49.91,423,0,42,164,277,555
33045570695,86.15,0,6.68,41.62,54.19,1213,0,94,586,763,1408
33045570697,81.78,0,9.65,40.91,49.01,2797,0,330,1399,1676,3420
33045570698,56.4,0,8.06,27.25,45.02,238,0,34,115,190,422
33045570699,75.7,0,7.38,26.04,44.16,564,0,55,194,329,745
33045570700,64.27,0,8.79,37.06,57.29,921,0,126,531,821,1433
33045570702,68.35,0,5.97,27.8,45.78,1581,0,138,643,1059,2313
33045570706,61.84,0,7.24,29.19,50.56,5773,0,676,2725,4720,9335
33045570707,77.52,0,7.47,30.92,46.9,1286,0,124,513,778,1659
33045570710,77.58,0,7.16,34.15,50,661,0,61,291,426,852
33045570711,74.32,0,8.18,39.89,56.38,518,0,57,278,393,697
33045570712,82.04,0,5.8,30.55,48.37,580,0,41,216,342,707
33045570713,72.12,0,7.55,30.76,45.5,401,0,42,171,253,556
33045570714,70.66,0.33,7.3,27.82,44.81,1722,8,178,678,1092,2437
33045570715,72.58,0.13,6.15,25.5,44.75,5026,9,426,1766,3099,6925
33045570716,68.46,0,7.32,30.55,49.03,3245,0,347,1448,2324,4740
33045570717,73.44,0,7.41,32.29,48.34,1615,0,163,710,1063,2199
33045570720,60.13,0,4.27,28.32,42.41,380,0,27,179,268,632
33045570721,71.55,0,6.55,25.69,44.14,415,0,38,149,256,580
33045570722,73.15,0,6.95,32.99,48.45,989,0,94,446,655,1352
33045570723,63.25,0.19,4.81,23.41,42.08,986,3,75,365,656,1559
33045570724,87.5,0,7.2,23.86,33.71,231,0,19,63,89,264
33045570725,82.44,0,4.11,12.03,21.36,521,0,26,76,135,632
33045570726,67.66,0,5.49,22.4,36.23,592,0,48,196,317,875
33045570727,77.95,0.67,8.91,35.63,57.91,350,3,40,160,260,449
33045570728,84.05,0,7.52,29.91,45.55,548,0,49,195,297,652
33045570729,86.35,0,9.21,37.14,53.97,544,0,58,234,340,630
33045570730,88.41,0,6.4,36.16,51.9,511,0,37,209,300,578
33045570731,82.64,0,7.07,33.76,50.8,257,0,22,105,158,311
33045570732,88.72,0,2.99,20.18,35.76,1486,0,50,338,599,1675
33045570733,69.46,0,6.69,28.31,44.34,1651,0,159,673,1054,2377
33045570734,90.03,0,9.02,30.69,51.46,1417,0,142,483,810,1574
33045570735,69.82,0,5.48,26.45,44.68,1122,0,88,425,718,1607
33045570736,81.26,0,5.78,28.88,47.75,633,0,45,225,372,779
33045570737,77.89,0,3.16,25.26,39.47,296,0,12,96,150,380
33045570738,83.79,0,8.3,32.41,48.81,424,0,42,164,247,506
33045570743,60.19,0,5.56,27.78,43.98,130,0,12,60,95,216
33045570744,72.63,0,4.56,25.61,40.35,207,0,13,73,115,285
33045570745,65.64,0,4.85,23.79,39.21,149,0,11,54,89,227
33045570747,64.63,0,0,0,0,53,0,0,0,0,82
33045570748,57.04,0,2.11,17.61,30.28,81,0,3,25,43,142
33045570749,65.31,0.94,7.43,31.03,50.32,1107,16,126,526,853,1695
33045570750,80.11,0,3.18,24.93,41.11,302,0,12,94,155,377
33045570751,79.43,0,7.09,32.62,47.52,112,0,10,46,67,141
33045570752,53.88,0,10.73,26.71,35.62,236,0,47,117,156,438
33045570754,78.54,0,7.15,33.61,49.93,1131,0,103,484,719,1440
33045570755,79.85,0,5.22,23.13,50.75,107,0,7,31,68,134
33045570756,75.95,0,6.89,30.21,46.77,518,0,47,206,319,682
33045570757,71.06,0,8.46,42.13,58.07,361,0,43,214,295,508
33045570758,80.85,0,0,0,0,38,0,0,0,0,47
33045570759,75.86,0,6.9,37.44,53.2,154,0,14,76,108,203
33045570760,79.97,0,8,40.22,57.84,1030,0,103,518,745,1288
33045570763,58.13,0.45,3.95,20.58,33.51,647,5,44,229,373,1113
33045570764,75.19,0,4.51,23.31,44.36,100,0,6,31,59,133
33045570766,71.23,0,5.19,27.36,42.92,151,0,11,58,91,212
33045570767,75.25,0,6.53,28.43,43.61,818,0,71,309,474,1087
33045570768,65.62,0,7.5,28.12,41.88,105,0,12,45,67,160
33045570769,70.11,0,5.79,28.24,45.18,509,0,42,205,328,726
33045570770,81.93,0,0,0,0,68,0,0,0,0,83
33045570772,78.1,0,5.42,26.78,42.96,1009,0,70,346,555,1292
33045570774,73.48,0,9.3,36.48,56.33,1114,0,141,553,854,1516
33045570775,79.03,0,0,0,0,98,0,0,0,0,124
33045570776,76.36,0,8.14,33.33,51.55,197,0,21,86,133,258
33045570778,82.04,0,13.91,42.75,67.45,973,0,165,507,800,1186
33045570782,59.39,0,7.12,25.43,47.53,626,0,75,268,501,1054
33045570783,71.59,0.25,6.14,26.05,42.93,1154,4,99,420,692,1612
33045570784,63.57,0,2.86,27.86,37.86,89,0,4,39,53,140
33045570785,73.09,0,12.05,32.93,50.2,182,0,30,82,125,249
33045570786,85.15,0,7.22,31.75,50.72,413,0,35,154,246,485
33045570787,70.21,0,6.38,32.45,44.68,132,0,12,61,84,188
33045570789,68.36,0,7.42,27.34,48.83,175,0,19,70,125,256
33045570791,84.52,0,8.36,36.22,56.04,273,0,27,117,181,323
33045570792,80.76,0,5.52,25.9,43.24,424,0,29,136,227,525
33045570793,69.59,0.24,8.59,33.09,52.32,1426,5,176,678,1072,2049
33045570794,69.94,0.28,5.88,24.54,42.92,761,3,64,267,467,1088
33045570796,58.62,0,1.53,13.79,23.37,153,0,4,36,61,261
33045570797,69.23,0,4.2,25.87,40.56,99,0,6,37,58,143
33045570800,86.29,0,8.06,34.27,49.19,214,0,20,85,122,248
33045570803,72.31,0,9.15,33.18,53.09,316,0,40,145,232,437
33045570804,75,0,4.29,34.29,47.14,105,0,6,48,66,140
33045570806,65.52,0,9.2,34.48,55.17,57,0,8,30,48,87
33045570807,57.97,0,6.82,28.08,43.73,578,0,68,280,436,997
33045570808,51.66,0,8.53,32.23,48.82,109,0,18,68,103,211
33045570809,69.23,0,6.25,22.12,40.87,144,0,13,46,85,208
33045570810,75.16,0,7.19,27.45,43.14,345,0,33,126,198,459
33045570812,63.9,0,4.28,26.13,38.24,269,0,18,110,161,421
33045570813,71.35,0,6.3,26.47,43.02,884,0,78,328,533,1239
33045570814,79.29,0,12.14,40.61,60.36,490,0,75,251,373,618
33045570815,69.38,0,6.7,28.54,46.44,1833,0,177,754,1227,2642
33045570816,74.89,0,10.17,40.5,55.27,832,0,113,450,614,1111
33045570817,68.89,0,8.86,33.17,52.73,972,0,125,468,744,1411
33045570818,65.35,0,11.02,28.35,44.09,83,0,14,36,56,127
33045570819,74.32,0.82,7.92,30.33,49.45,272,3,29,111,181,366
33045570821,73.56,0,5.78,26.44,50.46,242,0,19,87,166,329
33045570822,61.78,0,5.19,25.6,41.56,333,0,28,138,224,539
33045570825,70.5,0,6.32,28.27,46.65,1661,0,149,666,1099,2356
33045570827,71.23,0,4.79,24.66,41.78,104,0,7,36,61,146
33045570828,56.01,0,7.41,27.59,45.06,680,0,90,335,547,1214
33045570829,66.67,0,5.33,28,0,50,0,4,21,0,75
33045570830,83.33,0,4.9,0,0,85,0,5,0,0,102
33045570831,65.55,0,5.4,26.44,45.44,352,0,29,142,244,537
33045570832,73.17,0,8.54,25.61,37.8,60,0,7,21,31,82
33045570833,66.06,0,4.59,25.69,41.74,144,0,10,56,91,218
33045570834,75.81,0,9.79,39.9,56.31,1100,0,142,579,817,1451
33045570835,63.26,0,6.44,26.14,45.45,167,0,17,69,120,264
33045570838,62.97,0.35,2.24,19.1,36.67,534,3,19,162,311,848
33045570840,67.72,0,10.76,39.24,59.49,107,0,17,62,94,158
33045570845,67.61,0,4.55,18.18,40.91,119,0,8,32,72,176
33045570846,47.76,0,8.87,23.35,59.74,630,0,117,308,788,1319
33045570848,73.61,0,6.02,26.39,46.76,159,0,13,57,101,216
33045570850,68.88,0,7.19,31.29,46.97,852,0,89,387,581,1237
33045570851,75.85,0,7.48,35.04,49.57,355,0,35,164,232,468
33045570852,76.26,0,7.31,29.68,45.21,167,0,16,65,99,219
33045570856,65.71,0,8.61,28.39,49.44,412,0,54,178,310,627
33045570857,63.46,0,1.92,23.72,33.97,99,0,3,37,53,156
33045570858,71.16,0,6.16,29.53,46.42,935,0,81,388,610,1314
33045570859,74.33,0,7.22,26.22,41.84,947,0,92,334,533,1274
33045570860,84.01,0,8.36,37.39,54,683,0,68,304,439,813
33045570864,74.23,0,7.72,32.7,49.72,942,0,98,415,631,1269
33045570867,73.41,0,7.16,30.26,47.54,820,0,80,338,531,1117
33045570868,70.81,0,7.07,30.75,51.79,912,0,91,396,667,1288
33045570871,83.5,0,13.5,41.5,58.5,167,0,27,83,117,200
33045570872,82.89,0,6.84,38.78,57.03,218,0,18,102,150,263
33045570873,71.78,0,12.38,38.61,61.39,145,0,25,78,124,202
33045570874,86.15,0,6.15,24.62,36.92,56,0,4,16,24,65
33045570875,61.03,0,6.62,26.47,41.18,83,0,9,36,56,136
33045570876,67.01,0,3.09,17.53,28.87,65,0,3,17,28,97
33045570881,50,0,9.26,0,0,27,0,5,0,0,54
33045570883,59.57,0,5.67,22.7,37.59,168,0,16,64,106,282
33045570884,74.61,0,7.06,32.45,49.45,338,0,32,147,224,453
33045570885,62.46,0,5.68,26.81,41.64,198,0,18,85,132,317
33045570886,80.41,0,7.43,29.73,46.76,595,0,55,220,346,740
33045570887,62.71,0,6.27,25.52,47.16,730,0,73,297,549,1164
33045570889,80.3,0,8.33,29.55,46.21,106,0,11,39,61,132
33045570891,57.25,0,3.82,22.14,35.88,75,0,5,29,47,131
33045570893,72.68,0,3.9,27.32,48.29,149,0,8,56,99,205
33045570894,66.43,0,9.71,34.98,55.51,657,0,96,346,549,989
33045570896,79.36,0,4.77,26.26,43.7,1115,0,67,369,614,1405
33045570897,77.62,0,9.09,33.8,49.65,333,0,39,145,213,429
33045570899,71.74,0,4.86,29.16,43.22,561,0,38,228,338,782
33045570900,74.43,0,3.98,19.89,36.93,131,0,7,35,65,176
33045570901,62.93,0,6.9,29.31,43.1,73,0,8,34,50,116
33045570902,77.78,0,8.89,29.63,47.41,105,0,12,40,64,135
33045570904,65.54,0,6.21,33.33,53.67,116,0,11,59,95,177
33045570905,78.37,0,8.16,40.41,54.69,192,0,20,99,134,245
33045570910,72.22,0,6.35,0,0,91,0,8,0,0,126
33045570911,73.9,0,9.47,32.27,49.23,671,0,86,293,447,908
33045570912,80.92,0,7.42,34.39,51.96,1506,0,138,640,967,1861
33045570913,78.97,0,7.67,36.44,57.7,1389,0,135,641,1015,1759
33045570914,73.76,0,2.84,24.82,43.26,104,0,4,35,61,141
33045570915,80.95,0,8.53,37.7,56.35,816,0,86,380,568,1008
33045570916,81.21,0,8.27,37.29,55.93,1690,0,172,776,1164,2081
33045570919,78.31,0,3.17,16.93,34.39,148,0,6,32,65,189
33045570920,67.95,0,6.47,27.51,43.06,1660,0,158,672,1052,2443
33045570921,69.13,0,6.6,26.99,45.83,356,0,34,139,236,515
33045570922,84.3,0,4.07,18.6,30.23,145,0,7,32,52,172
33045570923,75.08,0,5.89,25.71,42.13,663,0,52,227,372,883
33045570924,77.19,0,4.94,25.1,39.92,203,0,13,66,105,263
33045570925,70.57,0,6.56,28.91,46.65,1086,0,101,445,718,1539
33045570926,61.54,0,3.85,35.9,0,48,0,3,28,0,78
33045570927,76.21,0,9.58,34.11,48.74,724,0,91,324,463,950
33045570929,77.78,0,6.54,35.29,51.96,238,0,20,108,159,306
33045570930,70.91,0,6.36,27.27,45.91,156,0,14,60,101,220
33045570931,69.67,0,7.3,28.07,45.27,2127,0,223,857,1382,3053
33045570932,66.67,0,7.47,33.33,46.36,348,0,39,174,242,522
33045570933,70.22,0,8.03,30.35,48.83,988,0,113,427,687,1407
33045570934,69.37,0,6.13,24.07,35.89,317,0,28,110,164,457
33045570935,69.44,0,8.04,37,53.89,259,0,30,138,201,373
33045570936,83.62,0.26,7.33,32.84,50,970,3,85,381,580,1160
33045570937,29.62,0,6.41,16.92,27.71,651,0,141,372,609,2198
33045570938,71.68,0,5.02,30.11,48.03,200,0,14,84,134,279
33045570939,74.67,0,6.55,33.7,50.91,616,0,54,278,420,825
33045570940,75.12,0,3.41,23.41,40,154,0,7,48,82,205
33045570941,65.59,0,8.14,30.85,46.27,387,0,48,182,273,590
33045570942,70.83,0,2.78,26.39,40.74,153,0,6,57,88,216
33045570943,71.89,0,5.99,25.81,38.25,156,0,13,56,83,217
33045570944,73.18,0,6.42,37.43,49.72,262,0,23,134,178,358
33045570945,66.67,0,2.56,26.37,42.49,182,0,7,72,116,273
33045570946,76.14,0,5.4,29.83,46.02,268,0,19,105,162,352
33045570947,68.75,0,7.81,34.6,52.23,308,0,35,155,234,448
33045570949,76.71,0,5.68,31.31,43.84,392,0,29,160,224,511
33045570951,62.53,0,4.66,24.02,37.68,604,0,45,232,364,966
33045570952,76.5,0,5.53,29.03,42.86,166,0,12,63,93,217
33045570954,82.35,0,5.88,26.47,38.24,56,0,4,18,26,68
33045570955,66.95,0,6.91,32.18,49.68,310,0,32,149,230,463
33045570956,77.98,0,7.9,33.03,50.65,602,0,61,255,391,772
33045570957,78.48,0,5.06,30.38,46.84,62,0,4,24,37,79
33045570958,71.62,0,7.13,30.51,45.68,1648,0,164,702,1051,2301
33045570960,72.31,0,7.96,35.92,51.97,1081,0,119,537,777,1495
33045570961,80,0,4.14,28.05,43.68,348,0,18,122,190,435
33045570962,84.67,0,11.11,32.95,49.81,221,0,29,86,130,261
33045570963,67.73,0,7.17,25.1,47.01,170,0,18,63,118,251
33045570966,71.79,0,5.13,24.79,44.44,84,0,6,29,52,117
33045570967,84.71,0,8.82,35.29,51.18,144,0,15,60,87,170
33045570971,67.59,0,6.72,29.64,50.59,171,0,17,75,128,253
33045570975,60.87,0,8.01,27.69,43.36,532,0,70,242,379,874
33045570980,75.27,0,6.09,27.51,43.84,1729,0,140,632,1007,2297
33045570981,73.95,0,7.44,31.02,50.37,298,0,30,125,203,403
33045570983,68.22,0,6.98,37.98,50.39,88,0,9,49,65,129
33045570984,74.32,0,6.56,33.88,48.09,136,0,12,62,88,183
33045570985,70.73,0,8.67,35.23,49.32,261,0,32,130,182,369
33045570986,78.88,0,7.06,29.28,48.98,2155,0,193,800,1338,2732
33045570987,82.12,0,7.75,38.9,54.99,551,0,52,261,369,671
33045570988,55,0,6.11,28.33,45.56,99,0,11,51,82,180
33045570989,79.96,0,8.17,37.16,54.67,822,0,84,382,562,1028
33045570990,74.44,0,7.28,34.84,51.34,1002,0,98,469,691,1346
33045570991,82.74,0,8.63,34.71,49.91,441,0,46,185,266,533
33045570992,71.6,0,6.81,32.59,51.83,547,0,52,249,396,764
33045570993,70.86,0,6.8,26.03,42.69,1459,0,140,536,879,2059
33045570994,79.5,0,8.5,32.5,51.25,318,0,34,130,205,400
33045570995,66.86,0,6.15,25.74,41.23,587,0,54,226,362,878
33045570996,69.18,0,6.8,29.09,44.96,1037,0,102,436,674,1499
33045570997,75.11,0,7.09,33.48,50.98,498,0,47,222,338,663
33045570998,72.18,0,4.44,18.55,35.48,358,0,22,92,176,496
33045570999,79.19,0,9.03,37.17,54.06,605,0,69,284,413,764
33045571000,71.35,0,10.11,30.9,44.94,127,0,18,55,80,178
33045571001,53.69,0,8.05,31.54,44.97,80,0,12,47,67,149
33045571003,77.69,0,7.44,35.54,53.72,94,0,9,43,65,121
33045571004,78.85,0,8.52,37.78,52.87,768,0,83,368,515,974
33045571005,77.77,0.24,7.63,32.77,51.3,1284,4,126,541,847,1651
33045571006,75.82,0,6.32,29.7,45.75,1044,0,87,409,630,1377
33045571007,81.79,0,7.86,37.86,52.68,458,0,44,212,295,560
33045571008,72.13,0,8.02,31.79,50.02,1879,0,209,828,1303,2605
33045571009,76.42,0,5.8,30.12,47.78,619,0,47,244,387,810
33045571010,66.08,0,7.31,36.26,52.63,226,0,25,124,180,342
33045571011,71.16,0,5.6,26.6,43.34,1271,0,100,475,774,1786
33045571012,64.64,0,6.58,28.62,49.51,393,0,40,174,301,608
33045571013,73.54,0,7.16,26.32,46.2,503,0,49,180,316,684
33045571014,69.79,0,6.42,31.02,48.13,261,0,24,116,180,374
33045571015,66.67,0,7.96,31.11,48.89,360,0,43,168,264,540
33045571017,66.67,0,7.27,28.48,43.03,220,0,24,94,142,330
33045571018,70.47,0,6.2,30.77,45.66,284,0,25,124,184,403
33045571019,74.17,0,7.71,28.12,47.08,356,0,37,135,226,480
33045571020,70.85,0,7.29,34.11,49.56,243,0,25,117,170,343
33045571021,73.54,0,6.77,30.08,45.83,467,0,43,191,291,635
33045571022,74.64,0,5.7,29.05,46.93,668,0,51,260,420,895
33045571024,77.83,0,9.73,35.07,55.66,344,0,43,155,246,442
33045571026,67.3,0,9.75,35.53,51.89,214,0,31,113,165,318
33045571027,64.71,0,3.53,23.53,38.82,55,0,3,20,33,85
33045571030,76,0,7.56,40.89,54.67,171,0,17,92,123,225
33045571031,66.67,0,11.54,32.05,46.15,52,0,9,25,36,78
33045571032,74.07,0,9.26,29.01,47.53,120,0,15,47,77,162
33045571033,79.27,0,9.41,41.02,58.2,918,0,109,475,674,1158
33045571035,63.29,0,3.16,21.52,44.3,100,0,5,34,70,158
33045571036,84.45,0,14.71,44.12,64.29,201,0,35,105,153,238
33045571037,73.27,0,7.51,31.94,50.58,507,0,52,221,350,692
33045571039,82.12,0,4.47,31.28,48.04,147,0,8,56,86,179
33045571040,75.2,0,7.09,31.86,49.43,2778,0,262,1177,1826,3694
33045571041,69.72,0,5.34,23.66,38.17,274,0,21,93,150,393
33045571042,76.34,0,9.78,35.02,53.31,242,0,31,111,169,317
33045571044,75.57,0,10.8,30.68,47.73,133,0,19,54,84,176
33045571047,88.14,0,8.3,35.77,55.73,446,0,42,181,282,506
33045571048,79.73,0,4.05,23.65,35.81,118,0,6,35,53,148
33045571049,73.81,0,9.14,35.62,53.9,775,0,96,374,566,1050
33045571050,73.29,0,5.48,28.08,41.1,107,0,8,41,60,146
33045571051,75.25,0,4.95,25.99,43.07,304,0,20,105,174,404
33045571052,83.24,0,6.18,32.94,54.41,283,0,21,112,185,340
33045571053,80.05,0,8.7,40.03,54.48,598,0,65,299,407,747
33045571054,68.51,0,6.82,26.4,42.97,794,0,79,306,498,1159
33045571055,79.18,0,8.48,35.19,56.44,738,0,79,328,526,932
33045571056,72.41,0,7.81,36.68,52.63,908,0,98,460,660,1254
33045571057,83.96,0,4.72,33.49,50.47,178,0,10,71,107,212
33045571058,50,0,5.11,21.59,44.32,88,0,9,38,78,176
33045571059,60.68,1.46,6.8,27.18,46.12,125,3,14,56,95,206
33045571060,70.08,0,6.22,30.52,45.18,349,0,31,152,225,498
33045571061,62.02,0,4.81,25.48,43.27,129,0,10,53,90,208
33045571062,79.61,0,7.65,34.71,52.31,656,0,63,286,431,824
33045571063,67.32,0,9.27,30.24,46.83,138,0,19,62,96,205
33045571064,67.61,0,3.72,32.17,44.86,309,0,17,147,205,457
33045571065,66.13,0,3.85,22.15,34.35,412,0,24,138,214,623
33045571066,57.8,0,5.5,29.36,44.95,63,0,6,32,49,109
33045571067,83.82,0,2.89,24.57,36.13,290,0,10,85,125,346
33045571068,80.44,0,8.52,35.33,49.21,255,0,27,112,156,317
33045571069,62.87,0,6.14,24.27,45.03,215,0,21,83,154,342
33045571070,74.53,0,7.88,30.61,47.89,2496,0,264,1025,1604,3349
33045571071,75.7,0,7.55,36.74,53.87,2227,0,222,1081,1585,2942
33045571072,70.87,0,6.84,28.77,46.71,798,0,77,324,526,1126
33045571074,73.44,0,8.2,32.79,55.74,224,0,25,100,170,305
33045571075,79.41,0,5.03,37.53,54.23,347,0,22,164,237,437
33045571077,79.84,0,8.01,38.76,57.88,309,0,31,150,224,387
33045571078,63.12,0,6.04,25.79,42.92,700,0,67,286,476,1109
33045571079,91.71,0,10.14,39.17,55.76,199,0,22,85,121,217
33045571082,74.86,0,5.59,30.17,43.58,134,0,10,54,78,179
33045571083,65.12,0,9.3,40.7,50,56,0,8,35,43,86
33045571084,75.19,0,7.85,34.04,52.51,2443,0,255,1106,1706,3249
33045571085,74.7,0,8.36,34.96,55.37,688,0,77,322,510,921
33045571086,76.56,0,7.39,34.13,51.19,673,0,65,300,450,879
33045571087,68.89,0.17,7.89,29.6,51.54,1187,3,136,510,888,1723
33045571089,66.8,0,2.8,25.6,41.2,167,0,7,64,103,250
33045571090,52.16,0,4.74,17.24,30.17,121,0,11,40,70,232
33045571091,65.46,0.18,7.23,27.19,46.41,1086,3,120,451,770,1659
33045571092,68.25,0,8.01,35.71,51.04,690,0,81,361,516,1011
33045571094,71.79,0,3.85,23.08,37.18,56,0,3,18,29,78
33045571095,69.4,0,12.57,32.79,54.1,127,0,23,60,99,183
33045571096,75.74,0,8.09,34.56,44.85,103,0,11,47,61,136
33045571097,72.11,0,6.7,32.27,48.98,4855,0,451,2173,3298,6733
33045571099,72.58,0,6.02,29.57,45.02,1085,0,90,442,673,1495
33045571100,76.35,0,7.41,32.08,50.25,752,0,73,316,495,985
33045571103,72.37,0,5.26,23.42,40.24,482,0,35,156,268,666
33045571104,78.33,0,8.1,38.81,52.62,329,0,34,163,221,420
33045571105,71.47,0,6.63,24.21,39.48,248,0,23,84,137,347
33045571106,73.2,0,5.41,27.58,44.33,284,0,21,107,172,388
33045571109,83.39,0,5.98,31.81,47.32,1059,0,76,404,601,1270
33045571110,81.47,0,6,35.07,50.27,611,0,45,263,377,750
33045571111,67.77,0,5.87,23.58,38.39,3058,0,265,1064,1732,4512
33045571112,68.95,0,7.04,27.62,43.14,382,0,39,153,239,554
33045571113,78.22,0,8,28.44,46.52,528,0,54,192,314,675
33045571114,66.29,0,6.02,27.69,44.24,529,0,48,221,353,798
33045571118,81.11,0,7.09,35.26,54.61,1224,0,107,532,824,1509
33045571119,77.12,0,10.17,37.29,49.58,182,0,24,88,117,236
33045571120,64.9,0,5.82,22.93,40.04,368,0,33,130,227,567
33045571121,67.59,0.99,7.14,33.66,50.46,1022,15,108,509,763,1512
33045571123,73.91,0,9.11,38.61,57.21,779,0,96,407,603,1054
33045571126,77,0,7,36.5,56.5,154,0,14,73,113,200
33045571127,71.56,0,8.95,33.51,48.73,536,0,67,251,365,749
33045571128,78.78,0,7.94,35.27,52.06,516,0,52,231,341,655
33045571129,68.13,0.55,3.48,25.64,39.93,372,3,19,140,218,546
33045571130,62.07,0,4.83,21.84,38.85,270,0,21,95,169,435
33045571131,70.06,0,6.08,25.38,39.21,461,0,40,167,258,658
33045571132,82.08,0,8.59,31.99,48.81,449,0,47,175,267,547
33045571136,80.18,0,4.5,18.02,31.53,89,0,5,20,35,111
33045571137,80.97,0,13.02,48.35,67.38,566,0,91,338,471,699
33045571139,55.45,0,4.59,22.18,37.48,290,0,24,116,196,523
33045571140,69.54,0,5.9,27.51,44.75,589,0,50,233,379,847
33045571141,76.08,0,3.83,20.1,34.45,159,0,8,42,72,209
33045571142,58.82,0,4.9,27.45,46.08,60,0,5,28,47,102
33045571144,74.26,0,11.03,38.24,47.06,101,0,15,52,64,136
33045571145,72.86,0,8.54,30.65,49.25,145,0,17,61,98,199
33045571146,66.19,0,1.9,30.48,46.19,139,0,4,64,97,210
33045571147,73.13,0,5.29,29.52,47.58,166,0,12,67,108,227
33045571148,79.38,0,5.15,24.74,43.3,77,0,5,24,42,97
33045571149,75.8,0,7.83,31.67,49.82,213,0,22,89,140,281
33045571150,75.99,0,8.81,36.79,52.85,440,0,51,213,306,579
33045571151,77.84,0,5.99,31.14,46.41,260,0,20,104,155,334
33045571152,74.24,0,5.15,34.73,48.47,389,0,27,182,254,524
33045571153,64.1,0,4.27,24.36,40.6,150,0,10,57,95,234
33045571154,86.67,0,2.22,20,33.33,117,0,3,27,45,135
33045571161,64.31,0,5.1,26.27,40.78,164,0,13,67,104,255
33045571162,67.09,0,7.03,27.44,50.59,687,0,72,281,518,1024
33045571167,77.05,0,8.71,38.01,53.07,752,0,85,371,518,976
33045571170,64.32,0,6.37,26.13,41.21,384,0,38,156,246,597
33045571171,72.3,0,5.63,26.06,41.55,308,0,24,111,177,426
33045571172,66.51,0,5.64,25.62,39.72,566,0,48,218,338,851
33045571175,77.83,0,7.95,36.72,55.5,460,0,47,217,328,591
33045571176,80.25,0,9.03,37,56.93,898,0,101,414,637,1119
33045571177,75.68,0,6.95,29.73,50.19,196,0,18,77,130,259
33045571179,58.57,0,5,27.86,45,82,0,7,39,63,140
33045571180,72.61,0,5.85,35.37,52.04,819,0,66,399,587,1128
33045571181,70.93,0,8.1,26.16,40.83,1025,0,117,378,590,1445
33045571182,79.48,0,9.39,37.28,54.19,550,0,65,258,375,692
33045571183,78.74,0,6.59,35.63,52.99,263,0,22,119,177,334
33045571187,66.77,0,4.47,22.68,36.1,209,0,14,71,113,313
33045571188,73.86,0,4.58,31.37,47.06,113,0,7,48,72,153
33045571193,76.89,0,10.5,24.79,38.66,183,0,25,59,92,238
33045571194,74.38,0,4.13,28.93,41.32,90,0,5,35,50,121
33045571195,69.28,0,7.83,36.14,54.82,115,0,13,60,91,166
33045571196,78.37,0,7.69,38.46,54.09,326,0,32,160,225,416
33045571198,75.13,0,7.77,32.64,51.3,145,0,15,63,99,193
33045571199,72.06,0,8.82,35.29,54.41,98,0,12,48,74,136
33045571201,88.1,0,8.04,36.01,50.8,274,0,25,112,158,311
33045571202,85.62,0,12.78,36.42,55.59,268,0,40,114,174,313
33045571203,65.84,0,9.41,32.92,51.73,266,0,38,133,209,404
33045571204,68.88,0,8.51,29.67,47.72,332,0,41,143,230,482
33045571219,76.8,0,8.84,38.12,54.14,139,0,16,69,98,181
33045571220,85.56,0,6.67,0,0,77,0,6,0,0,90
33045571221,51.16,0,4.19,27.44,44.19,110,0,9,59,95,215
33045571230,61.9,0,11.11,30.95,41.27,78,0,14,39,52,126
33045571231,75.41,0,6.56,28.42,41.53,138,0,12,52,76,183
33045571232,77.78,0,6.94,37.5,53.47,112,0,10,54,77,144
33045571233,87.23,0,8.76,38.69,55.47,239,0,24,106,152,274
33045571235,80.18,0,4.95,26.58,45.05,178,0,11,59,100,222
33045571240,83.58,0,11.19,46.27,59.7,112,0,15,62,80,134
33045571245,89.83,0,7.2,29.66,47.03,212,0,17,70,111,236
33045571252,73.91,0,7.45,34.16,56.52,119,0,12,55,91,161
33045571260,68.38,0,5.88,27.94,42.65,93,0,8,38,58,136
33045571262,71.43,0,10.3,43.52,65.78,215,0,31,131,198,301
33045571267,65.12,0,5.43,31.78,48.84,84,0,7,41,63,129
33045571270,52.86,0,6.43,26.43,37.86,74,0,9,37,53,140
33045571276,64.15,0,8.81,33.33,55.35,102,0,14,53,88,159
33045571279,83.45,0,8.97,26.9,48.97,121,0,13,39,71,145
33045571280,70.63,0,6.15,26.19,42.26,356,0,31,132,213,504
33045571283,77.59,0,4.89,28.16,45.69,270,0,17,98,159,348
33045571288,82.35,0,4.58,25.49,43.14,126,0,7,39,66,153
33045571290,84.69,0,10.2,40.31,56.63,166,0,20,79,111,196
33045571296,66.67,0,5.41,20.72,36.04,74,0,6,23,40,111
33045571298,53.74,0,8.16,32.65,37.07,158,0,24,96,109,294
33045571300,67.65,0,5.88,29.41,47.55,138,0,12,60,97,204
33045571301,90.57,0,0,0,0,48,0,0,0,0,53
33045571302,59.29,0,5.96,24,37.18,756,0,76,306,474,1275
33045571305,75.99,0,4.75,30.87,48.02,288,0,18,117,182,379
33045571306,70.99,0,5.9,27.83,46.46,301,0,25,118,197,424
33045571307,84.79,0,10.65,48.29,67.68,223,0,28,127,178,263
33045571308,75.42,0,9.75,26.27,47.88,178,0,23,62,113,236
33045571309,76.55,0,2.07,6.9,13.79,111,0,3,10,20,145
33047550001,56.76,0,7.49,28.5,42.75,235,0,31,118,177,414
33047550002,69.87,0,8.4,29.77,40.7,582,0,70,248,339,833
33047550003,49.17,0,11.67,25,43.33,59,0,14,30,52,120
33047550005,51.45,0,5.78,27.17,41.62,89,0,10,47,72,173
33047550006,40.85,0,5.63,27.7,43.66,87,0,12,59,93,213
33049040002,73.58,0,9.43,33.54,49.79,1209,0,155,551,818,1643
33049040003,83.28,0,4.69,20.16,33.12,533,0,30,129,212,640
33049040004,73.35,0,7.49,28.74,48.2,245,0,25,96,161,334
33049040005,72.06,0,6.35,28.57,45.4,227,0,20,90,143,315
33049040006,72.33,0,7.28,28.16,46.12,149,0,15,58,95,206
33049040007,69.12,0,7.35,26.96,43.63,423,0,45,165,267,612
33049040008,74.68,0,7.14,30.52,48.05,115,0,11,47,74,154
33049040009,91.35,0,12.98,37.5,52.88,190,0,27,78,110,208
33049040010,74.81,0,8.33,31.06,48.86,395,0,44,164,258,528
33049040011,67.72,0,6.69,25.2,37.8,172,0,17,64,96,254
33049040012,71.08,0,6.97,27.18,43.9,204,0,20,78,126,287
33049040013,85.1,0,4.71,25.1,42.35,217,0,12,64,108,255
33049040014,66.67,0,5.44,24.49,38.1,98,0,8,36,56,147
33049040015,65.11,0,7.11,27.46,44.59,403,0,44,170,276,619
33049040016,91.62,0,8.48,30.2,48.59,907,0,84,299,481,990
33049040017,98.48,0,7.58,27.92,44.37,455,0,35,129,205,462
33049040018,82.31,0,11.41,33.9,48.08,1010,0,140,416,590,1227
33049040019,75.12,0,7.6,21.66,44.7,326,0,33,94,194,434
33049040020,78.06,0,11.78,41.2,54.79,2160,0,326,1140,1516,2767
33049040021,71.57,0,6.35,35.45,53.85,214,0,19,106,161,299
33049040022,71.63,0,6.38,31.21,42.55,101,0,9,44,60,141
33049040024,83.22,0,7.27,26.99,36.68,481,0,42,156,212,578
33049040025,79.02,0,6.11,25.79,41.2,3916,0,303,1278,2042,4956
33049040026,77.23,0,8.91,30.69,53.47,78,0,9,31,54,101
33049040027,66.91,0,4.62,18.49,38.2,275,0,19,76,157,411
33049040028,79.06,0.28,6.01,27.61,43,842,3,64,294,458,1065
33049040029,77.15,0,5.99,29.96,44.38,412,0,32,160,237,534
33049040030,79.18,0,6.23,27.04,40.66,407,0,32,139,209,514
33049040032,51.33,0,4.12,19.37,33.17,212,0,17,80,137,413
33049040033,72.29,0,7.29,29.05,45.69,1299,0,131,522,821,1797
33049040034,74.38,0,6.15,27.23,40.85,508,0,42,186,279,683
33049040035,83.69,0,7.8,35.46,44.68,118,0,11,50,63,141
33049040036,65.19,0.63,8.39,33.7,52.06,412,4,53,213,329,632
33049040037,61.17,0,5.64,25.68,41.54,293,0,27,123,199,479
33049040038,58.25,0,5.41,27.45,40.08,452,0,42,213,311,776
33049040039,75.88,0,5.53,26.63,44.72,302,0,22,106,178,398
33049040040,72.54,0,11.27,28.17,47.89,103,0,16,40,68,142
33049040041,45.14,0,5.45,21.79,36.38,232,0,28,112,187,514
33049040042,69.9,0,5.1,27.04,41.07,274,0,20,106,161,392
33049040043,68.56,0,7.43,31.93,47.52,277,0,30,129,192,404
33049040044,64.18,0,4.44,24.09,41.36,405,0,28,152,261,631
33049040045,88.95,0,9.08,30.44,49.67,1087,0,111,372,607,1222
33049040047,80.07,0,5.11,24.87,38.67,470,0,30,146,227,587
33049040048,81.39,0,3.97,28.04,40.69,328,0,16,113,164,403
33049040049,70.7,0,3.94,21.97,37.75,251,0,14,78,134,355
33049040050,81.89,0,6.56,28.08,43.83,312,0,25,107,167,381
33049040051,72.31,0,3.85,21.54,29.23,94,0,5,28,38,130
33049040052,71.4,0,6.98,23.87,40.54,317,0,31,106,180,444
33049040053,76.63,0,4.12,20.62,33.33,223,0,12,60,97,291
33049040054,72.41,0,4.42,18.32,30.24,328,0,20,83,137,453
33049040055,80,0,6.25,29.38,45.62,128,0,10,47,73,160
33049040057,69.98,0.73,6.54,22.28,30.51,289,3,27,92,126,413
33049040059,66.92,0,9.04,29.42,45.58,348,0,47,153,237,520
33049040062,69.71,0,6.09,25.63,41.22,389,0,34,143,230,558
33049040063,77.36,0,6.92,23.27,35.22,123,0,11,37,56,159
33049040065,79.31,0,3.83,24.52,44.06,207,0,10,64,115,261
33049040066,71.69,0,5.03,18.52,28.31,271,0,19,70,107,378
33049040069,78.91,0,4.64,22.72,39.41,969,0,57,279,484,1228
33049040070,66.89,0,4,17.33,27.56,301,0,18,78,124,450
33049040071,71.84,0,5.65,26.28,41.43,801,0,63,293,462,1115
33049040072,78.47,0,4.08,18.86,33.28,1556,0,81,374,660,1983
33049040073,80.23,0,8.14,29.07,55.81,69,0,7,25,48,86
33049040074,63.85,0,2.7,18.24,31.76,189,0,8,54,94,296
33050000001,61.14,0,7.77,22.28,32.12,118,0,15,43,62,193
33051090002,85.13,0,11.79,40.77,59.23,332,0,46,159,231,390
33051090003,79.86,0,6.97,32.8,51.26,2315,0,202,951,1486,2899
33051090004,82.1,0,7,28.99,49.03,422,0,36,149,252,514
33051090005,77.62,0,6.54,27.76,44.91,534,0,45,191,309,688
33051090006,78.5,0,7.71,27.57,44.16,336,0,33,118,189,428
33051090007,83.86,0,6.08,29.66,46.96,800,0,58,283,448,954
33051090008,76.62,0,7.53,29.61,42.6,295,0,29,114,164,385
33051090010,82.95,0,8.14,34.11,53.1,214,0,21,88,137,258
33051090011,78.48,0,5.3,28.15,46.25,711,0,48,255,419,906
33051090012,75.05,0.19,6.35,30.1,46.26,1937,5,164,777,1194,2581
33051090013,81.21,0,6.15,27.4,42.84,726,0,55,245,383,894
33051090017,69.38,0,6.89,28.1,45.42,1622,0,161,657,1062,2338
33051090020,66.76,0,6.19,24.68,40.71,733,0,68,271,447,1098
33051090021,90.82,0,6.29,33.46,50.26,1227,0,85,452,679,1351
33051090022,78.26,0,7.52,32.81,49.49,2383,0,229,999,1507,3045
33051090023,73.45,0,6.27,29.1,44.75,1699,0,145,673,1035,2313
33051090025,71.85,0,5.99,23.82,38.73,564,0,47,187,304,785
33051090026,65.42,0,5.42,23.36,41.12,350,0,29,125,220,535
33051090027,74.69,0,7.57,31.89,47.77,602,0,61,257,385,806
33051090028,71.24,0,6.66,28.67,44.07,1605,0,150,646,993,2253
33051090029,53.23,0,11.11,31,44.27,297,0,62,173,247,558
33051090030,89.92,0,5.04,28.65,43.37,678,0,38,216,327,754
33051090031,69.51,0.3,6.5,26.93,44.92,684,3,64,265,442,984
33051090033,82.88,0,5,27.88,45.19,431,0,26,145,235,520
33051090034,78.92,0,8.74,36.2,52.98,569,0,63,261,382,721
33051090037,82.13,0,7.89,34.34,50.35,354,0,34,148,217,431
33051090038,76.49,0,4.43,18.69,31.6,397,0,23,97,164,519
33051090039,92.55,0,4.61,31.56,51.77,261,0,13,89,146,282
33051090040,65.19,0,6.29,22.82,39.58,560,0,54,196,340,859
33051090041,78.44,0,6.99,29.64,48.35,1874,0,167,708,1155,2389
33051090043,75.75,0,5.14,26.21,38.34,737,0,50,255,373,973
33051090044,69.22,0,6.12,25.91,40.82,724,0,64,271,427,1046
33051090049,69.62,0,6.51,27.12,47.56,385,0,36,150,263,553
33051090053,76.72,0,6.2,32.46,49.24,1262,0,102,534,810,1645
33051090054,80.17,0,6.15,30.45,51.96,287,0,22,109,186,358
33052080001,50.58,0,5.81,27.13,42.44,261,0,30,140,219,516
33052080003,67.55,0.84,7.38,33.7,50.42,485,6,53,242,362,718
33052080004,67.88,0,7.58,31.06,46.52,448,0,50,205,307,660
33052080008,71.27,0,7.73,28.73,44.2,129,0,14,52,80,181
33052080009,57.39,0.35,7.33,27.9,40.54,971,6,124,472,686,1692
33052080010,67.59,0,7.01,33.14,46.72,463,0,48,227,320,685
33052080011,61.54,0,10.77,0,0,40,0,7,0,0,65
33052080012,68.11,0,7.65,23.38,37.66,472,0,53,162,261,693
33052080013,69.06,0,8.68,38.11,50.19,183,0,23,101,133,265
33055050001,63.09,0,6.06,27.55,44.9,229,0,22,100,163,363
33055050002,83.24,0,8.45,33.79,47.96,611,0,62,248,352,734
33055050004,69.92,0,5.69,23.58,39.02,86,0,7,29,48,123
33055050005,73.39,0,4.59,34.86,0,80,0,5,38,0,109
33055050006,81.05,0,11.58,35.79,50.53,77,0,11,34,48,95
33055050008,73.82,0,7.72,29.38,40.87,392,0,41,156,217,531
33055540005,73.18,0,8.73,33.26,49.48,352,0,42,160,238,481
33055540006,71.43,0,10.58,37.04,53.44,135,0,20,70,101,189
33055540007,61.93,0,5.72,23.94,39.3,758,0,70,293,481,1224
33056040001,82.94,0,7.52,30.83,48.99,452,0,41,168,267,545
33056040002,63.78,0,9.84,29.92,50,162,0,25,76,127,254
33057520001,78.28,0,8.61,31.09,48.31,209,0,23,83,129,267
33057520002,82.18,0,8.91,37.13,51.98,166,0,18,75,105,202
33058020001,56.84,0,5.74,27.2,42.23,673,0,68,322,500,1184
33058020002,52.81,0,5.26,25.32,39.99,1656,0,165,794,1254,3136
33058020003,63.69,0.64,5.48,26.88,47.01,500,5,43,211,369,785
33058020004,47.5,0,5.72,27.58,41.27,465,0,56,270,404,979
33058020005,63.99,0,7.45,29.3,46.35,1640,0,191,751,1188,2563
33058020006,57.13,0,7.74,29.5,48.84,1350,0,183,697,1154,2363
33058020007,67.78,0,6.69,30.09,45.97,892,0,88,396,605,1316
33058020008,56.77,0,6.54,29.07,44.66,3447,0,397,1765,2712,6072
33058020009,51.51,0,8.13,29.22,44.58,342,0,54,194,296,664
33058020010,54.77,0,6.97,28.51,41.98,1195,0,152,622,916,2182
33058020011,56.4,0.87,6.98,26.16,46.51,194,3,24,90,160,344
33058020012,55.75,0,7.38,27.87,45.02,1232,0,163,616,995,2210
33058020014,50.21,0.1,6.86,27.39,40.45,1441,3,197,786,1161,2870
33058020015,50.21,0.58,6.59,30.11,45.79,602,7,79,361,549,1199
33058020016,46.35,0,5.7,22.46,37.61,260,0,32,126,211,561
33058020017,69.01,0,5.16,30.05,48.83,147,0,11,64,104,213
33058020019,65.88,0,5.76,30.16,47.06,1680,0,147,769,1200,2550
33058020020,50.16,0,5.21,27.74,39.94,481,0,50,266,383,959
33058020021,57.29,0,6.39,28.39,46.29,224,0,25,111,181,391
33058020024,51.94,0,7.57,30.17,46.83,1434,0,209,833,1293,2761
33058020025,44.86,0,5.79,24.07,38.5,1178,0,152,632,1011,2626
33058020026,55.95,0,6.76,28.11,42.16,207,0,25,104,156,370
33058020027,59.08,0,6.61,32.29,50.09,322,0,36,176,273,545
33058020028,62.69,0,10.45,35.82,55.22,42,0,7,24,37,67
33058020029,54.73,0,6.98,29.92,49.61,353,0,45,193,320,645
33058020030,49.76,0.29,4.86,22.64,38.29,512,3,50,233,394,1029
33058020031,60.84,0,7.69,30.77,50.35,87,0,11,44,72,143
33058020032,55.26,0,7.29,26.92,44.33,273,0,36,133,219,494
33058020033,54.43,0,8.44,32.07,47.89,258,0,40,152,227,474
33058020034,57.14,0,6.17,26.95,39.29,176,0,19,83,121,308
33058020035,42.89,0.16,6.95,28.34,43.32,796,3,129,526,804,1856
33058020037,48.7,0,4.35,22.61,39.13,56,0,5,26,45,115
33058020038,80.92,0,6.87,33.59,50.38,106,0,9,44,66,131
33058020039,44.6,0,3.02,23.17,37.7,310,0,21,161,262,695
33058020040,57.01,0,11.86,36.05,52.81,476,0,99,301,441,835
33058020041,63.52,0,4.1,20.49,36.07,155,0,10,50,88,244
33058020042,59.48,0,8.83,37.4,54.29,229,0,34,144,209,385
33058020043,55.07,0,4.6,25.17,41.41,407,0,34,186,306,739
33058020044,41.35,0,6.41,25.32,44.23,129,0,20,79,138,312
33058020046,51.24,0,6.52,25.47,42.39,330,0,42,164,273,644
33058020048,58.48,0,7.73,29.85,48.85,431,0,57,220,360,737
33058020049,68.34,0,5.68,28.25,45.13,421,0,35,174,278,616
33058020050,46.09,0,7.39,25.22,45.87,212,0,34,116,211,460
33058020051,34.75,0,5.67,22.7,39.01,49,0,8,32,55,141
33058020052,49.44,0,5.62,0,0,44,0,5,0,0,89
33058020053,53.52,0,7.7,29.35,45.02,403,0,58,221,339,753
33058020054,40.71,0,7.08,27.43,43.36,46,0,8,31,49,113
33058020055,45.23,0,5.39,23.65,39.42,109,0,13,57,95,241
33058020056,56.25,0,7.81,32.81,51.17,144,0,20,84,131,256
33061070003,73.83,0,8.11,30.59,48.53,601,0,66,249,395,814
33061070004,72.27,0,6.42,28.07,42.61,1452,0,129,564,856,2009
33061070005,60.22,0,7.18,28.18,44.75,109,0,13,51,81,181
33061070006,77.39,0,9.55,33.67,49.75,154,0,19,67,99,199
33061070008,57.14,0,5.19,23.38,36.36,88,0,8,36,56,154
33061070009,82.2,0,5.5,31.94,44.5,314,0,21,122,170,382
33061070010,57.85,0,8.81,24.9,40.23,151,0,23,65,105,261
33061070011,76.16,0,5.96,31.13,47.68,115,0,9,47,72,151
33062060002,67.13,0,6.94,28.24,43.98,145,0,15,61,95,216
33063050002,67.36,0,6.72,26.47,41.93,1364,0,136,536,849,2025
33063050003,72.56,0,8.02,31.03,45.76,1113,0,123,476,702,1534
33063050004,70.52,0,5.4,28.5,44,928,0,71,375,579,1316
33063050007,65.93,0,6.65,27.73,44.27,1260,0,127,530,846,1911
33063050008,63.27,0,5.52,28.87,43.95,298,0,26,136,207,471
33063050009,72.02,0,5.81,27.69,41.72,744,0,60,286,431,1033
33063050012,59.35,0,5.48,29.68,42.58,184,0,17,92,132,310
33063050013,63.33,0.13,7.07,32.56,47.5,1416,3,158,728,1062,2236
33063050014,70.76,0,4.33,24.55,40.43,196,0,12,68,112,277
33063050015,65.01,0,3.55,25.04,39.96,366,0,20,141,225,563
33063050016,64.65,0,5.58,24.65,35.81,139,0,12,53,77,215
33063050017,70.19,0,10.31,34.54,51.25,252,0,37,124,184,359
33063050018,66.52,0,6.19,25.81,40.56,451,0,42,175,275,678
33063050019,66.78,0,5.65,24.25,41.86,201,0,17,73,126,301
33063050020,62.14,0,4.52,23.33,38.33,261,0,19,98,161,420
33063050021,69.55,0,4.89,25.94,22.56,185,0,13,69,60,266
33063050022,67.65,0,4.69,22.96,42.22,274,0,19,93,171,405
33063050024,70.48,0,4.82,20.48,37.35,117,0,8,34,62,166
33063050027,54.4,0,6.59,30.22,50.55,99,0,12,55,92,182
33063050034,64.61,0,8.43,27.53,46.07,115,0,15,49,82,178
33063050035,72.25,0,6.28,29.32,47.64,138,0,12,56,91,191
33063050037,59.6,0,5.05,23.23,39.39,59,0,5,23,39,99
33063050038,63.57,0,5,30.71,45.71,89,0,7,43,64,140
33063050042,65.62,0,7.51,30.75,48.18,271,0,31,127,199,413
33063050046,52.09,0,4.65,26.05,38.14,112,0,10,56,82,215
33063050047,77.14,0,6.98,32.38,46.03,243,0,22,102,145,315
33063050048,54.69,0,2.04,22.45,37.14,134,0,5,55,91,245
33063050049,55.21,0,7.98,24.54,36.2,90,0,13,40,59,163
33063050051,77.88,0,8.85,37.17,47.79,88,0,10,42,54,113
33063050052,63.55,0,6.94,27.69,43.86,2162,0,236,942,1492,3402
33063050053,73.33,0,4.76,31.43,48.57,77,0,5,33,51,105
33063050054,68.68,0,10.32,33.81,51.96,193,0,29,95,146,281
33063050056,64.71,0,2.21,23.53,37.5,88,0,3,32,51,136
33063050057,65.96,0,5.32,30.85,46.81,124,0,10,58,88,188
33063050058,64.38,0,8.01,29.9,42.81,394,0,49,183,262,612
33063050060,58.37,0,5.74,22.97,40.67,122,0,12,48,85,209
33063050064,66.08,0,5.31,26.84,43.07,224,0,18,91,146,339
33063050065,56.49,0,4.42,24.31,38.67,409,0,32,176,280,724
33063050066,65.85,0.13,6.93,29.09,44.67,1483,3,156,655,1006,2252
33063050069,68.24,0,4.51,25.97,42.06,318,0,21,121,196,466
33063050072,59.04,0,4.1,26.96,38.91,173,0,12,79,114,293
33063050073,67.34,0,6.64,29.34,45.48,730,0,72,318,493,1084
33063050076,72.69,0,6.83,27.48,43.88,873,0,82,330,527,1201
33063050078,46.86,0,6.86,23.43,32.57,82,0,12,41,57,175
33063050079,44.1,0,3.11,18.63,34.16,71,0,5,30,55,161
33063050080,64.09,0,5.25,25.69,41.44,232,0,19,93,150,362
33063050081,64.45,0,4.93,25.27,41.54,301,0,23,118,194,467
33063050084,78.02,0,5.49,24.18,43.96,71,0,5,22,40,91
33063050087,63.67,0,6.52,28.13,45.64,1211,0,124,535,868,1902
33063050090,54.55,0,7.79,40.26,54.55,42,0,6,31,42,77
33063050091,54.86,0,6.25,28.12,44.44,158,0,18,81,128,288
33063050092,54,0,7.33,24.67,36,81,0,11,37,54,150
33063050094,66.72,0,6.37,25.98,40.75,786,0,75,306,480,1178
33063050095,63.04,0,6.88,28.08,46.7,220,0,24,98,163,349
33063050096,65.59,0,3.53,25,39.41,223,0,12,85,134,340
33063050097,78.79,0,9.09,36.8,58.01,182,0,21,85,134,231
33063050098,68.7,0,8.54,31.71,41.87,169,0,21,78,103,246
33063050183,55.03,0,5.82,24.87,42.33,104,0,11,47,80,189
33063050184,76.78,0,5.54,26.65,43.27,291,0,21,101,164,379
35016080007,69.85,0,11.43,42,62.79,336,0,55,202,302,481
35019050001,63.79,0,10.58,38.44,59.33,229,0,38,138,213,359
35039010001,63.26,0,6.98,36.74,56.28,136,0,15,79,121,215
35039010002,65.17,0,8.54,40.22,57.75,290,0,38,179,257,445
35039010006,66.29,0,10.17,41.62,57.25,352,0,54,221,304,531
35039010007,69.49,0,6.78,35.03,51.41,123,0,12,62,91,177
35041070001,65.21,0.44,10.48,37.7,54.59,448,3,72,259,375,687
35041070002,59.6,0,9.22,36.69,51.94,692,0,107,426,603,1161
35041070003,64.32,0,6.53,28.64,48.24,128,0,13,57,96,199
35041070004,68.31,0,7.75,33.1,52.82,97,0,11,47,75,142
35041070005,46.27,0,7.25,30.59,44.51,236,0,37,156,227,510
35041070008,51.38,0.49,8.1,31.6,48.46,317,3,50,195,299,617
35041070009,48.89,0,8.89,25.56,60,44,0,8,23,54,90
35041070010,43.79,0,10.65,37.87,50.3,74,0,18,64,85,169
35041070012,45.4,0,9.2,32.95,51.53,237,0,48,172,269,522
35041070013,49.86,0,5.92,16.34,29.86,177,0,21,58,106,355
35041070015,40.23,0,8.51,32.35,49.47,383,0,81,308,471,952
35045030001,62.94,0,14.71,50.59,65.29,107,0,25,86,111,170
35049090001,64.24,0,8.52,34.1,51.77,309,0,41,164,249,481
35049090002,59.62,0,7.05,31.71,46.61,220,0,26,117,172,369
35057080005,59.43,0,8.08,31.29,46.11,397,0,54,209,308,668
35057080029,63.95,0,8.02,33.01,53.41,1116,0,140,576,932,1745
35057080032,60.32,0,0,0,0,76,0,0,0,0,126
35057080033,68.99,0,6.73,29.81,44.95,287,0,28,124,187,416
35057080034,14.29,0,0,0,0,21,0,0,0,0,147
35057080035,69.69,0,7.5,36.41,46.41,446,0,48,233,297,640
35057080037,68.7,0,7.92,33.98,51.77,564,0,65,279,425,821
35057080038,59.57,0,7.76,29.04,45.71,361,0,47,176,277,606
35057080041,63.61,0,7.39,29.45,47.03,568,0,66,263,420,893
35057080042,74.46,0,8.02,37.52,48.61,752,0,81,379,491,1010
35057080043,62.2,0,6.71,33.54,49.39,102,0,11,55,81,164
35057080045,62.11,0,6.47,25.9,45.56,259,0,27,108,190,417
35057080046,72.64,0,5.66,28.46,46.23,462,0,36,181,294,636
35057080050,55.84,0,6.54,29.44,46.26,239,0,28,126,198,428
35060030001,54.92,0,12.38,42.86,57.46,173,0,39,135,181,315
35060030002,53.39,0,6.78,24.58,40.68,63,0,8,29,48,118
35060030008,63.88,0,10.93,37.92,58.69,1526,0,261,906,1402,2389
35060030010,68.72,0,16.01,43.84,64.78,279,0,65,178,263,406
35060030013,65.24,0,7.49,36.9,59.89,122,0,14,69,112,187
35060030014,69.78,0,7.91,35.97,48.92,97,0,11,50,68,139
35060030017,59.27,0,9.62,33.22,53.32,339,0,55,190,305,572
35060030018,69.91,0,15.49,46.9,64.16,158,0,35,106,145,226
35060030019,71.56,0,10.9,35.55,58.29,151,0,23,75,123,211
35060030020,63.44,0,7.53,31.18,49.46,59,0,7,29,46,93
35060030021,59.12,0,8.03,37.96,57.66,162,0,22,104,158,274
35060030022,57.2,0,9.53,34.75,49.15,270,0,45,164,232,472
35060030023,63.73,0,13.24,49.02,63.24,130,0,27,100,129,204
35060030024,60.72,0,9.56,39.02,51.94,235,0,37,151,201,387
35060030025,70.35,1.26,4.42,32.49,43.53,223,4,14,103,138,317
35063590003,77.91,0,7.76,39.4,54.33,261,0,26,132,182,335
35063590006,71.11,0.4,7.14,30.75,48.57,1066,6,107,461,728,1499
35063590011,67.73,1.41,9.55,34.72,52.54,1106,23,156,567,858,1633
35063590012,72.11,0,5.18,31.87,47.01,181,0,13,80,118,251
35063590015,68.29,0,8.27,30.42,53.03,900,0,109,401,699,1318
35063590016,65.41,0,5.77,29.01,45.59,363,0,32,161,253,555
35063590018,70.93,0,8.18,32.52,48.1,988,0,114,453,670,1393
35063590019,76.69,0,9.52,32.08,48.87,306,0,38,128,195,399
35063590020,70.21,0,4.26,29.79,43.62,66,0,4,28,41,94
35063590021,48.25,3.07,6.14,28.51,43.42,110,7,14,65,99,228
35063590022,64.81,0.36,8.59,32.77,49.7,536,3,71,271,411,827
35063590023,88.18,0,5.45,38.18,49.09,97,0,6,42,54,110
35063590025,72.73,0,9.85,33.33,61.36,192,0,26,88,162,264
35063590026,66.58,1.1,8.22,37.81,52.6,243,4,30,138,192,365
35063590028,72.73,0,7.27,40.91,59.09,80,0,8,45,65,110
35063590029,77.84,0,11.08,38.92,56.22,288,0,41,144,208,370
35063590030,73.04,0.21,7.99,34.38,54.71,1024,3,112,482,767,1402
35063590032,69.28,0,9.39,38.36,56.36,354,0,48,196,288,511
35063590033,57.91,0,6.27,20.3,43.88,194,0,21,68,147,335
35063590034,78.64,0,6.82,35.91,56.82,173,0,15,79,125,220
35063590035,62.86,0.21,8.66,34.21,51.73,1801,6,248,980,1482,2865
35063590036,75.42,1.33,14.34,39.76,59.16,626,11,119,330,491,830
35063590037,76.52,0,7.58,32.58,55.3,101,0,10,43,73,132
35063590038,67.25,0,9.86,34.2,51.88,232,0,34,118,179,345
35066070001,63.93,0,8.49,37.93,57.29,482,0,64,286,432,754
35066070002,54.62,0,9.08,30.59,50.25,325,0,54,182,299,595
35066070005,53.81,0,8.83,35.31,53.45,445,0,73,292,442,827
35066070006,53.57,0,8.93,45.98,62.5,120,0,20,103,140,224
35075060001,59.48,0,6.08,31.86,48.99,323,0,33,173,266,543
35075060002,71.19,0,10.17,37.29,50.85,42,0,6,22,30,59
35076050001,57.4,0,4.04,25.56,40.36,128,0,9,57,90,223
35084050003,44.44,0,5.25,27.78,47.53,144,0,17,90,154,324
35084050005,70,0,8.12,37.81,53.44,224,0,26,121,171,320
35084050006,63.19,0,6.59,34.07,52.75,115,0,12,62,96,182
35084050008,61.29,0,8.87,33.87,45.97,76,0,11,42,57,124
35085040002,67.93,0,9.91,38.19,57.43,233,0,34,131,197,343
35090070002,66.24,0,8.72,37.64,56.54,410,0,54,233,350,619
35090070003,61.21,0,9.82,35.77,52.14,243,0,39,142,207,397
35090070005,64.2,0,9.24,32.44,55.29,382,0,55,193,329,595
35090070006,62.5,1.84,8.09,30.15,51.47,170,5,22,82,140,272
35090070007,62.89,0,8.25,30.41,46.91,488,0,64,236,364,776
35090070008,72.29,0.51,11.45,40.23,61.69,2108,15,334,1173,1799,2916
35090070010,66.73,0,9.9,34.65,52.08,337,0,50,175,263,505
35090070011,65.96,0,8.94,37.45,51.91,155,0,21,88,122,235
35090070012,55.34,0,4.96,27.48,41.98,145,0,13,72,110,262
35090070014,65.93,0,9.52,35.9,54.58,180,0,26,98,149,273
35092050001,63.5,0,8.65,31.88,51.41,741,0,101,372,600,1167
35092050002,67.11,0,10.89,36.28,52.93,653,0,106,353,515,973
35092050004,64.14,0,6.77,31.47,50.6,161,0,17,79,127,251
35092050006,66.27,0,8.84,34.17,51.47,900,0,120,464,699,1358
35092050007,63.91,0,8.97,31.72,48.28,278,0,39,138,210,435
35092050008,54.56,0,6.64,30.29,46.37,526,0,64,292,447,964
35092050009,65.74,0,10.19,40.28,53.7,142,0,22,87,116,216
35092050011,63.29,0,8.86,30.38,46.84,50,0,7,24,37,79
35092050012,54.67,0,7.56,35.11,51.11,123,0,17,79,115,225
35092050013,68,0,6.5,29.5,55.5,136,0,13,59,111,200
35092050014,35.67,0,7.98,32.76,48.83,626,0,140,575,857,1755
35092050015,57.88,0,6.75,31.83,50.48,180,0,21,99,157,311
35092050016,65.03,0,7.23,35.12,52.17,450,0,50,243,361,692
35092050017,60.84,0,9.64,33.73,54.22,101,0,16,56,90,166
35092050025,71.55,0,7.76,37.07,56.03,83,0,9,43,65,116
35092050026,66.27,0,7.63,36.95,55.02,165,0,19,92,137,249
35092050028,64.78,1.37,8.51,34.88,51.2,754,16,99,406,596,1164
35092050029,61.68,0,3.74,36.45,60.75,66,0,4,39,65,107
35092050032,69.57,0,14.35,43.04,58.26,160,0,33,99,134,230
35092050033,74.75,0,10.89,36.14,53.96,151,0,22,73,109,202
35092050034,48.82,0,6.16,30.81,47.87,103,0,13,65,101,211
35095020001,60.11,0,6.72,28.37,49.48,1091,0,122,515,898,1815
35095020004,59.64,0,6.92,31.75,48.27,603,0,70,321,488,1011
35095020005,60.58,0,4.98,27.8,42.74,146,0,12,67,103,241
35095020006,67.86,0,8.47,35.1,57.96,665,0,83,344,568,980
35095020009,56.43,0,5.62,26.1,46.18,281,0,28,130,230,498
35095020010,78.35,0,8.76,33.68,53.09,456,0,51,196,309,582
35095020011,61.38,0,9.8,27.95,43.8,213,0,34,97,152,347
35095020013,79.41,0,9.41,37.06,57.65,135,0,16,63,98,170
35095020019,61.06,0,10.32,33.04,53.1,207,0,35,112,180,339
35095020022,60.72,0.68,5.14,26.09,42.87,626,7,53,269,442,1031
35095020023,61.64,0,5.74,30.16,46.72,376,0,35,184,285,610
35095020025,62.98,0,6.11,27.78,43.42,866,0,84,382,597,1375
35095020028,62.59,0.35,7.64,31.4,49.29,885,5,108,444,697,1414
35095020029,70.9,0,8.2,31.28,48.22,519,0,60,229,353,732
35095020033,61.07,0,5.82,24.23,40.55,378,0,36,150,251,619
35095020035,61.04,0.46,5.98,28.68,43.71,398,3,39,187,285,652
35095020037,58.68,0,6.31,28.39,40.69,186,0,20,90,129,317
35095020038,65.34,0,6.35,28.57,44.71,247,0,24,108,169,378
35095020041,56.9,0,4.83,26.21,48.62,165,0,14,76,141,290
35095020043,60.11,0,6.6,27.02,45.53,565,0,62,254,428,940
35095020044,66.17,0,12.53,34.84,55.14,264,0,50,139,220,399
35095020045,60.96,0,3.93,28.37,43.54,217,0,14,101,155,356
35095020046,64.88,0,7.02,24.41,38.46,194,0,21,73,115,299
35095020047,60.31,0.76,8.4,31.55,49.87,237,3,33,124,196,393
35095020048,64.48,0,8.42,32.06,50.06,559,0,73,278,434,867
35095020050,62.93,0,4.45,29.09,41.83,820,0,58,379,545,1303
35095020051,64.77,0,8.54,32.03,51.6,182,0,24,90,145,281
35095020052,60.89,0,5.77,24.58,41.15,327,0,31,132,221,537
35095020053,61,0.8,6.5,28.39,47.21,535,7,57,249,414,877
35095020054,68.35,0.57,9.42,34.6,54.83,1669,14,230,845,1339,2442
35095020055,61.53,0,7.09,28.85,48.71,1171,0,135,549,927,1903
35095020056,59.83,0,7.15,31.84,50.89,1272,0,152,677,1082,2126
35095020057,60.38,0,3.02,23.02,37.74,160,0,8,61,100,265
35095020058,54.41,0,10.29,26.84,45.96,148,0,28,73,125,272
35095020062,66.93,0,5.94,26.61,43.41,518,0,46,206,336,774
35095020063,63.86,0,7.18,28.49,45.4,1477,0,166,659,1050,2313
35095020064,63.57,0,8.91,25.58,41.47,164,0,23,66,107,258
35095020065,63.11,0,9.33,26.67,44.44,142,0,21,60,100,225
35095020068,61.04,0.9,4.49,23.7,40.39,340,5,25,132,225,557
35095020072,68.62,0,7.64,32.1,52.63,575,0,64,269,441,838
35095020073,41.07,0,2.38,21.43,41.67,69,0,4,36,70,168
35095020074,65.33,0,9.39,37.93,54.79,341,0,49,198,286,522
35095020076,68.33,0,8.17,33,51.17,410,0,49,198,307,600
35095020077,54.77,0,7.34,32.16,53.3,373,0,50,219,363,681
35095020078,58.33,0,4.92,20.45,37.88,154,0,13,54,100,264
35095020079,51.41,0,3.95,18.64,36.16,91,0,7,33,64,177
35095020084,73.61,0,4.17,24.21,39.88,371,0,21,122,201,504
35095020087,57.1,0,5.03,27.02,44.28,579,0,51,274,449,1014
35095020088,48.66,1.6,6.42,29.95,47.59,91,3,12,56,89,187
35095020090,68.51,0.47,5.52,29.26,48.06,583,4,47,249,409,851
35095020095,60.72,0,6.32,23.93,41.99,269,0,28,106,186,443
35095020096,63.8,0.59,8.22,27.59,42.47,326,3,42,141,217,511
35095020097,64.2,0,7.25,30.21,48.04,425,0,48,200,318,662
35095020098,62.72,0,8.01,31.13,47.39,540,0,69,268,408,861
35095020101,57.29,0,6.77,26.04,47.4,110,0,13,50,91,192
35095020102,66.39,0,6.16,30.39,49.02,474,0,44,217,350,714
35095020103,64.83,0,7.22,30.06,49.21,1320,0,147,612,1002,2036
35095020104,72.13,0,8.33,30.32,47.99,502,0,58,211,334,696
35095020105,63.33,0,6,28.67,48.67,95,0,9,43,73,150
35095020106,68.13,0.13,7.29,30.61,51.11,6498,12,695,2919,4874,9537
35095020107,67.12,0,7.76,25.34,47.95,294,0,34,111,210,438
35095020108,52.84,0,8.52,26.14,44.89,93,0,15,46,79,176
35095020109,61.38,0,6.79,30.94,49.7,615,0,68,310,498,1002
35095020111,69.83,0,7.85,35.12,54.55,507,0,57,255,396,726
35095020112,64.48,0,6.55,30.87,49.68,305,0,31,146,235,473
35095020114,62.37,0,9.15,31.53,50.17,184,0,27,93,148,295
35095020118,65.14,0,6.42,29.05,45.26,213,0,21,95,148,327
35095020119,68.31,0,7.58,32.63,50.78,2487,0,276,1188,1849,3641
35095020122,65.3,0,9.35,35.72,55.06,510,0,73,279,430,781
35095020124,71.16,0.05,8.92,34.75,54.39,8963,6,1123,4377,6850,12595
35095020125,67.7,0.22,8.44,31.92,51.91,1243,4,155,586,953,1836
35095020126,68.46,0,10.35,35.16,54.39,701,0,106,360,557,1024
35095020128,64,0,7.62,30.15,49.53,3689,0,439,1738,2855,5764
35095020129,62.21,0,9.04,34.94,54.97,1307,0,190,734,1155,2101
35095020130,61.03,0,6.92,31.28,50.77,476,0,54,244,396,780
35095020131,64.29,0,6.95,29.26,45.99,657,0,71,299,470,1022
35095020133,66.58,0,9.04,36.7,55.83,508,0,69,280,426,763
35095020134,66.47,0,5.88,31.34,50.59,791,0,70,373,602,1190
35095020135,75.84,0,10.03,34.95,58.05,499,0,66,230,382,658
35095020136,64.39,0,4.92,25,41.29,170,0,13,66,109,264
35095020137,66.89,0,10.67,31.78,53.78,301,0,48,143,242,450
35095020140,61.27,0.49,7.85,32.77,50.96,2887,23,370,1544,2401,4712
35095020141,59.17,0,8.28,37.87,53.85,100,0,14,64,91,169
35095020142,69.82,0,7.71,35.46,54.63,317,0,35,161,248,454
35095020143,66.39,0,2.52,28.57,42.02,79,0,3,34,50,119
35095020144,67.14,0,5.65,29.33,45.58,190,0,16,83,129,283
35095020145,67.2,0,3.23,30.65,48.92,125,0,6,57,91,186
35095020148,68.45,0,5.35,24.06,45.45,256,0,20,90,170,374
35095020149,76.42,0,8.49,34.91,51.89,162,0,18,74,110,212
35095020150,65.55,2.39,7.66,39.23,60.77,137,5,16,82,127,209
35095020151,65.21,0,5.68,29.69,48.03,448,0,39,204,330,687
35095020152,71.02,0,6.01,32.51,53.71,201,0,17,92,152,283
35095020154,62.88,0,7.36,31.44,49.83,188,0,22,94,149,299
35095020155,71.84,0,9.18,38.37,54.69,352,0,45,188,268,490
35095020156,61.58,0,7.89,29.82,48.33,702,0,90,340,551,1140
35095020157,62.91,0,8.52,37.09,55.14,251,0,34,148,220,399
35095020158,59,0.47,8.45,30.67,49.14,377,3,54,196,314,639
35095020159,71.37,0,10.43,34.46,52.97,698,0,102,337,518,978
35095020160,77.14,0,11.08,37.45,55.6,1232,0,177,598,888,1597
35095020166,80.4,0,9.38,37.78,56.82,283,0,33,133,200,352
35095020167,67.01,0,12.93,40.82,65.31,197,0,38,120,192,294
35095020168,49.23,0,6.73,36.73,52.88,256,0,35,191,275,520
35095020169,67.58,0.16,10.75,38.63,56.02,1263,3,201,722,1047,1869
35095020170,71.42,0.18,8.97,35.17,54.23,6797,17,854,3347,5161,9517
35095020171,63.87,0.21,8.05,32.77,51.05,912,3,115,468,729,1428
35095020172,68.02,0,9.39,36.91,55.62,1738,0,240,943,1421,2555
35095020173,64.63,0,7.48,29.93,31.63,190,0,22,88,93,294
35095020174,70.58,0,9.05,36.21,58.23,343,0,44,176,283,486
35095020176,66.26,0.16,8.83,34.64,52.93,1253,3,167,655,1001,1891
35095020177,72.89,0,8,32.44,52,164,0,18,73,117,225
35095020178,68.13,0.13,8.49,35.58,52.48,2585,5,322,1350,1991,3794
35095020179,71.71,0,10.75,38.07,56.74,2347,0,352,1246,1857,3273
35095020180,64.08,0,6.65,26.61,43.9,289,0,30,120,198,451
35095020181,61.76,0,8.82,31.37,53.59,189,0,27,96,164,306
35095020183,68.03,0,8.32,29.46,49.14,515,0,63,223,372,757
35095020185,66.88,0,6.05,30.89,52.55,210,0,19,97,165,314
35095020186,48.59,0,8.78,34.38,54.02,465,0,84,329,517,957
35095020187,73.56,0.07,10.12,37.88,57.21,7035,7,968,3622,5471,9563
35096010001,70.09,0,11.33,38.87,58.1,532,0,86,295,441,759
35096010003,65.22,0,8.86,36.86,53.01,1288,0,175,728,1047,1975
35096010004,58.89,0,6.72,34.78,51.38,149,0,17,88,130,253
35096010005,55.45,0,7.27,46.36,59.09,61,0,8,51,65,110
35096010007,49.57,0,7.76,37.5,50,115,0,18,87,116,232
35097000002,34.51,0,7.37,31.46,48.86,1073,0,229,978,1519,3109
35097000003,30.41,0,3.38,20.95,38.51,45,0,5,31,57,148
35097000005,29.41,0,9.56,33.82,52.21,40,0,13,46,71,136
35097000008,37.62,0,7.43,34.65,51.98,76,0,15,70,105,202
35097000010,30.09,0,6.32,30.77,48.38,176,0,37,180,283,585
35097000011,36.05,0,6.65,27.31,45.99,602,0,111,456,768,1670
35097000014,23.35,0,6.61,27.48,42.15,113,0,32,133,204,484
35097000017,27,0,7.17,33.33,49.37,64,0,17,79,117,237
35097000021,28.64,0,5.03,24.62,41.21,57,0,10,49,82,199
35097000023,30.27,0,7.3,28.92,50.54,112,0,27,107,187,370
35097000024,33.07,0,8.11,29.38,45.71,636,0,156,565,879,1923
35104010001,63.64,0,11.36,43.18,61.36,84,0,15,57,81,132
35104010004,71.1,0,8.73,39.5,55.09,342,0,42,190,265,481
35104010005,50.69,0,12.5,37.5,56.25,73,0,18,54,81,144
35105000001,49.21,0,9.89,33.03,53.26,219,0,44,147,237,445
35105000002,68.45,0,9.16,34.86,53.69,269,0,36,137,211,393
35105000003,54.51,0,6.39,30.08,45.11,145,0,17,80,120,266
35105000005,67.49,1.44,13.79,33.13,47.94,328,7,67,161,233,486
35105000006,43.62,0,9.04,31.56,49.11,246,0,51,178,277,564
35105000008,55.42,0.28,9.63,35.7,53.83,593,3,103,382,576,1070
35105000009,51.16,0,9.27,36.36,54.9,287,0,52,204,308,561
35105000010,53.77,0,10.38,39.15,53.77,114,0,22,83,114,212
35105000011,58.46,0,10.03,35.27,51.57,373,0,64,225,329,638
35105000012,58.06,0,8.06,36.11,51.67,209,0,29,130,186,360
35105000013,65.24,0,8.58,29.18,47.64,152,0,20,68,111,233
35105000014,66.49,0,12.33,39.95,53.62,248,0,46,149,200,373
35106090001,59,0.23,7.3,31.4,49.15,2020,8,250,1075,1683,3424
35106090002,66.21,0,7.03,29.69,47.46,339,0,36,152,243,512
35106090006,62.53,0,6.33,30.08,45.65,237,0,24,114,173,379
35106090009,67.67,0,9.03,34.69,54.11,1867,0,249,957,1493,2759
35106090010,53.09,0,3.09,30.06,43.82,189,0,11,107,156,356
35106090027,63.69,0,7.9,34.27,50.7,500,0,62,269,398,785
35106090029,67.16,0,7.84,32.84,53.43,137,0,16,67,109,204
35106090030,51.7,0,5.89,30,45.89,579,0,66,336,514,1120
35106090033,72.04,0,7.52,35.22,54.95,1121,0,117,548,855,1556
35106090035,47.31,0,4.19,27.54,39.52,79,0,7,46,66,167
35106090037,63.4,0,6.37,34.22,50.4,239,0,24,129,190,377
35106090038,74.17,0,8.08,28.37,42.79,468,0,51,179,270,631
35106090039,61.96,0,7.98,36.61,51.33,303,0,39,179,251,489
35106090042,71.32,0,7.71,33.77,51.66,925,0,100,438,670,1297
35106090044,61.18,0,7.69,33.85,51.79,788,0,99,436,667,1288
35106090047,55.3,0,7.11,31.41,50.34,824,0,106,468,750,1490
35106090048,64.66,0,7.52,31.77,49.87,2408,0,280,1183,1857,3724
35106090049,65.72,0,6.56,29.51,47.84,441,0,44,198,321,671
35106090051,62.48,0,5.65,28.85,48.15,641,0,58,296,494,1026
35106090052,69.33,0,4.68,28.08,45.81,563,0,38,228,372,812
35106090061,66.99,0,7.18,33.79,50.49,345,0,37,174,260,515
35106090063,69.49,0.18,8.05,33.42,50.92,1553,4,180,747,1138,2235
35106090065,58.86,0,6.5,30.57,47.15,724,0,80,376,580,1230
35106090067,66.81,0,8.79,39.03,57.27,1246,0,164,728,1068,1865
35106090069,62.35,0,7.05,28.66,46.48,805,0,91,370,600,1291
35106090070,59.9,0,9.21,34.68,52.08,475,0,73,275,413,793
35106090071,59.17,0,5.9,26.84,43.6,1003,0,100,455,739,1695
35106090072,72.25,0,8.91,36.07,53.6,1476,0,182,737,1095,2043
35106090073,66.03,0,5.49,23.95,37.97,626,0,52,227,360,948
35106090076,61.28,0,7.29,34.85,56.26,269,0,32,153,247,439
35106090077,59.48,0,7.19,35.29,50.98,91,0,11,54,78,153
35106090078,68.92,0,13.95,44.4,61.52,326,0,66,210,291,473
35106090079,72.28,0.12,8.81,35.8,52.49,2477,4,302,1227,1799,3427
35106090080,59.26,0,9.09,37.04,53.2,176,0,27,110,158,297
35106090082,62.59,0,5.94,32.52,51.05,179,0,17,93,146,286
35106090083,60.89,0,7.89,33.79,52.49,355,0,46,197,306,583
35106090084,67.11,0.35,11.75,37.81,55.53,765,4,134,431,633,1140
35106090085,58.66,0,7.6,29.18,45.9,193,0,25,96,151,329
35106090086,56.65,0,4.94,27.38,44.87,149,0,13,72,118,263
35106090087,69.35,0,9.61,40.26,53.25,267,0,37,155,205,385
35106090088,54.72,0,9.44,36.01,53.32,313,0,54,206,305,572
35106090089,67.51,0,9.59,36.93,53.58,669,0,95,366,531,991
35106090090,72.44,0.26,13.62,46.16,64.83,1133,4,213,722,1014,1564
35106090091,71.35,0,9.04,39.03,55.42,797,0,101,436,619,1117
35106090092,63.82,0,7.85,33.31,51.57,2090,0,257,1091,1689,3275
35106090093,61.54,0,6.04,29.12,42.86,112,0,11,53,78,182
35106090094,78.38,0,11.71,40.41,60.88,609,0,91,314,473,777
35106090095,66.67,0,8.33,34.35,52.03,328,0,41,169,256,492
35106090097,67.86,0,9.82,34.82,56.25,152,0,22,78,126,224
35106090098,46.02,0.72,7.23,28.43,43.13,191,3,30,118,179,415
35106090099,49.48,0,0,0,0,48,0,0,0,0,97
35106090102,55.61,0,6.83,27.8,50.73,114,0,14,57,104,205
35106090104,63.36,0,7.51,31.35,52.98,287,0,34,142,240,453
35106090105,67.09,0,7.22,36.09,52.65,316,0,34,170,248,471
35106090107,70.45,0,12.88,46.97,63.64,186,0,34,124,168,264
35106090109,71.38,0,7.99,22.3,39.22,384,0,43,120,211,538
35106090111,57.72,0,6.5,29.27,42.82,213,0,24,108,158,369
35106090112,61.89,0,5.31,28.16,42.83,734,0,63,334,508,1186
35106090113,66.02,0,8.56,31.49,48.34,239,0,31,114,175,362
35106090114,65.45,0,7.32,30.49,51.22,161,0,18,75,126,246
35106090115,65.46,0,8.91,37.88,53.48,235,0,32,136,192,359
35106090117,55.04,0,6.2,31.01,45.74,71,0,8,40,59,129
35106090118,72.08,0.2,9.04,38.88,57.43,1092,3,137,589,870,1515
35106090119,55.9,0,8.51,30.73,49.31,322,0,49,177,284,576
35106090120,50.4,0,4.55,27.47,43.48,255,0,23,139,220,506
35106090121,67.73,0,8.18,30.91,46.36,149,0,18,68,102,220
35124070002,43.68,0,10.34,32.18,56.32,38,0,9,28,49,87
35124070003,73.53,0,6.99,39.34,59.19,200,0,19,107,161,272
35128030001,79.07,0,7.27,32.7,48.96,457,0,42,189,283,578
35128030006,67.85,0,7.26,35.85,52.89,458,0,49,242,357,675
35128030007,70.85,0,5.64,22.57,30.09,226,0,18,72,96,319
35128030009,52.5,0,5,27.5,0,42,0,4,22,0,80
35130090001,67.04,0,8.58,34.76,52.6,594,0,76,308,466,886
35130090002,73.63,0,9.59,39.04,56.62,645,0,84,342,496,876
35130090003,76.9,0,13.37,45.59,68.39,253,0,44,150,225,329
35130090005,65.62,0,6.05,32.2,49.15,271,0,25,133,203,413
35130090006,69.75,0.9,9.93,36.34,53.72,309,4,44,161,238,443
35130090009,70.05,0,6.04,31.64,52.17,290,0,25,131,216,414
35130090010,69.75,0,8.87,32.54,50.1,731,0,93,341,525,1048
35130090011,68.34,0.17,8.07,34.49,52.98,1593,4,188,804,1235,2331
35130090012,68.45,0,9.48,40.25,55.18,614,0,85,361,495,897
35130090013,71.03,0,6.67,31.49,50.57,309,0,29,137,220,435
35130090014,62.25,0,9.89,32.58,50.11,277,0,44,145,223,445
35130090017,60.71,0,6.55,27.98,45.24,102,0,11,47,76,168
35130090018,61.17,3.88,3.88,20.39,37.86,63,4,4,21,39,103
35130090020,69.64,0,11.25,39.82,58.75,390,0,63,223,329,560
35130090021,63.82,0,12.52,43.16,58.45,831,0,163,562,761,1302
35130090022,48.97,0,9.79,39.69,56.19,95,0,19,77,109,194
35130090023,52.68,0,16.07,45.54,61.61,59,0,18,51,69,112
35130090024,63.53,0,5.88,32.94,50.59,54,0,5,28,43,85
35130090026,64.63,0,9.76,30.49,58.54,53,0,8,25,48,82
35134050001,40.11,0,8.47,33.9,50.85,71,0,15,60,90,177
35134050002,55.84,0,6.2,33.39,51.09,306,0,34,183,280,548
35134050004,45.76,0,5.08,31.36,46.61,54,0,6,37,55,118
35134050005,66.92,0,10.9,48.12,62.41,178,0,29,128,166,266
35135040002,68.74,0.14,8.19,33.13,51.22,6763,14,806,3259,5039,9838
35135040007,69.21,0,6.13,29.62,45.23,1241,0,110,531,811,1793
35135040012,68.54,0,8.58,34.31,52.52,11679,0,1462,5846,8950,17040
35135040013,67.23,0.29,8.25,35.33,53.58,921,4,113,484,734,1370
35135040014,68.94,0,5.08,26.89,40.71,2051,0,151,800,1211,2975
35135040016,61.99,0,6.37,24.91,38.76,331,0,34,133,207,534
35135040020,66.39,0,8.54,36.09,55.65,241,0,31,131,202,363
35135040022,68.09,0,6.02,30.26,45.85,747,0,66,332,503,1097
35135040024,68.46,0,6.92,38.46,50,89,0,9,50,65,130
35135040025,33.93,0,10.71,0,0,19,0,6,0,0,56
35135040026,66.1,0,7.95,29.17,46.97,349,0,42,154,248,528
35135040027,65.8,0,7,30.6,47.9,658,0,70,306,479,1000
35138010002,66.09,0,5.01,29.29,44.7,343,0,26,152,232,519
35138010005,56.65,0,4.34,24.28,34.97,196,0,15,84,121,346
35138010006,69.3,0,7.28,31.33,51.9,219,0,23,99,164,316
35138010008,51.7,0,6.81,24.46,36.53,167,0,22,79,118,323
35138010010,58.81,0,4.21,28.54,41.38,307,0,22,149,216,522
35138010011,55.84,0,3.15,18.3,30.91,177,0,10,58,98,317
35138010012,50.79,0,3.94,21.65,38.98,129,0,10,55,99,254
35138010013,67.76,0,3.79,24.66,42.93,393,0,22,143,249,580
35138010014,65.7,0,3.52,21.44,33.69,429,0,23,140,220,653
35138010015,65.82,0,7.48,29.24,45.53,493,0,56,219,341,749
35138010021,63.83,0,5.38,29.3,43.95,427,0,36,196,294,669
35138010022,62.75,0,5.44,26.71,45.1,935,0,81,398,672,1490
35138010023,61.86,0,5.37,26.99,43.78,910,0,79,397,644,1471
35138010024,57.97,0,6.24,26.59,46.45,1077,0,116,494,863,1858
35138010025,54.84,0,6.09,21.51,42.29,153,0,17,60,118,279
35138010026,68.22,0,5.08,30.51,42.8,161,0,12,72,101,236
35138010027,53.85,0,4.92,26.31,40.77,350,0,32,171,265,650
35138010028,69.1,0,8.15,27.9,42.49,161,0,19,65,99,233
35138010029,65.87,0,6.29,27.84,44.31,220,0,21,93,148,334
35138010030,62.68,0,5.81,28.48,45.17,766,0,71,348,552,1222
35138010032,62.23,0,3.96,22.3,40.11,346,0,22,124,223,556
35138010034,63.71,0,8.31,29.36,49.58,230,0,30,106,179,361
35138010035,57.22,0,6.66,26.55,45.03,610,0,71,283,480,1066
35138010037,60.65,0,4.88,24.56,37.99,447,0,36,181,280,737
35138010039,57.25,0,4.64,26.59,41.38,790,0,64,367,571,1380
35138010041,62.35,0,6.88,30.54,47.55,535,0,59,262,408,858
35138010046,44.77,0,4.51,25.15,43.46,308,0,31,173,299,688
35138010048,54.51,0,4.6,25.31,38.23,308,0,26,143,216,565
35138010049,65.77,0,3.23,19.18,35.66,367,0,18,107,199,558
35138010053,56.93,0,5.35,24.82,40.88,234,0,22,102,168,411
35138010054,60.39,0,6.26,27.85,44.68,2921,0,303,1347,2161,4837
35138010055,52.62,0,4.07,22.38,34.01,181,0,14,77,117,344
35138010056,55.92,0,2.96,19.08,34.87,170,0,9,58,106,304
35138010061,57.93,0,6.21,21.38,34.48,84,0,9,31,50,145
35138010067,53.4,0,7.01,24.74,37.73,259,0,34,120,183,485
35138010072,60.97,0,5.38,26.9,43.17,884,0,78,390,626,1450
35138010073,44.62,0,4.84,24.84,44.84,203,0,22,113,204,455
35138010077,61.79,0,6.39,29.4,48.15,435,0,45,207,339,704
35138010078,58.71,0,5.41,27.33,44.14,391,0,36,182,294,666
35138010082,60.8,0,6.17,29.37,46.63,532,0,54,257,408,875
35138010088,55.34,0,3.95,20.95,36.36,140,0,10,53,92,253
35138010090,60.43,0,7.49,21.93,41.71,113,0,14,41,78,187
35138010093,45.4,0,5.75,21.84,38.51,79,0,10,38,67,174
35138010094,53.15,0.93,6.06,24.94,41.03,228,4,26,107,176,429
35138010100,62.12,0,4.24,24.55,40.3,205,0,14,81,133,330
35138010101,67.51,0,7.24,26.61,43.84,345,0,37,136,224,511
35138010104,65.05,0,7.7,32.68,48.01,1031,0,122,518,761,1585
35138010111,64.82,0,6.13,29.56,45.49,761,0,72,347,534,1174
35138010114,70.28,0,6.05,25.69,42.82,279,0,24,102,170,397
35138010117,59.96,0,5.08,26.56,39.45,307,0,26,136,202,512
35138010122,68.49,0,6.37,29.83,44.92,613,0,57,267,402,895
35138010127,61.56,0,6.12,29.57,46.7,1297,0,129,623,984,2107
35138010128,71.56,0,4.28,23.55,38.53,234,0,14,77,126,327
35138010129,62.26,0,6.29,22.64,37.74,99,0,10,36,60,159
35138010130,59.22,0,6.15,25.7,44.69,106,0,11,46,80,179
35138010135,66.69,0,6.47,29.9,47.32,3216,0,312,1442,2282,4822
35138010136,59.37,0,6.16,29.27,44.46,434,0,45,214,325,731
35138010140,56.59,0,5.22,24.18,40.38,206,0,19,88,147,364
35138010143,78.76,0,3.47,25.87,41.7,204,0,9,67,108,259
35138010145,64.71,0,7.99,30.47,48.81,737,0,91,347,556,1139
35138010147,68.08,0,8.22,32.96,50.6,853,0,103,413,634,1253
35138010151,66.96,0,5.36,30.36,45.98,150,0,12,68,103,224
35138010154,69.06,0,2.88,18.71,35.97,96,0,4,26,50,139
35138010157,67.87,0,6.61,29.39,48.3,1016,0,99,440,723,1497
35138010159,63.79,0,6.41,29.29,48.05,1115,0,112,512,840,1748
35138010164,66.42,0,6.2,27.37,44.16,182,0,17,75,121,274
35138010165,71.18,0,5.51,28.07,46.87,284,0,22,112,187,399
35138010166,60.93,0,6.16,28.06,49.01,3976,0,402,1831,3198,6525
35138010173,66.67,0,4.72,25.46,42.52,254,0,18,97,162,381
35138010177,60,0,5.52,28.28,46.21,87,0,8,41,67,145
35138010178,56.13,0,4.09,22.3,39.41,151,0,11,60,106,269
35138010179,64.15,0,5.66,27.67,41.67,408,0,36,176,265,636
35138010181,64.44,0,5.7,27.14,46.83,995,0,88,419,723,1544
35138010183,60.85,0,4.13,23.64,40.96,471,0,32,183,317,774
35138010184,64.42,0,8.42,33.3,49.76,1331,0,174,688,1028,2066
35138010185,59.96,0,5.91,28.75,46.54,2444,0,241,1172,1897,4076
35138010188,57.28,0,5.64,28.26,46.01,3208,0,316,1583,2577,5601
35138010190,64.68,0,10.04,30.48,49.07,174,0,27,82,132,269
35138010191,63.11,0,5.19,25.65,42.36,219,0,18,89,147,347
35138010197,50.85,0,6.6,28.3,42.13,239,0,31,133,198,470
35138010198,67.61,0,5.03,28.62,43.08,215,0,16,91,137,318
35138010199,58.56,0,6.08,21.55,40.33,106,0,11,39,73,181
35138010201,61.82,0,3.03,23.03,38.18,102,0,5,38,63,165
35138010202,50.92,0,3.21,26.15,38.53,111,0,7,57,84,218
35138010203,51.14,0,4.56,27.04,39.74,157,0,14,83,122,307
35138010204,62.94,0,5.08,29.95,42.13,124,0,10,59,83,197
35138010206,65.23,0,7.81,28.91,47.27,167,0,20,74,121,256
35138010207,57.68,0,6.22,23.24,38.59,139,0,15,56,93,241
35138010209,62.53,0.61,8.76,33.81,50.51,307,3,43,166,248,491
35138010211,57.32,0,7.32,29.5,47.28,274,0,35,141,226,478
35138010212,56.35,0,4.42,27.62,42.54,102,0,8,50,77,181
35138010214,61.9,0,3.81,14.29,23.81,65,0,4,15,25,105
35138010215,64.89,0,6.38,23.4,31.91,61,0,6,22,30,94
35138010219,59.32,0,6.78,21.47,33.33,105,0,12,38,59,177
35138010222,61.42,0,4.06,24.37,44.16,121,0,8,48,87,197
35138010225,59.6,0,3.31,21.85,37.75,90,0,5,33,57,151
35138010228,63.01,0,6.36,26.59,41.62,109,0,11,46,72,173
35138010233,65.96,0,7.45,23.94,35.64,124,0,14,45,67,188
35138010242,55.69,0,4.79,29.34,44.31,93,0,8,49,74,167
35138010243,55.14,0,7.66,26.04,43.76,252,0,35,119,200,457
35138010244,61.64,0,8.19,34.05,55.6,143,0,19,79,129,232
35138010245,63.56,0,4.24,28.81,47.46,75,0,5,34,56,118
35138010246,56.81,0,5.84,26.37,43.54,321,0,33,149,246,565
35138010247,56.56,0,5.67,27.13,41.13,319,0,32,153,232,564
35138010248,76.45,0,8.53,35.15,51.88,224,0,25,103,152,293
35138010251,70.65,0,12.5,44.02,61.96,130,0,23,81,114,184
35138010252,57.14,0,4.97,37.89,53.42,92,0,8,61,86,161
35138010253,61.22,0.09,5.63,26.85,46.38,3229,5,297,1416,2446,5274
35138010254,44.44,0,7.41,40.74,55.56,48,0,8,44,60,108
35150040001,67.78,0,6.66,28.42,47.09,570,0,56,239,396,841
35150040002,68.19,0.21,7.76,34.63,51.76,967,3,110,491,734,1418
35150040003,47.21,0,7.06,29,50.93,127,0,19,78,137,269
35150040005,68.86,0,6.58,30.95,48.74,356,0,34,160,252,517
35150040006,65.87,0,7.03,29.11,47.18,525,0,56,232,376,797
35150040007,68.25,0,5.71,29.5,43.69,789,0,66,341,505,1156
35150040010,65.23,0,8.79,30.08,43.75,334,0,45,154,224,512
35150040011,62.93,0.51,6.05,30.37,47.88,489,4,47,236,372,777
35150040012,65.13,0,7.01,31.46,48.1,325,0,35,157,240,499
35150040013,70.29,0,6.83,31.61,47.79,1112,0,108,500,756,1582
35150040017,67.94,0,6.57,30.89,49.21,1509,0,146,686,1093,2221
35150040019,67.99,0,6.41,30.17,47.8,1219,0,115,541,857,1793
35150040020,67.46,0,5.56,30.16,46.43,170,0,14,76,117,252
35150040023,58.94,0,5.87,28.3,45.6,402,0,40,193,311,682
35150040027,47.7,0,6.89,27.04,40.05,187,0,27,106,157,392
35150040031,70.12,0,6.96,32.43,47.71,413,0,41,191,281,589
35150040033,67.44,0,10.57,38.48,58.14,319,0,50,182,275,473
35150040034,71.47,0,6.79,27.45,47.83,263,0,25,101,176,368
35150040035,72.1,0.06,9.46,34.53,53.49,3401,3,446,1629,2523,4717
35150040036,70.21,0,6.65,33.51,52.79,528,0,50,252,397,752
35150040039,74.42,0,6.05,31.63,43.95,320,0,26,136,189,430
35150040040,73.94,0,7.27,33.62,51.35,1535,0,151,698,1066,2076
35150040041,69.07,0,7.07,31.08,49.54,909,0,93,409,652,1316
35150040042,67.03,0,5.42,29.07,44.03,309,0,25,134,203,461
35150040045,69.92,0,7.67,37.83,53.34,1632,0,179,883,1245,2334
35150040046,72.39,0,6.18,31.66,50.77,375,0,32,164,263,518
35150040047,65.82,0,6.55,34.74,51.87,703,0,70,371,554,1068
35150040048,62.75,0,5.01,30.2,45.23,401,0,32,193,289,639
35150040049,70.28,0,7.57,32.19,50.47,965,0,104,442,693,1373
35150040050,71.35,0,9.28,38.24,55.06,1853,0,241,993,1430,2597
35150040051,67.77,0,7.55,33.65,51.43,2729,0,304,1355,2071,4027
35150040052,67.88,0.19,8.9,37.97,54.43,1777,5,233,994,1425,2618
35150040053,60.93,0,5.3,29.14,46.36,92,0,8,44,70,151
35150040054,69.29,0,4.15,25.31,44.81,167,0,10,61,108,241
35150040055,65.43,0,6.32,30.48,45.35,176,0,17,82,122,269
35150040056,75.2,0,8.94,28.46,45.53,185,0,22,70,112,246
35150040057,67,0,5.94,29.04,48.51,203,0,18,88,147,303
35150040058,75.55,0,3.76,21.63,42.95,241,0,12,69,137,319
35150040059,69.7,0,5.08,32.84,45.55,329,0,24,155,215,472
35150040060,61.22,0,6.65,30.99,47.91,322,0,35,163,252,526
35150040061,72.02,0,4.87,27.98,46.48,829,0,56,322,535,1151
35150040063,71.7,0,6.04,31.64,48.81,451,0,38,199,307,629
35150040064,68.22,0,6.78,25.42,50.42,161,0,16,60,119,236
35150040065,55.97,0,4.4,28.93,49.69,89,0,7,46,79,159
35150040066,59.64,0,7.58,29.95,46.66,464,0,59,233,363,778
35150040067,68.5,0,5.51,29.13,47.83,348,0,28,148,243,508
35150040068,67.83,0,10.84,41.26,59.44,194,0,31,118,170,286
35150040074,68.68,0,7.83,35.23,47.69,193,0,22,99,134,281
35150040075,68.81,0,6.79,34.13,47.52,375,0,37,186,259,545
35150040077,68.01,0,5.89,30.81,44.78,404,0,35,183,266,594
35150040078,80.76,0,10.05,38.05,54.49,747,0,93,352,504,925
35150040079,64.44,0,12.22,30.37,45.93,174,0,33,82,124,270
35150040080,74.88,0.83,10.02,35.14,52.83,635,7,85,298,448,848
35150040081,74.72,0.27,10.71,37.65,54.75,1661,6,238,837,1217,2223
35150040082,65.48,0,8.73,31.35,53.57,165,0,22,79,135,252
35150040084,53.12,0,5.96,30.62,45.8,196,0,22,113,169,369
35150040085,85.56,0,8.89,34.07,52.96,231,0,24,92,143,270
35150040086,65.85,0,14.63,43.9,59.76,54,0,12,36,49,82
35150040087,73.22,0,7.12,35.25,47.46,216,0,21,104,140,295
35151030001,75.34,0,7.76,36.99,52.51,165,0,17,81,115,219
35151030002,66.06,0,8.26,34.63,53.67,288,0,36,151,234,436
35151030003,71.95,0,4.27,29.27,46.95,118,0,7,48,77,164
35151030004,54.22,0,10.84,34.94,45.78,45,0,9,29,38,83
35157070001,64.71,0,7.61,32.1,53.02,1887,0,222,936,1546,2916
35157070002,59.6,0,8.11,29.97,47.19,360,0,49,181,285,604
35157070004,62.56,0,6.56,31.64,49.14,1230,0,129,622,966,1966
35157070005,57.57,0,5.46,21.84,34.49,232,0,22,88,139,403
35157070006,60.32,0,7.55,32.83,52.97,599,0,75,326,526,993
35157070007,65.31,0,6.78,37.94,52.57,241,0,25,140,194,369
35157070008,65.7,0,7.65,35.88,50.66,249,0,29,136,192,379
35157070009,66.41,0,7.86,32.62,52.48,963,0,114,473,761,1450
35157070010,67.37,0,5.26,27.89,46.32,128,0,10,53,88,190
35157070011,66.36,0,9.39,32.12,51.52,219,0,31,106,170,330
35157070013,73.09,0,8.73,34.91,51.64,201,0,24,96,142,275
35157070014,74.71,0,13.69,46.2,65.97,393,0,72,243,347,526
35157070015,73.2,0,10.63,39.05,58.5,1584,0,230,845,1266,2164
35157070016,61.99,0.97,8.72,34.38,53.27,256,4,36,142,220,413
35157070017,70.82,0,6.87,33.05,50.21,165,0,16,77,117,233
35157070018,61.8,0,3.75,25.09,41.95,165,0,10,67,112,267
35157070019,54.23,0,7.46,31.34,51.24,109,0,15,63,103,201
35157070020,60,0,4.62,29.85,47.69,195,0,15,97,155,325
35157070021,68.18,0,7.14,31.17,50.32,210,0,22,96,155,308
35157070022,56.76,0,8.45,26.69,40.54,168,0,25,79,120,296
35157070023,60,0,6.25,26.67,47.92,144,0,15,64,115,240
35157070024,58.42,0,5.21,28.34,45.99,437,0,39,212,344,748
35157070025,57.22,0,8.07,30.21,51.78,305,0,43,161,276,533
35157070028,63.75,0,10.56,36.43,55.56,350,0,58,200,305,549
35157070029,55.52,0,5.37,22.09,44.18,186,0,18,74,148,335
35157070030,65.96,0,7.8,31.91,53.19,93,0,11,45,75,141
35157070031,58.92,0,7.47,34.85,52.28,142,0,18,84,126,241
35157070032,73.19,0,6.91,31.03,46.37,434,0,41,184,275,593
35157070033,58.69,0,6.79,28.17,48.55,527,0,61,253,436,898
35157070034,64.94,0,8.77,32.54,52.31,926,0,125,464,746,1426
35157070035,57.25,1.15,6.49,33.21,49.24,150,3,17,87,129,262
35157070036,65.71,0,6.06,28.92,45.65,868,0,80,382,603,1321
35157070040,67.31,0,8.09,32.49,50.14,1705,0,205,823,1270,2533
35157070042,72.73,0.23,11.44,39.84,56.63,1875,6,295,1027,1460,2578
35157070045,64.04,0.44,9.17,38.14,52.21,1738,12,249,1035,1417,2714
35157070046,73.39,0,8.06,34.68,48.39,91,0,10,43,60,124
35157070051,64.92,0,7.75,32.56,49.61,335,0,40,168,256,516
35157070052,72.12,0,12.64,42.38,61.71,194,0,34,114,166,269
35163090001,73.24,0,7.06,30.59,48.53,249,0,24,104,165,340
35163090003,69.27,0,3.12,25.52,42.71,133,0,6,49,82,192
35163090006,57.71,0,7.26,29.68,47.39,453,0,57,233,372,785
35163090008,61.48,0.49,6.9,33.09,50.92,1007,8,113,542,834,1638
35163090009,67.03,0,7.82,36.82,52.95,557,0,65,306,440,831
35163090015,69.12,0,8.5,29.18,49.01,244,0,30,103,173,353
35163090016,72.27,0,6.23,27.73,47.98,232,0,20,89,154,321
35163090017,67.18,0,5.91,29.1,47.26,307,0,27,133,216,457
35163090018,65.61,0,5.49,25.14,39.6,227,0,19,87,137,346
35163090019,60.37,0,7.32,35.98,54.27,99,0,12,59,89,164
35163090020,60.68,0,10.68,39.81,61.65,125,0,22,82,127,206
35163090022,66.84,0,7.25,31.87,52.85,258,0,28,123,204,386
35163090023,68.37,0,9.94,31.93,54.82,227,0,33,106,182,332
35163090024,62.13,0.69,8.24,35.35,54.35,543,6,72,309,475,874
35163090025,67.64,0,7.44,35.28,51.62,418,0,46,218,319,618
35163090026,75.89,0,11.44,35.42,53.75,617,0,93,288,437,813
35163090027,66.45,0,7.94,31.75,50.58,519,0,62,248,395,781
35163090028,62.39,0,7.39,27.61,46.3,287,0,34,127,213,460
35163090030,71.09,0,10.49,39.4,55.03,332,0,49,184,257,467
35163090031,62.79,0,7.88,32.95,51.42,486,0,61,255,398,774
35163090032,71.45,0,10.76,37.37,54.86,478,0,72,250,367,669
35163090033,67.9,0,8.92,35.88,53.3,1758,0,231,929,1380,2589
35163090034,66.78,0,10.14,37.39,55.86,593,0,90,332,496,888
35163090035,57.74,0,2.62,25.2,40.16,220,0,10,96,153,381
35163090036,73.31,0,13.29,39.18,56.13,640,0,116,342,490,873
35163090037,64.7,0,8.32,32.9,52.5,350,0,45,178,284,541
35163090039,67.6,0,8.38,35.2,51.96,121,0,15,63,93,179
35163090042,61.57,0,8.38,32.7,50.4,838,0,114,445,686,1361
35163090043,77.36,0,7.55,26.68,45.55,287,0,28,99,169,371
35163090044,74.52,0,7.38,33.81,47.86,313,0,31,142,201,420
35163090046,66.85,0.96,6.85,30.14,47.81,488,7,50,220,349,730
35163090047,73.92,0,9.09,34.45,50.96,309,0,38,144,213,418
35163090048,57.77,0,5.3,31.25,40.15,305,0,28,165,212,528
35163090049,69.95,0,8.05,34.15,49.75,426,0,49,208,303,609
35163090050,69.33,0,8,29.56,49.56,312,0,36,133,223,450
35163090051,64.47,0,10.18,37.92,55.09,323,0,51,190,276,501
35164080002,69.3,0,8.56,34.53,51.49,3836,0,474,1911,2850,5535
35164080004,60.35,0,9.91,37.44,55.29,274,0,45,170,251,454
35164080006,65.79,0.32,8.6,35.37,52.63,1025,5,134,551,820,1558
35164080007,61.13,0.41,8.99,31.95,49.24,442,3,65,231,356,723
35164080009,59.29,0,6.72,28.06,47.43,150,0,17,71,120,253
35164080010,65.41,0,4.86,26.49,43.78,121,0,9,49,81,185
35164080012,63.73,0,8.81,34.2,52.85,123,0,17,66,102,193
35164080013,73.69,0,9.51,33.6,52.77,465,0,60,212,333,631
35164080014,61.69,0,8.47,29.84,52.02,153,0,21,74,129,248
35164080015,60,0,11.91,34.04,55.74,141,0,28,80,131,235
35164080017,68.83,0,6.71,33.77,50,318,0,31,156,231,462
35164080018,75,0,5.91,34.55,51.36,165,0,13,76,113,220
35164080019,62.73,0,9.22,35.07,51.7,313,0,46,175,258,499
35164080022,62.68,0,8.61,33.49,50.72,131,0,18,70,106,209
35164080023,54.36,0,12.75,40.27,60.4,81,0,19,60,90,149
35164080024,68.71,0,8.19,35.67,53.8,235,0,28,122,184,342
35164080027,79.77,0,5.78,35.26,52.6,138,0,10,61,91,173
35164080028,62.8,0,7.29,26.73,48.97,336,0,39,143,262,535
35164080029,64.32,0,5.47,26.82,42.97,247,0,21,103,165,384
35164080030,63.8,0,6.13,28.22,50.92,104,0,10,46,83,163
35164080031,63.34,0,7.4,34.73,51.45,197,0,23,108,160,311
35164080032,67.61,0,8.81,40.34,58.52,238,0,31,142,206,352
35164080033,71.82,0,9.78,37.96,54.79,367,0,50,194,280,511
35164080034,57.46,0,4.82,24.12,37.28,131,0,11,55,85,228
35164080036,66.28,0,5.23,26.74,39.53,114,0,9,46,68,172
35184040001,55.29,0,7.32,30.46,44.71,559,0,74,308,452,1011
35187010004,68.46,0.52,7.94,33.29,50.42,3286,25,381,1598,2420,4800
35187010005,71.6,0,6.06,28.51,46.36,3046,0,258,1213,1972,4254
35187010006,65.23,0.47,6.74,29.74,48.13,4019,29,415,1832,2965,6161
35187010007,72.41,0.1,7.71,35.75,52.46,2094,3,223,1034,1517,2892
35187010008,70.77,0,7.71,33.79,51.67,3994,0,435,1907,2916,5644
35187010009,65.1,0,6.92,28.27,42.85,1826,0,194,793,1202,2805
35187010010,65.46,0,5.88,28.55,45.05,2373,0,213,1035,1633,3625
35187010011,72.83,0,9.95,35.07,51.78,1595,0,218,768,1134,2190
35187010013,67.36,0.62,6.03,29.94,48.23,324,3,29,144,232,481
35187010015,70.47,0,8.29,34.05,53.5,3351,0,394,1619,2544,4755
35187010016,73.96,0,7.5,33.13,49.54,730,0,74,327,489,987
35187010017,64.59,0,7.32,29.25,46.19,1888,0,214,855,1350,2923
35187010018,70,0,7.87,34.36,51.46,1699,0,191,834,1249,2427
35187010019,62.57,0,7.51,31.96,50.93,1075,0,129,549,875,1718
35187010021,62.92,0,4.96,27.94,44.13,241,0,19,107,169,383
35187010023,68.63,0,7.84,30.39,0,70,0,8,31,0,102
35187010025,71.32,0,5.68,27.91,42.64,276,0,22,108,165,387
35187010028,80.45,0,10.48,32.01,49.29,284,0,37,113,174,353
35187010029,71.57,0,7.87,30.96,42.64,282,0,31,122,168,394
35187010030,70.34,0,7.63,44.07,59.32,83,0,9,52,70,118
35187010031,67.35,0,5.2,30.11,45.34,557,0,43,249,375,827
35187010032,62.35,0,4.37,23.24,36.36,727,0,51,271,424,1166
35187010034,71.12,0,6.84,31.63,52.76,697,0,67,310,517,980
35187010035,70.28,0,7,31.61,52.49,1114,0,111,501,832,1585
35187010036,71.88,0.09,8.18,34.66,52.32,5490,7,625,2647,3996,7638
35187010039,56.8,0,6.9,29.18,44.96,2642,0,321,1357,2091,4651
35187010040,63.98,0.16,7.58,30.37,45.4,4724,12,560,2242,3352,7383
35187010043,68.87,0,7.48,29.9,45.59,562,0,61,244,372,816
35187010045,65.39,0.14,6.02,26.77,44.12,1368,3,126,560,923,2092
35187010046,56.92,0,3.85,19.23,29.23,74,0,5,25,38,130
35187010047,65.9,0.17,6.86,29.69,45.28,1509,4,157,680,1037,2290
35187010050,63.27,0,5.1,18.37,40.82,62,0,5,18,40,98
35187010053,71.02,0,6.53,30.03,47.78,272,0,25,115,183,383
35187010056,67.35,0.27,5.94,28.31,46.61,5181,21,457,2178,3586,7693
35187010057,78.7,0,17.37,37.02,49.34,1201,0,265,565,753,1526
35187010059,68.53,0.19,8.17,33.56,49.81,2559,7,305,1253,1860,3734
35187010060,64.35,0.68,7.1,32.33,48,1803,19,199,906,1345,2802
35187010062,57.18,0,6.44,27.97,41.34,231,0,26,113,167,404
35187010065,65.34,0,4.73,29.78,47.67,939,0,68,428,685,1437
35187010066,67.21,0,7.33,36.46,55.8,330,0,36,179,274,491
35187010069,62.44,0,4.06,24.62,39.59,246,0,16,97,156,394
35187010072,63.75,0,7.89,32.43,50.59,751,0,93,382,596,1178
35187010073,47.09,1.74,8.72,26.16,40.12,81,3,15,45,69,172
35187010075,63.91,0,6.73,27.52,44.95,209,0,22,90,147,327
35187010076,44.78,2.24,7.46,29.1,38.81,60,3,10,39,52,134
35187010077,63.05,0,6.56,31.53,48.5,442,0,46,221,340,701
35187010078,61.35,0,6.75,30.67,44.79,100,0,11,50,73,163
35187010079,73.7,0,9.21,39.15,55.58,2225,0,278,1182,1678,3019
35187010080,73.21,0,7.68,37.16,56.53,1440,0,151,731,1112,1967
35187010081,56.97,0,5.88,30.65,47.68,184,0,19,99,154,323
35187010084,70.21,0,7.6,28.27,43.47,231,0,25,93,143,329
35187010085,67.77,0,7.67,30.98,47.56,654,0,74,299,459,965
35187010086,61.86,0,5.51,28.39,46.61,146,0,13,67,110,236
35187010087,52.86,0,6.43,20.71,34.29,74,0,9,29,48,140
35187010088,73.68,0,5.26,33.18,48.74,322,0,23,145,213,437
35188000001,69.58,0,6.38,31.24,48.27,764,0,70,343,530,1098
35188000004,63.02,0,7.19,34.02,52.2,1491,0,170,805,1235,2366
35188000005,65.28,0.15,7.4,30.76,50.24,3875,9,439,1826,2982,5936
35188000006,44.08,0,8.92,35.33,54.89,257,0,52,206,320,583
35188000007,70.59,1.04,7.61,29.41,49.48,204,3,22,85,143,289
35188000008,65.19,0,10.49,34.96,52.03,1268,0,204,680,1012,1945
35188000009,64.71,0,6.47,33.53,45.88,110,0,11,57,78,170
35188000011,67.33,0,9.23,39.28,57.36,540,0,74,315,460,802
35188000012,74.46,0,7.33,34.13,55.37,589,0,58,270,438,791
35188000013,58.23,0.76,8.66,33.3,51.86,612,8,91,350,545,1051
35188000014,63.32,0,4.96,27.94,42.56,485,0,38,214,326,766
35188000016,59.82,0,6.45,29.39,48.58,399,0,43,196,324,667
35188000017,59.61,0,6.77,26.42,43.45,273,0,31,121,199,458
35188000018,74.48,0,7.84,33.74,52.73,1596,0,168,723,1130,2143
35188000019,65.1,0,8.12,32.37,50.41,722,0,90,359,559,1109
35188000022,69.33,0,6.92,33.07,50.36,3187,0,318,1520,2315,4597
35188000023,62.44,0,5.01,28.55,43.41,374,0,30,171,260,599
35188000024,56.49,0,7.66,31.3,49.48,435,0,59,241,381,770
35188000025,63.42,1.29,6.68,30.72,48.65,541,11,57,262,415,853
35188000026,60.38,0,5.96,32.88,50,314,0,31,171,260,520
35188000027,67.85,0,10.51,38.18,56.26,439,0,68,247,364,647
35188000028,61.57,0,5.24,32.19,47.47,681,0,58,356,525,1106
35188000030,64.44,0.11,7.01,32.39,50.31,2417,4,263,1215,1887,3751
35188000031,65.84,0,8.42,31.68,47.52,133,0,17,64,96,202
35188000032,65.42,0,6.06,29.59,48.66,367,0,34,166,273,561
35188000036,69.9,0,5.82,32.5,48.12,613,0,51,285,422,877
35188000038,53.25,0,4.53,31.68,47.92,859,0,73,511,773,1613
35188000041,68.29,0,8.81,34.11,53.06,1139,0,147,569,885,1668
35188000043,61.15,0,5.21,24.69,40.62,587,0,50,237,390,960
35188000044,73.08,0,9.83,38.52,58.49,1197,0,161,631,958,1638
35188000045,58.9,0,5.76,27.07,45.61,235,0,23,108,182,399
35188000046,51.91,0,6.87,32.06,45.8,68,0,9,42,60,131
35188000047,66.43,0,7.99,36.86,54.4,1314,0,158,729,1076,1978
35188000048,42.09,0,8.54,32.84,54.41,601,0,122,469,777,1428
35188000049,65.18,0,6.48,23.89,41.3,161,0,16,59,102,247
35188000051,65.97,0,7.38,30.8,50.29,572,0,64,267,436,867
35188000052,60.74,0,7.91,29.51,48.09,461,0,60,224,365,759
35188000053,64.13,0,6.94,29.8,47.21,1414,0,153,657,1041,2205
35188000054,60.3,0,6.78,31.92,48.8,1379,0,155,730,1116,2287
35188000055,65.28,0,6.04,29.06,40.75,173,0,16,77,108,265
35188000056,69.04,0,9.21,35.66,51.8,997,0,133,515,748,1444
35188000057,52.43,0,5.65,31.54,47.96,399,0,43,240,365,761
35188000058,64.76,0,4.37,23.95,44.28,430,0,29,159,294,664
35188000059,65.82,0,6.76,30.7,47.75,2746,0,282,1281,1992,4172
35188000060,65.27,0,6.37,27.91,46.15,297,0,29,127,210,455
35188000061,70.68,0,8.8,35.34,53.46,1326,0,165,663,1003,1876
35188000062,60.6,0,6.17,25.47,43.35,383,0,39,161,274,632
35188000064,61.63,0,10.01,38.78,55.3,1041,0,169,655,934,1689
35188000065,65.8,0.15,8.27,35.78,53.09,1289,3,162,701,1040,1959
35188000066,69.24,0,7.85,36.84,55.19,547,0,62,291,436,790
35188000067,65.85,0,6.83,32.57,48.34,376,0,39,186,276,571
35188000069,67.26,0,9.51,35.71,53.53,1181,0,167,627,940,1756
35188000070,69.01,0.12,9.15,36.73,55.34,2882,5,382,1534,2311,4176
35188000071,65.6,0,5.6,32.27,48.53,246,0,21,121,182,375
35188000072,63.79,0,6.98,28.24,45.85,192,0,21,85,138,301
35188000073,45.28,0,6.29,29.25,44.03,144,0,20,93,140,318
35188000074,70.79,0.15,7.67,32.48,49.92,1384,3,150,635,976,1955
35188000076,58.11,0,7.96,29.79,40.12,197,0,27,101,136,339
35188000077,61.33,0,8.59,33.98,50.39,157,0,22,87,129,256
35188000078,85.45,0,9.7,32.73,53.33,141,0,16,54,88,165
35188000081,60.09,0,2.82,25.82,41.78,128,0,6,55,89,213
35188000082,66.79,0.93,6.51,33.02,49.67,718,10,70,355,534,1075
35188000083,71.24,0,7.82,32.58,49,820,0,90,375,564,1151
35188000084,56.65,0,6.16,27.96,43.97,460,0,50,227,357,812
35188000087,68.32,0,7.93,32.76,51.69,2465,0,286,1182,1865,3608
35188000088,70.03,0,7.66,32.34,52.11,2486,0,272,1148,1850,3550
35188000089,68.96,0,6.64,27.01,43.6,291,0,28,114,184,422
35188000090,55.96,0,3.31,28.15,42.72,169,0,10,85,129,302
35188000092,70.03,0,5.88,28.29,40.62,250,0,21,101,145,357
35188000093,62.72,0,6.36,29.68,46.64,355,0,36,168,264,566
35188000094,67.81,0,5.79,27.85,44.12,375,0,32,154,244,553
35188000095,72.3,0,5.54,24.65,38.78,261,0,20,89,140,361
35188000096,68.13,0.2,6.82,28.25,45.03,2749,8,275,1140,1817,4035
35188000098,65.99,0,6.48,35.9,51.28,489,0,48,266,380,741
35188000099,72.96,0,4.61,25.16,44.86,348,0,22,120,214,477
35188000100,78.08,0,8.93,37.36,54.19,2579,0,295,1234,1790,3303
35188000105,66.73,0,10.55,38.13,59.03,329,0,52,188,291,493
35188000106,63.66,0,8.1,31.4,50,1030,0,131,508,809,1618
35188000107,63.77,0.16,7.32,30.83,49.59,2865,7,329,1385,2228,4493
35188000110,63.2,0,10.4,32,51.2,158,0,26,80,128,250
35188000111,69.81,0,9.09,36.48,54.71,1942,0,253,1015,1522,2782
35188000113,68.81,0.07,7.6,31.39,50.84,2780,3,307,1268,2054,4040
35188000114,69.12,0,7.81,32.61,49.65,1558,0,176,735,1119,2254
35188000115,63.26,0,8.46,33.5,50.48,4623,0,618,2448,3689,7308
35188000116,62.73,0.06,8,32.61,50.22,4508,4,575,2343,3609,7186
35188000117,61.6,0.46,6.52,29.52,47.28,1200,9,127,575,921,1948
35188000118,71.24,0,7.01,30.22,49.5,4521,0,445,1918,3141,6346
35188000119,57.91,0,9.49,32.6,52.19,476,0,78,268,429,822
35188000122,65.77,0.54,8.78,38.71,59.14,367,3,49,216,330,558
35188000123,69.12,0.21,8.25,34.54,52.31,5177,16,618,2587,3918,7490
35188000124,81.58,0,9.65,42.11,61.4,93,0,11,48,70,114
35188000125,69.28,0,6.34,32.35,50.63,1103,0,101,515,806,1592
35188000127,60.73,0,7.09,31.17,48.18,300,0,35,154,238,494
35188000128,69.73,0,5.81,28.57,47.7,288,0,24,118,197,413
35188000130,64.79,0,5.64,36.13,53.97,563,0,49,314,469,869
35188000131,69.76,0,6.83,31.71,51.95,286,0,28,130,213,410
35188000132,69.02,0,9.02,34.88,53.66,566,0,74,286,440,820
35188000133,69.42,0,7.88,31.92,48.46,361,0,41,166,252,520
35188000134,76.47,0,6.92,25.61,41.52,221,0,20,74,120,289
35188000136,70.25,0,5.52,23.01,42.33,229,0,18,75,138,326
35188000137,67.36,0,4.6,27.2,39.33,161,0,11,65,94,239
35188000138,72.86,0,3.38,27.92,41.17,561,0,26,215,317,770
35188000139,58.22,0,4.57,23.52,43.15,255,0,20,103,189,438
35188000140,60.92,0,5.99,33.8,52.82,173,0,17,96,150,284
35188000141,63.05,0,5.91,24.14,46.31,128,0,12,49,94,203
35188000142,78.16,0,8.74,32.52,55.83,161,0,18,67,115,206
35188000143,72.07,0,8.13,34.08,51.98,1747,0,197,826,1260,2424
35188000147,57,0.12,7.63,31.46,48.32,1457,3,195,804,1235,2556
35188000148,62,0,5.27,30.51,47.3,447,0,38,220,341,721
35188000149,65.06,0,6.02,26.51,39.76,54,0,5,22,33,83
35188000150,66.76,0,8.45,40.82,55.69,229,0,29,140,191,343
35188000151,62.29,0,8,38.86,51.71,218,0,28,136,181,350
35188000152,63.43,0,5.84,31.89,49.07,543,0,50,273,420,856
35188000156,65.73,0,5.3,31.46,47.04,211,0,17,101,151,321
35188000158,62.69,0,6.95,34.37,51.38,704,0,78,386,577,1123
35188000159,65.86,0,8.62,38.28,60,191,0,25,111,174,290
35188000161,59.05,0,13.79,43.1,63.79,137,0,32,100,148,232
35188000164,79.4,0,11.59,37.77,54.94,185,0,27,88,128,233
35188000167,69.36,0.1,8.65,37.21,53.98,5957,9,743,3196,4636,8588
35188000169,66.59,0.14,8.3,33.52,51.14,5228,11,652,2632,4015,7851
35188000170,68.82,0,8.06,31.72,50,128,0,15,59,93,186
35188000173,69.93,0,8.39,36.54,56.47,400,0,48,209,323,572
35188000174,76.9,0,11.41,40.22,60.33,283,0,42,148,222,368
35188000175,70.98,1.34,2.68,20.54,37.05,159,3,6,46,83,224
35188000177,56.99,0,9.53,32.84,50,269,0,45,155,236,472
35188000178,56.64,0,3.12,28.52,44.53,145,0,8,73,114,256
35188000180,50.81,0,5.65,29.03,39.52,63,0,7,36,49,124
35188000181,53.46,0,7.37,37.33,52.53,116,0,16,81,114,217
35188000183,66.98,0,8.75,33.23,50.42,643,0,84,319,484,960
35188000184,57.28,0,6.79,31.29,46.85,346,0,41,189,283,604
35188000185,67.66,0,12.23,38.32,58.15,249,0,45,141,214,368
35188000186,68.26,0.76,8.77,34.89,52.11,1082,12,139,553,826,1585
35188000189,69.11,0,8.49,33.2,54.05,179,0,22,86,140,259
35188000190,62.1,0.13,8.08,32.85,51.89,1868,4,243,988,1561,3008
35188000194,67.48,0,7.7,32.76,51.83,552,0,63,268,424,818
35188000196,65.64,0,8.94,34.36,55.31,235,0,32,123,198,358
35188000197,54.62,0,10.08,32.77,53.78,65,0,12,39,64,119
35188000198,85.23,0,6.59,24.09,42.73,375,0,29,106,188,440
35188000199,72.55,0,4.9,25.49,47.06,74,0,5,26,48,102
35188000200,62.69,1.15,6.54,27.31,46.15,163,3,17,71,120,260
35188000201,60.59,0,8.71,32.63,49.77,661,0,95,356,543,1091
35188000202,77.01,0,4.02,31.03,52.87,134,0,7,54,92,174
35188000203,62.89,0,9.01,35.22,53.88,300,0,43,168,257,477
35188000204,68.02,0,6.68,30.07,48.93,285,0,28,126,205,419
35188000205,73.82,0,8.04,34.22,51.76,753,0,82,349,528,1020
35188000207,65.49,0,8.41,32.3,49.56,148,0,19,73,112,226
35188000208,68.13,0,13.19,43.96,61.54,186,0,36,120,168,273
35188000210,65.55,0,10.5,40.97,56.93,312,0,50,195,271,476
35188000211,71.13,0,9.39,42.72,60.8,303,0,40,182,259,426
35188000212,65.31,0.41,9.63,38.74,54.26,644,4,95,382,535,986
35188000213,58.58,0.8,4.16,27.75,46.11,437,6,31,207,344,746
35188000215,78.11,0,6.8,27.51,43.49,264,0,23,93,147,338
35188000216,75.48,0,8.97,34.62,55.13,471,0,56,216,344,624
35188000217,63.57,0,7.86,31.79,52.5,178,0,22,89,147,280
35188000218,65.69,0,8.03,31.02,46.72,180,0,22,85,128,274
35188000220,74.89,0,9.39,37.76,56.19,829,0,104,418,622,1107
35188000221,79.9,0,8.82,33.33,50,163,0,18,68,102,204
35188000222,66.99,0,8.71,35.39,54,954,0,124,504,769,1424
35188000223,69.74,0,11.54,44.87,58.46,272,0,45,175,228,390
35188000225,66.43,0,6.92,34.58,49.57,461,0,48,240,344,694
35188000227,74.7,0.69,10.06,38.49,55.79,980,9,132,505,732,1312
35188000228,67.75,0,9.19,33.15,49.55,376,0,51,184,275,555
35188000229,93.57,0,12.86,40.84,62.06,291,0,40,127,193,311
35188000230,70.57,1.8,8.71,34.23,53.75,235,6,29,114,179,333
35188000231,75.88,0,7.87,34.27,49.48,733,0,76,331,478,966
35188000232,68.85,0,10.33,37.38,57.54,420,0,63,228,351,610
35188000233,62.13,0,5.62,32.84,47.63,210,0,19,111,161,338
35188000234,69.13,0.03,7.21,31.72,51.89,6200,3,647,2845,4654,8969
35188000235,73.26,0,14.2,41.39,58.61,485,0,94,274,388,662
35188000236,79.55,0,11.36,21.97,31.82,105,0,15,29,42,132
35190710008,69.49,0.37,8.4,37.74,54.42,1125,6,136,611,881,1619
35190710009,65.35,0,7.88,37.34,51.04,315,0,38,180,246,482
35190710010,77.31,0,8.08,36.11,52.41,593,0,62,277,402,767
35190710012,70.44,0,8.83,34.55,52.78,367,0,46,180,275,521
35190710013,77.54,0,5.35,28.88,48.66,145,0,10,54,91,187
35190710016,77.89,0,16.84,49.47,73.68,74,0,16,47,70,95
35190710018,58.33,0.72,7.61,32.79,49.46,322,4,42,181,273,552
35195010001,57.46,0,6.72,34.7,51.49,154,0,18,93,138,268
35197090001,57.04,0,7.41,28.15,43.7,77,0,10,38,59,135
35197090002,46.74,0,8.78,35.41,51.13,330,0,62,250,361,706
35197090003,49.88,1.7,8.03,37.47,52.55,205,7,33,154,216,411
35204000001,65.48,0,6.05,30.6,50.18,184,0,17,86,141,281
35204000002,64.44,0,9.44,37.22,59.44,116,0,17,67,107,180
35204000005,67.23,0,8.19,29.88,48.43,279,0,34,124,201,415
35204000006,49.66,0,7,32.68,52.87,433,0,61,285,461,872
35204000007,58.84,1.67,5.37,28.42,46.25,1445,41,132,698,1136,2456
35204000009,67.59,1.16,6.25,33.33,48.61,292,5,27,144,210,432
35204000010,76.02,0,7.6,29.82,47.37,130,0,13,51,81,171
35204000014,59.17,0.64,8.77,32.7,55.34,371,4,55,205,347,627
35204000015,64.63,0,7.93,38.41,50,106,0,13,63,82,164
35204000016,57.4,0,8.97,34.08,52.47,128,0,20,76,117,223
35204000017,71.39,2.41,5.12,36.45,53.31,237,8,17,121,177,332
35204000018,71.78,0,11.85,37.98,57.49,206,0,34,109,165,287
35204000019,69.47,0,8.91,35.88,55.22,273,0,35,141,217,393
35221090001,60.8,0,9.09,34.09,53.41,107,0,16,60,94,176
35221090002,62.15,0,7.17,31.08,48.61,156,0,18,78,122,251
35221090003,59.84,0,2.36,37.8,50.39,76,0,3,48,64,127
35222080001,60.49,0,6.61,33.3,49.12,1070,0,117,589,869,1769
35222080004,72.35,0,10.4,35.22,52.55,1023,0,147,498,743,1414
35222080008,73.08,0,7.05,32.91,48.5,342,0,33,154,227,468
35222080009,59.3,0,6.16,31.41,47.36,472,0,49,250,377,796
35222080010,71.76,0.69,11.49,41.36,58.81,831,8,133,479,681,1158
35222080011,68.55,0,7.26,24.19,42.74,85,0,9,30,53,124
35222080014,60.49,0,7.36,30.27,48.23,1159,0,141,580,924,1916
35222080015,64.38,0,3.65,25.11,40.64,141,0,8,55,89,219
35222080016,62.22,0,8,30.67,41.33,140,0,18,69,93,225
35222080017,68.49,0.16,7.37,32.63,51.75,1719,4,185,819,1299,2510
35222080018,58.43,0,12.05,36.14,54.22,97,0,20,60,90,166
35222080019,58.96,0,7.46,29.35,47.51,237,0,30,118,191,402
35222080020,60.44,0,4.76,28.21,44.32,165,0,13,77,121,273
35222080021,55.12,0,5.51,29.92,50.39,140,0,14,76,128,254
35222080022,71.61,0,8.07,34.73,49.57,497,0,56,241,344,694
35222080023,74.83,0,6.99,32.87,48.95,107,0,10,47,70,143
35222080024,67.18,0,7.05,30.4,46.7,305,0,32,138,212,454
35222080025,62.73,0.43,5.18,29.93,43.88,436,3,36,208,305,695
35222080026,77.32,0,12.64,32.71,48.7,208,0,34,88,131,269
35222080027,70.16,0,2.62,0,0,134,0,5,0,0,191
35225050001,70,0,6.67,32.12,47.88,462,0,44,212,316,660
35225050003,72.85,0,5.11,28.23,48.92,271,0,19,105,182,372
35225050005,74.83,0.3,5.84,29.87,46.02,987,4,77,394,607,1319
35225050006,82.87,0,6.64,40.91,58.04,237,0,19,117,166,286
35225050007,84.39,0,7.89,30.88,47.72,481,0,45,176,272,570
35225050008,75.23,0,7.52,29.36,44.77,410,0,41,160,244,545
35225050009,66.54,0,9.26,40.96,58.79,1064,0,148,655,940,1599
35225050010,75.89,0,14.35,43.22,63.23,1259,0,238,717,1049,1659
35225050012,70.95,0,10.26,30.64,52.46,491,0,71,212,363,692
35225050013,80.45,0,5.96,34.64,52.89,432,0,32,186,284,537
35225050014,74.04,0,5.77,34.62,52.88,231,0,18,108,165,312
35225050015,63.32,0,7.45,34.1,46.13,221,0,26,119,161,349
35225050016,89.29,0,9.44,31.57,46.79,1267,0,134,448,664,1419
35225050018,47.22,0,8.8,39.35,57.41,102,0,19,85,124,216
35225050019,49.14,0,8.11,31.7,49.88,200,0,33,129,203,407
35225050020,81.58,0,7.24,32.89,47.15,372,0,33,150,215,456
35225050021,64.72,0,9.99,33.26,53.35,609,0,94,313,502,941
35225050022,82.67,0,7.33,36,57.33,124,0,11,54,86,150
35225050026,81.32,0,10.46,32.79,49.24,801,0,103,323,485,985
35225050027,76.66,0,8.7,31.12,46.45,335,0,38,136,203,437
35231070002,67.17,0,7.29,28.74,46.21,673,0,73,288,463,1002
35231070003,69.7,0,8.71,32.63,51.55,1256,0,157,588,929,1802
35231070004,68.55,0,7.29,36.08,52.24,874,0,93,460,666,1275
35231070005,66.84,0,7.81,34.82,51.51,1413,0,165,736,1089,2114
35231070006,64.15,0.04,7.93,30.65,49.18,4322,3,534,2065,3313,6737
35231070007,66.86,0.18,7.2,34.15,52.72,3056,8,329,1561,2410,4571
35231070008,62.82,0,6.33,32.19,49.28,566,0,57,290,444,901
35231070009,65.33,0,8.67,32.6,48.71,1010,0,134,504,753,1546
35231070010,61.07,0,8.72,34.78,54.02,1603,0,229,913,1418,2625
35231070011,68.02,0,7.81,32.55,53.16,2727,0,313,1305,2131,4009
35231070012,63.95,0,6.29,29.61,48.07,447,0,44,207,336,699
35231070013,62.61,0.57,7.57,32.59,49.18,3616,33,437,1882,2840,5775
35231070014,69.53,0,8.39,32.32,52.65,1310,0,158,609,992,1884
35231070016,64.26,0,7.61,33.84,50.52,1656,0,196,872,1302,2577
35231070022,64.81,0,8.93,33.4,49.37,617,0,85,318,470,952
35231070023,68.44,0.65,10.48,40.27,54.68,2318,22,355,1364,1852,3387
35231070025,61.81,0,6.68,32.1,47.58,934,0,101,485,719,1511
35231070029,58.3,0.36,8.03,33.03,49.18,639,4,88,362,539,1096
35231070030,68.77,0,8.06,34.76,51.13,546,0,64,276,406,794
35231070031,64.54,0,6.65,31.29,49.28,495,0,51,240,378,767
35231070032,63.92,0,5.77,30.93,49.28,310,0,28,150,239,485
35231070038,63.23,0,7.17,34.44,53,705,0,80,384,591,1115
35231070039,64.21,0,8.88,36.29,52.28,253,0,35,143,206,394
35231070042,67.87,0,7.91,36.93,58.03,283,0,33,154,242,417
35231070043,64.84,0.4,8.61,33.31,54.3,806,5,107,414,675,1243
35231070044,60.81,0,7.2,27.47,43.35,498,0,59,225,355,819
35231070045,62.73,0,6.97,30.45,48.64,414,0,46,201,321,660
35231070047,71.3,0.61,8.99,36.28,53.03,2561,22,323,1303,1905,3592
35231070049,56.51,0,7.79,31.1,45.83,725,0,100,399,588,1283
35231070050,65.45,0,7.63,33.81,50.59,1502,0,175,776,1161,2295
35231070051,71.8,0,6.83,30.13,48.7,746,0,71,313,506,1039
35231070052,69.68,0,7.34,30.96,46.6,1652,0,174,734,1105,2371
35231070053,67.69,0.12,9.29,35.63,54.84,1712,3,235,901,1387,2529
35231070054,64.88,0,7.44,33.14,51.51,558,0,64,285,443,860
35231070055,59.2,0,8.53,33.71,50.87,576,0,83,328,495,973
35231070057,63.3,0,11.33,37.81,54.56,514,0,92,307,443,812
35231070058,65.47,0,7.16,34.74,50.32,311,0,34,165,239,475
35231070059,67.67,0,6.95,29.91,44.11,224,0,23,99,146,331
35231070063,57.07,0,8.63,32.85,52.76,238,0,36,137,220,417
35231070064,54.49,0.48,7.43,31.26,46.83,455,4,62,261,391,835
35231070065,75.55,0,8.15,33.8,50.3,380,0,41,170,253,503
35231070066,62.36,0,5.69,31.62,50.44,570,0,52,289,461,914
35231070067,74.07,1.28,8.22,34.15,54.56,577,10,64,266,425,779
35231070068,56.66,0,6.27,31.2,49.87,434,0,48,239,382,766
35231070070,67.45,0,11.78,40.79,60.17,630,0,110,381,562,934
35231070071,65.05,0,9,32.87,53.29,188,0,26,95,154,289
35231070073,73.76,0,5.96,31.21,51.69,371,0,30,157,260,503
35231070074,68.05,0,6.22,37.19,54.09,624,0,57,341,496,917
35231070075,68.78,0,11.71,41.95,61.46,141,0,24,86,126,205
35231070077,70.59,0,6.72,36.69,49.58,252,0,24,131,177,357
35231070080,71.95,0.72,10.24,39.71,57.01,703,7,100,388,557,977
35231070081,70.39,0,8.58,27.04,51.5,164,0,20,63,120,233
35231070082,63.81,0,8.8,35.94,56.23,261,0,36,147,230,409
35231070083,60.63,0.85,6.28,27.78,45.29,502,7,52,230,375,828
35231070084,64.31,0.67,7.72,35.15,51.53,483,5,58,264,387,751
35231070085,63.28,0,8.01,33.65,50.87,1382,0,175,735,1111,2184
35231070086,65.39,0,8.33,35.01,51.33,2968,0,378,1589,2330,4539
35231070089,66.05,0,8.59,35.58,53.37,323,0,42,174,261,489
35231070090,69.71,0,7.83,31.01,49.86,481,0,54,214,344,690
35231070093,66.84,0,7.22,27.81,44.39,250,0,27,104,166,374
35231070094,70.12,0,10.55,37.89,53.91,359,0,54,194,276,512
35231070096,59.15,0,6.54,24.84,47.71,181,0,20,76,146,306
35231070097,61.8,0.31,7.14,32.74,50.05,589,3,68,312,477,953
35231070098,67.07,1.2,9.78,34.99,53.34,391,7,57,204,311,583
35231070099,65.55,0,10.17,33.07,50.05,664,0,103,335,507,1013
35231070100,48.91,0,8.15,29.35,45.65,90,0,15,54,84,184
35231070103,46.62,0,7.14,31.58,48.12,124,0,19,84,128,266
35231070104,71.08,0,8.51,35.41,52.97,526,0,63,262,392,740
35231070105,64.67,0,10,36.67,60.67,97,0,15,55,91,150
35236020001,57.61,0,7.18,34.7,52.14,337,0,42,203,305,585
35236020002,57.56,0,9.88,26.74,38.95,99,0,17,46,67,172
35239090002,61.44,0,13.14,40.25,59.32,145,0,31,95,140,236
35239090003,67.76,0,8.77,33.99,52.85,309,0,40,155,241,456
35239090004,64.74,0,12.81,39.47,58.07,369,0,73,225,331,570
35239090005,56.74,0,10.07,37.19,52.66,682,0,121,447,633,1202
35239090006,56.36,0,8.93,32.99,52.23,164,0,26,96,152,291
35239090007,58.16,0,12.04,37.35,55.1,285,0,59,183,270,490
35244020001,53.72,0,5.64,34.54,52.6,238,0,25,153,233,443
35244020002,54.57,0,5.79,28.56,48.17,537,0,57,281,474,984
35244020004,60.32,0,14.33,42.98,62.21,640,0,152,456,660,1061
35244020006,59.38,0,8.18,35.1,53.09,1162,0,160,687,1039,1957
35244020009,68.75,0,7.99,38.19,51.04,198,0,23,110,147,288
35244020011,45.02,0,6.64,32.23,45.5,95,0,14,68,96,211
35244020016,46.05,0,5.7,31.58,45.61,105,0,13,72,104,228
35244020017,70.62,0,10.12,39.01,50.86,286,0,41,158,206,405
35244020020,42.77,0,11.11,41.51,60.8,204,0,53,198,290,477
35244020021,48.23,0,7.72,27.01,42.77,150,0,24,84,133,311
35250030001,66.11,0,7.1,31.34,49.02,1219,0,131,578,904,1844
35250030003,63.26,0,10,33.72,52.33,272,0,43,145,225,430
35250030004,81.65,0,5.2,35.47,53.82,267,0,17,116,176,327
35250030005,72.03,0,8.47,36.86,52.97,170,0,20,87,125,236
35250030006,78.04,0,13.21,43.04,60,437,0,74,241,336,560
35250030007,75,0,12.12,33.33,53.79,99,0,16,44,71,132
35250030008,64.88,0,7.52,32.4,52.23,785,0,91,392,632,1210
35250030014,64.68,0,5.53,29.79,48.94,152,0,13,70,115,235
35259040001,67.79,0.2,8.39,36.11,58.39,1010,3,125,538,870,1490
35259040005,60.04,0,7.16,32.77,49.69,2164,0,258,1181,1791,3604
35259040022,57.43,0.04,7.01,30.72,48.89,5171,4,631,2766,4402,9004
35259040023,58.1,0,16.2,40.78,57.54,104,0,29,73,103,179
35259040024,35.01,0,6.82,24.33,38.87,118,0,23,82,131,337
35259040025,60.14,0.9,7.01,32.25,50.64,798,12,93,428,672,1327
35259040027,37.04,0,5.82,28.57,46.03,70,0,11,54,87,189
35259040029,61.39,0,7.24,31.1,47.45,229,0,27,116,177,373
35259040030,60.23,0,6.75,29.41,50.13,901,0,101,440,750,1496
35272070001,59.12,0,12.29,38.73,58.24,606,0,126,397,597,1025
35273060001,61.79,0,9.35,39.02,58.13,152,0,23,96,143,246
35284030001,67.59,0,8.7,28.85,47.04,171,0,22,73,119,253
35284030002,75.55,0,10.34,43.26,58.62,241,0,33,138,187,319
35285020001,64.44,0,6.67,31.11,46.67,87,0,9,42,63,135
35285020005,65.38,0,5.77,30.13,45.19,204,0,18,94,141,312
35285020006,40.65,0,3.25,21.14,39.02,50,0,4,26,48,123
35285020007,37.4,0,6.1,22.76,38.21,92,0,15,56,94,246
35285020008,65.96,0,10.53,37.99,55.69,783,0,125,451,661,1187
35285020010,66.67,0,7.88,30.3,50.3,110,0,13,50,83,165
35285020011,51.32,0,6.62,29.14,48.34,155,0,20,88,146,302
35285020012,58.49,0.63,7.97,33.96,51.99,279,3,38,162,248,477
35285020013,61.46,0,7.32,32.2,48.29,126,0,15,66,99,205
35285020015,48.25,0,7.69,32.17,43.36,69,0,11,46,62,143
35285020017,61.14,0,12,32.57,52,107,0,21,57,91,175
35290050001,62.16,0,10.14,37.67,52.7,368,0,60,223,312,592
35290050002,58.16,0,9.93,35.46,50.35,82,0,14,50,71,141
35290050005,71.86,0,12.93,39.16,58.94,189,0,34,103,155,263
35290050006,69.39,0,8.16,34.69,52.04,136,0,16,68,102,196
35290050007,66.06,0.81,10.37,36.18,54.07,325,4,51,178,266,492
35290050008,60.59,0,8.87,33.99,55.67,123,0,18,69,113,203
35290050010,58.25,0,6.8,27.18,41.26,120,0,14,56,85,206
35290050011,55.41,0,9.46,27.93,42.79,123,0,21,62,95,222
35290050013,57.34,2.8,8.39,29.37,46.85,82,4,12,42,67,143
35290050016,73.53,0,8.82,33.82,48.53,50,0,6,23,33,68
35290050018,70.83,0,10.42,36.98,53.12,136,0,20,71,102,192
35290050019,65.22,0,0,0,0,60,0,0,0,0,92
35290050020,67.11,0,12.11,36.58,51.32,255,0,46,139,195,380
35294010001,55.53,0.74,6.81,31.91,48.72,522,7,64,300,458,940
35294010003,63.19,0.05,7.22,30.66,49.18,16459,14,1881,7987,12809,26046
35294010004,60.98,0,8.1,31.85,49.64,919,0,122,480,748,1507
35294010007,64.82,0.06,7.16,31.1,49.44,17395,15,1922,8346,13268,26835
35294010009,57.37,0,6.84,28.6,46.09,646,0,77,322,519,1126
35294010010,55.88,0,5.6,26.49,45.52,599,0,60,284,488,1072
35294010012,60.38,0,4.72,22.33,40.88,192,0,15,71,130,318
35294010013,57.85,0,4.7,27.69,41.9,468,0,38,224,339,809
35294010014,61.95,0,6.32,26.17,42.35,490,0,50,207,335,791
35294010017,56.9,0,6.13,27.97,42.53,297,0,32,146,222,522
35294010023,61.81,0.09,6.23,29.27,47.64,2093,3,211,991,1613,3386
35294010024,51.98,0,7.12,26.12,44.59,197,0,27,99,169,379
35294010025,57.39,0,6.87,26.46,43.99,167,0,20,77,128,291
35294010027,62.02,0,5.31,30.18,47.14,596,0,51,290,453,961
35294010028,60.67,0,4.03,23.36,40.67,452,0,30,174,303,745
35294010029,56.49,0,6.87,23.66,41.98,74,0,9,31,55,131
35294010030,53.53,0,5.41,25.56,42.71,356,0,36,170,284,665
35294010031,57.08,0,6.64,28.65,46.62,524,0,61,263,428,918
35294010032,56.99,0,5.64,28.39,44.05,273,0,27,136,211,479
35294010033,63.43,0.21,6.62,31.66,51.9,1216,4,127,607,995,1917
35294010034,60.75,0,4.44,25.6,43.69,178,0,13,75,128,293
35294010037,59.66,0,4.83,27.24,41.38,173,0,14,79,120,290
35294010038,59.33,0,6.31,25.42,42.79,922,0,98,395,665,1554
35294010039,63.17,0.36,6.86,29.42,48.18,2293,13,249,1068,1749,3630
35294010043,63.34,0,5.93,30.41,46.32,577,0,54,277,422,911
35294010044,67.09,0,7.64,27.71,47.98,632,0,72,261,452,942
35294010045,68.1,0.51,8.92,34.3,55.19,1076,8,141,542,872,1580
35294010046,60.93,0.05,6.9,29.06,45.73,5938,5,672,2832,4456,9745
35294010047,68.1,0,9.05,33.49,52.38,429,0,57,211,330,630
35294010048,68.48,0,9.11,34.38,50.27,1534,0,204,770,1126,2240
35294010049,62.35,0,7.48,29.77,46.86,467,0,56,223,351,749
35294010050,44.36,0,6.15,25.64,42.82,173,0,24,100,167,390
35294010051,67.21,0,10.76,36.39,54.69,1568,0,251,849,1276,2333
35294010052,63.51,0,8.11,32.45,49.41,2247,0,287,1148,1748,3538
35294010054,54.04,0,6.86,27.91,47.4,1276,0,162,659,1119,2361
35294010055,56.52,0,9.84,34.55,50.8,247,0,43,151,222,437
35294010056,64.24,0,4.68,26.72,46.88,618,0,45,257,451,962
35294010057,48.94,0,4.26,30.85,53.19,46,0,4,29,50,94
35294010058,58.95,0,5.96,28.07,48.77,168,0,17,80,139,285
35294010059,39.13,0,2.17,12.32,32.61,54,0,3,17,45,138
35294010060,56.19,0,6.4,30.76,46.43,685,0,78,375,566,1219
35294010061,57.06,0,6.47,22.35,41.18,97,0,11,38,70,170
35294010062,53.95,0,6.21,25.45,44.38,1910,0,220,901,1571,3540
35294010063,55.08,0,5.08,24.58,44.92,195,0,18,87,159,354
35294010064,42.65,0,2.94,20.59,40.44,58,0,4,28,55,136
35294010065,49.38,0,6.79,34.57,46.3,80,0,11,56,75,162
35294010066,57.58,0,4.37,22.11,37.79,224,0,17,86,147,389
35294010067,54.07,0,7.64,25.69,42.26,545,0,77,259,426,1008
35294010068,55.85,0,5.05,28.19,41.49,210,0,19,106,156,376
35294010069,53.15,0,4.08,26.22,41.72,456,0,35,225,358,858
35294010070,66.79,0,9.43,34.72,54.91,354,0,50,184,291,530
35294010071,64.27,0,7.68,32.07,51.71,527,0,63,263,424,820
35294010072,58.48,0,6.1,24.19,42.1,307,0,32,127,221,525
35294010073,52.68,0,4.46,18.75,32.14,59,0,5,21,36,112
35294010074,57.14,0,13.19,43.96,59.34,52,0,12,40,54,91
35294010076,60.99,0,7.52,29.9,46.53,308,0,38,151,235,505
35294010077,59.41,0,6.93,35.64,54.46,60,0,7,36,55,101
35294010078,60.52,0,7.27,30.13,47.88,699,0,84,348,553,1155
35294010081,57.81,0,6.25,21.88,35.16,74,0,8,28,45,128
35294010088,70.45,0,6.82,30.3,52.27,93,0,9,40,69,132
35306070001,64.32,0,8.84,35.85,51.15,757,0,104,422,602,1177
35306070002,72.2,0,9.83,42.71,57.63,213,0,29,126,170,295
35306070003,63.45,0,8.93,36.66,57.3,1208,0,170,698,1091,1904
35306070005,63.49,0.34,12.04,41.04,61.42,1318,7,250,852,1275,2076
35306070006,68.78,0,11.78,40.18,58.91,683,0,117,399,585,993
35306070007,67.51,0.19,9.06,36.63,55.31,2429,7,326,1318,1990,3598
35306070008,68.18,0,10.9,41.71,59.17,1082,0,173,662,939,1587
35306070009,83.25,0,9.69,39.53,62.83,318,0,37,151,240,382
35306070012,40.81,0,7.96,32.31,49.77,451,0,88,357,550,1105
35306070016,66.73,0,6.99,31.57,46.88,353,0,37,167,248,529
35306070017,69.48,0,8.75,38.1,54.32,715,0,90,392,559,1029
35306070018,64.01,0.77,10.54,38.05,55.53,249,3,41,148,216,389
35306070019,66.96,1.97,12.91,44.86,58.86,306,9,59,205,269,457
35306070021,67.96,0,9.51,38.03,53.52,193,0,27,108,152,284
35306070023,79.16,0,10.37,39.42,59.07,733,0,96,365,547,926
35306070024,62.68,0,10.96,40.09,58.58,566,0,99,362,529,903
35344010001,60.47,0,6.91,35.27,53.07,1716,0,196,1001,1506,2838
35344010002,59.2,0,7.25,32.03,47.97,817,0,100,442,662,1380
35344010004,69.65,0,8.17,32.23,49.81,1074,0,126,497,768,1542
35344010005,57.35,0,8.28,33.33,47.83,277,0,40,161,231,483
35344010007,58.85,0,6.73,26.92,41.73,306,0,35,140,217,520
35344010008,60.39,0,6.85,31.31,47.62,837,0,95,434,660,1386
35344010011,68.52,0,7.05,34.61,50.87,2081,0,214,1051,1545,3037
35344010014,65.54,0,7.05,31.2,47.37,985,0,106,469,712,1503
35344010016,66.97,0,8.15,31.7,46.59,657,0,80,311,457,981
35344010019,66.56,0,6.72,30.96,48.68,1288,0,130,599,942,1935
35344010021,62.89,0,5.53,31.05,48.42,478,0,42,236,368,760
35344010022,71,0,6.95,35.35,51.06,235,0,23,117,169,331
35344010029,61.26,0,6.49,27.18,44.02,302,0,32,134,217,493
35344010030,55.56,0,4.81,25.19,41.85,150,0,13,68,113,270
35344010033,57.67,0,6.13,30.37,43.87,188,0,20,99,143,326
35344010034,53.27,0,5.31,26.33,39.39,261,0,26,129,193,490
35344010035,63.87,0,6.6,30.76,46.87,571,0,59,275,419,894
35344010037,63.8,0,8.47,35.21,51.78,520,0,69,287,422,815
35344010039,66.2,0,5.42,25,39.17,1332,0,109,503,788,2012
35344010042,65.6,0,4.32,26.74,45.26,471,0,31,192,325,718
35344010044,63.72,0,6.4,33.68,49.96,806,0,81,426,632,1265
35344010045,61.15,0,6.76,27.85,46.82,606,0,67,276,464,991
35344010046,62.6,0,6.11,30.79,47.84,246,0,24,121,188,393
35344010048,74.12,0,8.47,36.24,55.76,315,0,36,154,237,425
35344010050,61.13,0,6.27,29.78,43.57,195,0,20,95,139,319
35344010051,63.61,0,6.88,29.51,48.42,222,0,24,103,169,349
35344010053,64.15,0,8.33,33.99,51.06,485,0,63,257,386,756
35344010054,70.21,0.21,5.28,27.51,44.78,1996,6,150,782,1273,2843
35344010055,64.77,0,8.14,34.66,50,342,0,43,183,264,528
35344010063,63.16,0,5.26,28.95,44.74,360,0,30,165,255,570
35344010065,77.53,0,6.52,27.87,46.97,345,0,29,124,209,445
35344010068,57.94,0,5.75,26.59,39.88,292,0,29,134,201,504
35344010070,67.81,0,7.24,27.81,48.19,356,0,38,146,253,525
35344010072,56.31,0,5.63,29.95,44.37,250,0,25,133,197,444
35344010074,60.92,0,6.88,31.48,47.17,505,0,57,261,391,829
35344010076,61.64,0,8.72,33.74,51.49,601,0,85,329,502,975
35344010078,67.14,0,8.31,36.66,55.06,2619,0,324,1430,2148,3901
35344010079,69.8,0,6.56,27.57,42.89,319,0,30,126,196,457
35344010084,73.97,0,8.95,40.18,58.26,810,0,98,440,638,1095
35344010085,71.46,0,5.79,35.73,52.3,358,0,29,179,262,501
35344010091,69.92,0.29,10.46,40.25,61.4,1190,5,178,685,1045,1702
35344010099,68.48,0.15,6.26,29,46.27,1412,3,129,598,954,2062
35344010110,62.15,0,6.4,31.88,51.38,427,0,44,219,353,687
35344010115,67.89,0,4.47,21.14,39.43,167,0,11,52,97,246
35344010122,66.78,0,7.92,36.5,52.93,2243,0,266,1226,1778,3359
35344010126,60.54,0,8.24,31.23,49.04,316,0,43,163,256,522
35344010131,62.89,0,6.67,31.63,49.27,688,0,73,346,539,1094
35344010132,65.43,0,6.68,31.68,47.96,1832,0,187,887,1343,2800
35344010135,66.36,0,7.82,32.18,53.45,365,0,43,177,294,550
35344010136,53.57,1.3,5.84,25.65,45.45,165,4,18,79,140,308
35344010137,61.11,0.35,7.57,30.26,50.12,517,3,64,256,424,846
35344010139,27.14,0,6.53,25.63,43.72,54,0,13,51,87,199
35344010141,71.65,0,9,38.7,56.36,1274,0,160,688,1002,1778
35344010142,65.3,0.17,9.63,37.68,55.77,3050,8,450,1760,2605,4671
35344010144,67.3,0.05,9.48,36.78,55.45,6852,5,965,3745,5646,10182
35344010149,69.17,0,11.78,41.11,59.27,2712,0,462,1612,2324,3921
35344010151,53.31,0,4.96,27.69,43.39,129,0,12,67,105,242
35344010152,66.54,0.61,8.3,32.97,47.62,545,5,68,270,390,819
35344010153,55.37,0,7.91,29.38,45.76,98,0,14,52,81,177
35344010154,71.93,0,14.53,48,68.07,1025,0,207,684,970,1425
35344010155,71.81,0,9.84,44.68,59.04,270,0,37,168,222,376
35344010156,61.19,0,7.84,27.61,40.67,164,0,21,74,109,268
35344010157,76.66,0,10.27,36.76,55.66,657,0,88,315,477,857
35344010158,62.82,0,8.65,37.18,50.64,196,0,27,116,158,312
35344010161,66.69,0,6.18,32.71,51.8,1003,0,93,492,779,1504
35344010163,63.59,0,4.37,29.61,43.2,131,0,9,61,89,206
35344010164,44.24,0,4.98,26.6,41.96,311,0,35,187,295,703
35344010166,63.79,0.69,11.11,36.9,59.12,465,5,81,269,431,729
35344010167,46.32,0,4.04,28.31,40.81,126,0,11,77,111,272
35344010168,62.06,0,6.85,30.2,45.18,489,0,54,238,356,788
35344010169,55.66,0,6.6,31.13,44.03,177,0,21,99,140,318
35344010170,72.14,0,9.29,37.67,54.68,1103,0,142,576,836,1529
35344010171,62.39,0,6.3,31.09,47.17,287,0,29,143,217,460
35344010173,62.71,0,6.85,29.42,49.01,1959,0,214,919,1531,3124
35344010174,70.71,0,10.82,38.06,57.84,379,0,58,204,310,536
35344010175,71.28,0,5.6,32.11,49.48,484,0,38,218,336,679
35344010176,77.56,0,7.05,21.79,33.33,121,0,11,34,52,156
35344010177,62.43,0,9.63,36.22,52.6,324,0,50,188,273,519
35344010178,60.42,0,7.65,30.29,45.44,371,0,47,186,279,614
35344010180,62.41,0,7.3,31.02,49.51,513,0,60,255,407,822
35344010181,57.29,0,5.62,25.66,41.65,326,0,32,146,237,569
35344010183,56.9,0,5.39,25.93,45.45,169,0,16,77,135,297
35344010184,69.78,0,6.34,30.04,50,374,0,34,161,268,536
35344010185,59.15,0,6.95,29.59,45.99,1771,0,208,886,1377,2994
35367030002,51.27,0,8.23,26.58,35.44,81,0,13,42,56,158
35376020002,68.95,0,10.11,40.07,56.32,191,0,28,111,156,277
35380060002,62.16,0,12.16,38.51,58.11,92,0,18,57,86,148
35387090002,68.94,0,11.49,43.4,62.98,162,0,27,102,148,235
35387090006,66.57,0,5.47,29.18,48.02,219,0,18,96,158,329
35387090013,59.04,0,11.02,33.68,52.81,284,0,53,162,254,481
35387090015,75.08,0,6.15,28.48,47.9,232,0,19,88,148,309
35387090042,78.98,0,5.68,28.41,44.89,139,0,10,50,79,176
35387090043,69.94,0,7.82,36.79,55.96,1091,0,122,574,873,1560
35387090046,77.83,0,5.66,32.55,53.3,165,0,12,69,113,212
35387090047,74.47,0,7.58,34.89,55.75,1464,0,149,686,1096,1966
35387090048,72.17,0,11.46,41.48,62.62,1089,0,173,626,945,1509
35387090049,76.83,0,10.6,38.41,62.06,978,0,135,489,790,1273
35387090050,73.36,0,9.85,37.45,59.27,380,0,51,194,307,518
35387090053,70.59,0,12.35,39.41,65.88,120,0,21,67,112,170
35387090055,60.95,0,10.48,34.29,54.29,128,0,22,72,114,210
35387090058,58.74,0,7.74,36.96,53.58,205,0,27,129,187,349
35387090059,66.29,0.38,10.01,40.05,60.84,523,3,79,316,480,789
35387090061,76.83,0,9.52,39.38,58.56,597,0,74,306,455,777
35391030001,68.78,0,8.89,37.75,58.98,379,0,49,208,325,551
35391030002,66.84,1.28,8.66,37.75,53.58,625,12,81,353,501,935
35391030003,73.99,0.22,9.87,38.03,55.05,1004,3,134,516,747,1357
35391030004,41.48,0,6.67,42.22,56.3,56,0,9,57,76,135
35398060001,64.11,0.44,7.46,34.91,48.96,584,4,68,318,446,911
35398060002,67.89,0,5.26,20.53,34.74,129,0,10,39,66,190
35398060003,58.08,0,11.36,38.13,56.31,230,0,45,151,223,396
35398060004,67.4,0,12.15,39.78,59.12,366,0,66,216,321,543
35407050001,72.2,0,10.29,39.87,58.27,891,0,127,492,719,1234
35410000004,72.27,0,10.45,39.39,57.73,477,0,69,260,381,660
35410000005,61.36,0,7.95,34.09,51.1,1728,0,224,960,1439,2816
35410000006,66.94,0,8.63,37.37,54.68,1365,0,176,762,1115,2039
35410000007,67.64,0,7.36,33.91,53.45,744,0,81,373,588,1100
35410000009,64.99,0,8.03,33.42,51.6,4290,0,530,2206,3406,6601
35410000010,69.78,0,9.72,41.39,57.46,912,0,127,541,751,1307
35410000011,65.72,0,4.24,27.92,42.76,186,0,12,79,121,283
35410000012,62.82,0,7.56,31.26,47.65,2460,0,296,1224,1866,3916
35410000013,67.93,0,8.7,37.67,55.52,898,0,115,498,734,1322
35410000014,71.69,0,10.58,41.8,60.58,542,0,80,316,458,756
35410000016,55.14,0,4.53,32.51,47.74,134,0,11,79,116,243
35410000017,67.28,0,4.78,31.62,43.01,183,0,13,86,117,272
35413070001,68.75,0,0,0,0,66,0,0,0,0,96
35433030001,68.85,0,9.03,32.87,48.13,442,0,58,211,309,642
35433030002,63.47,0,7.16,32.09,49.55,629,0,71,318,491,991
35433030003,61.81,0,6.55,30.85,46.92,623,0,66,311,473,1008
35433030004,63.92,0,8.15,31.08,49.09,1302,0,166,633,1000,2037
35434020002,68.07,0,8.12,33.61,53.22,243,0,29,120,190,357
35434020003,75.39,0,10.36,40.93,60.1,291,0,40,158,232,386
35434020005,75.95,0,11.33,37.69,57.8,657,0,98,326,500,865
35434020010,73.33,0.81,5.25,30.91,52.53,363,4,26,153,260,495
35434020011,76.4,0,11.8,41.57,62.14,1586,0,245,863,1290,2076
35434020012,70.72,0,7.98,38.02,55.13,186,0,21,100,145,263
35434020014,72.26,0,4.52,26.45,41.94,112,0,7,41,65,155
35434020015,72.08,0,9.27,39.07,58.28,653,0,84,354,528,906
35434020016,69.03,0.18,9,35.23,58.26,1166,3,152,595,984,1689
35434020018,67.58,0,8.2,30.08,48.44,173,0,21,77,124,256
35434020019,65.19,0,8.84,34.25,54.7,118,0,16,62,99,181
35434020021,72.3,1.08,11.15,41.01,57.91,201,3,31,114,161,278
35434020024,73.98,0,12.54,42.95,67.08,236,0,40,137,214,319
35434020027,71.01,0,9.66,37.37,60.53,779,0,106,410,664,1097
35434020029,75.49,0,10.78,34.31,62.75,77,0,11,35,64,102
35434020030,69.87,0,10.46,34.1,55.23,334,0,50,163,264,478
35434020032,66.47,0,9.12,33.24,55,226,0,31,113,187,340
35434020034,63.09,0,7.71,36.64,60.06,229,0,28,133,218,363
35434020035,61.86,0,8.56,34.75,53.67,1004,0,139,564,871,1623
35434020038,75.32,0,12.18,41.03,62.18,235,0,38,128,194,312
35434020040,83.59,0,10.69,35.11,53.05,219,0,28,92,139,262
35434020041,74.05,0,8.78,37.4,56.3,388,0,46,196,295,524
35434020044,78.89,0,10.56,36.67,57.78,284,0,38,132,208,360
35434020045,71.86,0,9.92,39.22,55.13,623,0,86,340,478,867
35434020046,66.79,0,9.23,35.06,52.4,181,0,25,95,142,271
35434020047,72.84,0,10.34,36.64,65.52,169,0,24,85,152,232
35434020048,78.88,0,9.57,35.64,51.49,239,0,29,108,156,303
35434020051,72.22,0,9.32,34.77,61.83,403,0,52,194,345,558
35434020052,70.02,0,9.99,34.77,55,876,0,125,435,688,1251
35434020053,76.08,0,10.94,39.57,62.85,598,0,86,311,494,786
35434020054,76.8,0,10.18,38.82,57.75,649,0,86,328,488,845
35434020055,68.97,0,8.28,37.93,57.59,200,0,24,110,167,290
35434020056,75.85,0,13.41,40.24,59.51,311,0,55,165,244,410
35434020057,73.49,0,9.45,38.85,58.01,280,0,36,148,221,381
35434020058,73.11,0,11.11,34.44,55.56,329,0,50,155,250,450
35434020059,81.31,0,9,40.83,61.94,235,0,26,118,179,289
35434020060,77.45,0,13.24,44.12,64.71,158,0,27,90,132,204
35434020061,66.67,2.78,6.25,34.72,54.17,96,4,9,50,78,144
35434020062,71.29,0,5.94,31.68,51.49,72,0,6,32,52,101
35434020063,77.34,0,11.33,41.08,61.19,273,0,40,145,216,353
35434020066,62.28,0,10.53,38.6,61.4,71,0,12,44,70,114
35434020067,64.05,0,11.57,41.32,65.29,155,0,28,100,158,242
35434020068,73.44,0,13.55,38.68,61.14,412,0,76,217,343,561
35434020070,64.73,0,6.22,29.88,50.21,156,0,15,72,121,241
35434020071,63.15,0,8.13,36.47,58.07,497,0,64,287,457,787
35434020072,32.8,0,6.4,32.8,48,41,0,8,41,60,125
35434020073,78.2,0,11.28,38.72,59.77,208,0,30,103,159,266
35439070001,67.61,0,13.38,48.59,61.27,96,0,19,69,87,142
35439070002,62.6,0,14.63,40.65,59.35,77,0,18,50,73,123
35439070003,70.82,0,14.23,39.5,57.65,199,0,40,111,162,281
35441030001,63.59,1.36,7.47,35.05,49.46,468,10,55,258,364,736
35441030004,66.12,0,4.88,30.62,41.46,244,0,18,113,153,369
35441030005,72.22,0,6.17,32.1,54.32,117,0,10,52,88,162
35441030006,52.5,0,6.91,31.26,47.5,608,0,80,362,550,1158
35441030007,59.89,0,7.22,33.42,50.27,224,0,27,125,188,374
35441030008,57.39,0,8.7,30.43,51.3,66,0,10,35,59,115
35441030009,61.33,0,5.44,25.78,42.66,1399,0,124,588,973,2281
35452090004,66.27,0,10.15,42.69,59.1,222,0,34,143,198,335
35464050001,58.19,0,7.24,37.39,54.37,579,0,72,372,541,995
35473040005,69.5,0,7.14,34.27,50.8,866,0,89,427,633,1246
35473040006,70.53,0,7.37,33.47,49.89,335,0,35,159,237,475
35473040007,59.03,0,2.78,32.64,51.39,85,0,4,47,74,144
35473040009,61.98,0,8.12,32.67,50.1,313,0,41,165,253,505
35473040010,78.04,0,7.75,36.69,57.36,302,0,30,142,222,387
35473040011,70.43,0,5.65,33.89,52.49,212,0,17,102,158,301
35473040013,71.4,0,7.19,34.93,51.03,417,0,42,204,298,584
35473040016,62.16,0,7.43,41.89,58.11,92,0,11,62,86,148
35478090001,61.82,0,6.31,30.13,50,1391,0,142,678,1125,2250
35478090002,59.84,0.24,6.18,30.19,48.84,3215,13,332,1622,2624,5373
35478090003,64.56,0,4.21,26.25,42.15,337,0,22,137,220,522
35478090005,60.42,0,7.22,29.03,46.67,1490,0,178,716,1151,2466
35478090006,50.66,0,4.38,25.86,38.33,382,0,33,195,289,754
35478090007,64.16,0,4.89,21.43,36.97,512,0,39,171,295,798
35478090009,60.11,0,4.27,25.93,41.31,211,0,15,91,145,351
35478090010,62.25,0,6.69,24.95,41.45,856,0,92,343,570,1375
35478090011,65.81,0,6.61,29.97,48.79,3167,0,318,1442,2348,4812
35478090012,55,0,5,30.41,48.51,407,0,37,225,359,740
35478090013,65.5,0,7.52,33.96,49.93,488,0,56,253,372,745
35478090015,73.1,0,4.68,27.1,43.47,375,0,24,139,223,513
35478090017,56.67,0,3.33,25.56,45,102,0,6,46,81,180
35478090021,55.63,0,6.06,26.29,41.74,1037,0,113,490,778,1864
35478090024,60.61,0,4.92,21.59,35.23,160,0,13,57,93,264
35478090026,50.19,0,7.06,27.67,44.47,263,0,37,145,233,524
35478090027,55.75,0,6.27,23.69,40.07,160,0,18,68,115,287
35478090028,63.28,0,6.25,32.03,46.88,243,0,24,123,180,384
35478090029,68.67,0.55,8.01,41.89,59.02,377,3,44,230,324,549
35478090030,53.09,0,7.46,30.49,50.32,498,0,70,286,472,938
35478090032,51.51,0,6.25,31.94,49.84,800,0,97,496,774,1553
35478090034,60.16,0,5.47,31.51,46.61,231,0,21,121,179,384
35478090035,46.17,0,5.46,23.16,37.17,313,0,37,157,252,678
35478090036,56.13,0,7.2,31.13,47.93,678,0,87,376,579,1208
35478090037,54.88,0,5.39,25.04,38.86,377,0,37,172,267,687
35478090042,66.09,0,7.5,31.72,51.09,423,0,48,203,327,640
35478090043,55.05,0,5.05,27.78,42.68,218,0,20,110,169,396
35478090050,60.93,0,5.08,27.37,43.49,276,0,23,124,197,453
35478090051,55.56,0,4.86,29.86,40.28,80,0,7,43,58,144
35478090053,62.97,0,5.7,30.22,47.94,398,0,36,191,303,632
35478090054,61.13,0.09,7.05,30.03,47.7,4269,6,492,2097,3331,6983
35478090055,57.6,0,7.13,27.95,45.59,307,0,38,149,243,533
35478090059,58.45,0,7.01,31.83,50.61,2692,0,323,1466,2331,4606
35478090061,63.77,0.13,9.08,34.56,53.58,7879,16,1122,4270,6620,12356
35478090067,59.59,0,7.9,31.88,48.94,2368,0,314,1267,1945,3974
35478090068,60.17,0,9.67,35.83,54.33,361,0,58,215,326,600
35478090069,59.8,0.21,7.91,33.45,52.31,1709,6,226,956,1495,2858
35478090070,61.25,0,5.86,26.21,44.3,596,0,57,255,431,973
35478090073,61.03,0.17,7.24,29.7,46.72,1087,3,129,529,832,1781
35478090074,69.31,0,8.9,37.74,55.93,1269,0,163,691,1024,1831
35478090078,64.14,0.17,8.04,36.53,54.97,2209,6,277,1258,1893,3444
35478090079,64.38,0.64,6.23,27.96,44.57,403,4,39,175,279,626
35478090081,66.66,0,8.76,35.15,56.09,2245,0,295,1184,1889,3368
35478090082,55.22,0,5.47,32.34,45.77,111,0,11,65,92,201
35478090083,55.03,0.24,5.15,22.85,39.82,684,3,64,284,495,1243
35478090084,58.93,0,7.59,25,40.18,132,0,17,56,90,224
35478090085,48.78,0,5.22,26.59,44.05,299,0,32,163,270,613
35478090086,66.62,0,7.14,33.74,52.57,3124,0,335,1582,2465,4689
35478090090,58.32,0,4.39,27.24,42.05,319,0,24,149,230,547
35478090095,66.12,0,11.02,41.6,57.85,240,0,40,151,210,363
35478090096,59.8,0,9.85,38.19,58.68,534,0,88,341,524,893
35478090097,53.62,0,7.73,30.92,47.83,111,0,16,64,99,207
35478090098,57.64,0,7.18,31.02,46.06,249,0,31,134,199,432
35478090099,68.64,0.63,11.15,36.38,55.33,985,9,160,522,794,1435
35478090100,73.33,0,12,38.67,54,220,0,36,116,162,300
35478090101,73.81,0,11.87,38.92,63.04,603,0,97,318,515,817
35478090102,62.67,0,8.51,33.46,50.1,324,0,44,173,259,517
35478090104,65.7,0,5.23,29.65,48.26,113,0,9,51,83,172
35478090105,72.72,0,8.7,35.5,55.51,1981,0,237,967,1512,2724
35478090106,61.09,0,9.45,36,54.55,168,0,26,99,150,275
35478090107,58.56,0,6.31,31.53,51.35,130,0,14,70,114,222
35478090108,65.52,0,6.9,40.89,50.74,133,0,14,83,103,203
35478090110,52.69,0.39,6.7,27.2,43.36,401,3,51,207,330,761
35478090111,71.18,0,12.39,44.79,63.2,793,0,138,499,704,1114
35478090112,67.45,0,5.87,27.86,50.15,230,0,20,95,171,341
35478090113,70.66,0,7.08,36.42,55.92,489,0,49,252,387,692
35478090117,55.23,0,5.81,33.72,52.91,190,0,20,116,182,344
35478090118,57.22,0,5.51,26.51,43.83,218,0,21,101,167,381
35478090119,52.78,0,6.67,27.41,44.07,285,0,36,148,238,540
35478090120,66.82,0,6.64,35.03,52.01,433,0,43,227,337,648
35478090121,66.51,0,6.17,28.54,45.83,550,0,51,236,379,827
35478090122,57.28,0,6.57,23.94,44.13,122,0,14,51,94,213
35478090125,66.49,0,8.76,33.25,53.09,258,0,34,129,206,388
35478090126,67.96,0,7.73,32.6,51.38,123,0,14,59,93,181
35478090127,65.17,0,8.43,39.33,52.81,116,0,15,70,94,178
35478090128,54.62,0,5.88,31.09,47.06,65,0,7,37,56,119
35485000001,62.54,0,6.58,30.43,46.51,1416,0,149,689,1053,2264
35485000002,62.9,0,8.01,31.62,50.29,4625,0,589,2325,3698,7353
35485000003,62.43,0,6.44,29.34,44.54,1745,0,180,820,1245,2795
35485000004,68.29,0,7.81,35.13,51.34,1600,0,183,823,1203,2343
35485000017,59.61,0,7.66,32.56,50.21,996,0,128,544,839,1671
35485000019,68.44,0,9.15,38.07,56.43,1219,0,163,678,1005,1781
35485000024,61.69,0,8.6,30.78,48.52,459,0,64,229,361,744
35485000026,61.4,0,10.28,38.85,56.14,245,0,41,155,224,399
35485000030,56.49,0,5.75,27.3,43.48,1798,0,183,869,1384,3183
35485000031,67.77,0,8.68,35.12,54.55,164,0,21,85,132,242
35485000032,59.09,0,4.67,27.53,41.79,468,0,37,218,331,792
35485000033,61.99,0,4.94,26.74,39.87,1166,0,93,503,750,1881
35485000034,61.5,0.13,5.37,28.7,42.87,1888,4,165,881,1316,3070
35485000035,59.25,0,4.7,25.33,39.38,1172,0,93,501,779,1978
35485000036,54.17,0,8.04,32.44,49.7,182,0,27,109,167,336
35485000037,57.53,0.42,7.08,29.42,46.08,829,6,102,424,664,1441
35485000038,59.88,0,4.32,34.57,42.59,97,0,7,56,69,162
35485000039,59.87,0,5.02,27.09,45.48,179,0,15,81,136,299
35485000040,53.8,0,3.8,26.63,36.41,99,0,7,49,67,184
35485000041,46.49,0,4.86,23.78,44.32,86,0,9,44,82,185
35485000043,49.3,0,5.59,22.55,39.69,282,0,32,129,227,572
35485000044,56.5,0,4.26,27.58,39.24,252,0,19,123,175,446
35485000045,44.58,0,4.58,30,43.75,107,0,11,72,105,240
35485000047,61.61,0,5.8,27.23,46.88,138,0,13,61,105,224
35485000048,57.72,0,8.13,22.76,43.09,71,0,10,28,53,123
35485000049,53.68,0,8.09,28.68,47.06,73,0,11,39,64,136
35485000050,66.44,0,4.79,31.51,41.1,97,0,7,46,60,146
35485000051,57.62,0,5.3,33.11,46.36,87,0,8,50,70,151
35485000052,64.42,0,7.98,30.67,50.31,105,0,13,50,82,163
35485000053,68.98,0,5.11,29.56,43.43,189,0,14,81,119,274
35485000054,58.26,0,6.22,27,42.98,328,0,35,152,242,563
35485000055,51.28,0,5.98,23.93,41.03,60,0,7,28,48,117
35485000056,48.5,0,5.7,27.33,41.49,630,0,74,355,539,1299
35485000057,40.18,0,0,0,0,45,0,0,0,0,112
35485000058,31.71,0,4.27,20.12,34.15,52,0,7,33,56,164
35485000059,43.32,0,5.34,27,38.58,146,0,18,91,130,337
35485000061,67.23,0,7.95,37.69,53.98,355,0,42,199,285,528
35485000063,57.8,0,9.04,33.03,48.62,441,0,69,252,371,763
35485000064,59.01,0,6.52,28.47,45.45,344,0,38,166,265,583
35485000065,65.98,0.23,8.91,38.15,56.34,1451,5,196,839,1239,2199
35485000066,68.04,0,6.53,27.84,49.83,198,0,19,81,145,291
35485000067,61.38,0,6.65,40.15,55.75,240,0,26,157,218,391
35485000068,51.22,0,7.02,29.64,45.26,1263,0,173,731,1116,2466
35485000069,57.34,0,6.58,32.21,48.4,340,0,39,191,287,593
35485000070,55.9,0,4.35,23.6,34.16,90,0,7,38,55,161
35485000072,51.28,0,10.26,35.9,55.56,60,0,12,42,65,117
35487080001,58.2,0.14,5.94,27.5,44,3310,8,338,1564,2502,5687
35487080002,66.62,0.06,6.12,25.77,43.62,5491,5,504,2124,3595,8242
35487080003,55.7,0.54,6.11,25.41,42.9,1870,18,205,853,1440,3357
35487080005,61.52,0,4.24,26.06,43.33,203,0,14,86,143,330
35487080010,60.54,0,6.86,28.34,46.24,724,0,82,339,553,1196
35487080011,53.62,0,5.12,24.82,42.12,1361,0,130,630,1069,2538
35487080012,58.31,0,6.1,28.47,47.55,1204,0,126,588,982,2065
35487080013,63.68,0,5.96,27.73,46.6,2972,0,278,1294,2175,4667
35487080014,57.1,0,4.03,23.55,40.16,354,0,25,146,249,620
35487080017,56.13,0,6.32,26.93,47.35,888,0,100,426,749,1582
35487080020,58.42,0,5.86,26.94,43.88,1676,0,168,773,1259,2869
35487080025,52.48,2.09,6.53,26.89,44.65,201,8,25,103,171,383
35487080028,69.13,0,6.86,33.53,52.66,806,0,80,391,614,1166
35487080029,56.1,0,5.18,28.66,48.48,184,0,17,94,159,328
35487080034,65.38,0,5.32,25.02,44.34,1069,0,87,409,725,1635
35487080037,67.18,0.18,5.69,29.11,48.07,3423,9,290,1483,2449,5095
35487080038,63.92,0.17,5.27,25.32,43.63,3689,10,304,1461,2518,5771
35487080039,57.57,0,7.37,29.88,48.51,890,0,114,462,750,1546
35487080040,63.02,0.16,6.16,28.29,46.5,3467,9,339,1556,2558,5501
35487080041,61.37,0.08,6.67,29.99,48.77,2971,4,323,1452,2361,4841
35487080042,54.1,0,6.89,28.85,48.85,165,0,21,88,149,305
35487080043,59.12,0.06,6.06,28.88,47.27,3198,3,328,1562,2557,5409
35487080045,62.97,0,7.07,31.12,50.4,3151,0,354,1557,2522,5004
35487080046,63.57,0.23,6.8,32.96,49.89,841,3,90,436,660,1323
35487080047,63.54,0,8.44,34.39,50.64,399,0,53,216,318,628
35487080048,44.84,0,4.98,26.33,43.53,378,0,42,222,367,843
35487080049,57.25,0,5.59,25.67,40.6,533,0,52,239,378,931
35487080050,63.15,0,4.77,27.94,44.8,1112,0,84,492,789,1761
35487080052,63.05,0,8.14,34.13,52.32,1805,0,233,977,1498,2863
35487080053,55.23,0,5.43,29.46,46.9,285,0,28,152,242,516
35487080057,57.01,1.08,6.47,27.54,42.16,476,9,54,230,352,835
35487080059,44.51,0,3.02,20.88,41.76,162,0,11,76,152,364
35487080061,64.98,0,3.62,27.54,42.75,269,0,15,114,177,414
35487080062,67.74,0,1.94,21.29,38.06,105,0,3,33,59,155
35487080063,60,0,6.67,0,0,54,0,6,0,0,90
35487080064,64.49,0.28,7.36,29.25,44.16,701,3,80,318,480,1087
35487080068,63.08,0,6.38,28.41,43.93,504,0,51,227,351,799
35487080069,60.22,0,5.82,28.8,46.2,1491,0,144,713,1144,2476
35487080070,58.93,0.01,6.13,27.09,45.47,16776,4,1744,7712,12944,28466
35487080071,64.69,0,7.92,28,43.31,841,0,103,364,563,1300
35487080075,56.75,0.48,4.58,25.66,41.93,471,4,38,213,348,830
35487080076,56.15,0,6.15,29.76,44.44,283,0,31,150,224,504
35487080077,40.85,0,3.83,23.83,34.47,96,0,9,56,81,235
35487080078,58.56,0.25,5.93,28.33,44.42,1848,8,187,894,1402,3156
35487080079,59.69,0.68,6.08,29.51,46.29,619,7,63,306,480,1037
35487080080,61.4,0.68,5.47,26.47,42.36,719,8,64,310,496,1171
35487080082,56.16,0,5.05,22.63,40.4,278,0,25,112,200,495
35487080083,59.16,0,5.41,26.73,44.44,197,0,18,89,148,333
35487080085,66.87,0,11.11,41.19,57.72,987,0,164,608,852,1476
35487080086,60.82,0,7.22,21.65,37.11,59,0,7,21,36,97
35487080087,53.19,0,6.12,31.12,45.74,200,0,23,117,172,376
35487080090,52.69,0,0,0,0,49,0,0,0,0,93
35487080092,62.12,0,9.03,36.59,52.35,674,0,98,397,568,1085
35487080093,66.23,0,6.73,33.64,51.06,502,0,51,255,387,758
35487080094,65.88,0,7.09,30.97,45.93,251,0,27,118,175,381
35487080095,65.19,0,7.21,35.97,54.38,1013,0,112,559,845,1554
35487080096,67.88,0,9.97,38.2,55.75,1505,0,221,847,1236,2217
35487080097,61.05,0.27,5.89,30.4,48.59,2299,10,222,1145,1830,3766
35487080098,59.78,0,6.13,31.47,47.61,663,0,68,349,528,1109
35487080099,54.43,0,4.28,25.99,45.26,178,0,14,85,148,327
35487080100,50,0.88,6.39,29.3,44.49,227,4,29,133,202,454
35487080101,64.54,0,8.27,29.08,49.88,273,0,35,123,211,423
35487080102,64.48,0,6.94,35.71,51.59,325,0,35,180,260,504
35487080103,43.5,0,6.1,23.98,36.18,107,0,15,59,89,246
35487080104,51.33,0,6,26.33,46.33,154,0,18,79,139,300
35487080107,57.98,0,4.97,25.04,40.99,338,0,29,146,239,583
35487080108,57.38,0,7.38,31.97,47.95,140,0,18,78,117,244
35487080109,60.66,0,7.65,27.6,45.36,222,0,28,101,166,366
35487080110,68.85,0,8.08,36.15,56.73,358,0,42,188,295,520
35487080111,52.29,0,6.87,27.86,45.42,137,0,18,73,119,262
35487080112,53.49,0,6.05,26.05,44.19,230,0,26,112,190,430
35487080113,58.99,0,6.31,27.34,45.53,561,0,60,260,433,951
35487080114,62.37,0,7.3,29.21,48.58,1230,0,144,576,958,1972
35487080115,68.71,0,5.65,30.82,50.43,876,0,72,393,643,1275
35487080116,64.99,0,6.67,32.55,50,555,0,57,278,427,854
35487080117,46.59,0,6.01,27.44,43.67,287,0,37,169,269,616
35487080118,54.48,0,8.25,33,52.63,383,0,58,232,370,703
35487080119,63.78,0,9.45,26.77,50.39,162,0,24,68,128,254
35487080120,59.13,0,11.54,32.69,49.52,123,0,24,68,103,208
35487080121,60.92,0,7.3,30.04,49.59,2371,0,284,1169,1930,3892
35487080122,49.45,0,6.48,25.72,41.67,496,0,65,258,418,1003
35487080123,61.48,0,6.03,26.9,46.03,704,0,69,308,527,1145
35487080124,68.84,0,5.03,43.22,57.29,137,0,10,86,114,199
35487080127,45.85,0,5.12,30.49,41.71,188,0,21,125,171,410
35487080129,66.11,0,4.65,30.23,47.84,199,0,14,91,144,301
35487080130,61.99,0,7.95,33.96,51.52,491,0,63,269,408,792
35487080131,58.9,0,6.85,0,0,43,0,5,0,0,73
35487080132,67.52,0,3.18,31.85,49.68,106,0,5,50,78,157
35487080133,65.8,0,6,26.42,45.38,406,0,37,163,280,617
35487080134,49.88,0,4.44,20.99,38.02,202,0,18,85,154,405
35487080135,54.99,0.77,6.37,25.91,44.13,501,7,58,236,402,911
35487080137,57.81,0,5.07,29.51,46.6,433,0,38,221,349,749
35487080138,42.62,0,3.8,29.11,39.24,101,0,9,69,93,237
35487080139,51.74,0,8.96,30.35,50.75,104,0,18,61,102,201
35489060001,NA,NA,NA,NA,NA,0,0,0,0,0,0
35489060002,78.11,0,18.45,45.92,67.38,182,0,43,107,157,233
35489060003,58.33,0,11.11,42.22,58.33,105,0,20,76,105,180
35489060004,72.46,0,9.42,42.03,55.07,100,0,13,58,76,138
35489060005,68.75,0,14.29,38.39,59.82,77,0,16,43,67,112
35499040010,62.53,0,8.61,34.18,54.18,247,0,34,135,214,395
35499040016,64.74,0,10.22,41.23,59.28,380,0,60,242,348,587
35499040018,59.93,0,7.35,27.57,45.59,163,0,20,75,124,272
35499040020,41.73,0,8.66,32.28,47.24,53,0,11,41,60,127
35499040021,58.62,0,14.37,39.66,66.09,102,0,25,69,115,174
35499040024,59.1,0,7.21,30.59,51.77,1049,0,128,543,919,1775
35499040025,58.18,0,7.27,27.11,41.16,352,0,44,164,249,605
35499040026,49.78,0,9.52,25.97,42.86,115,0,22,60,99,231
35499040027,55.63,0,7.28,31.13,44.7,168,0,22,94,135,302
35499040028,62.14,0,11.73,38.82,54.91,842,0,159,526,744,1355
35499040029,68.7,1.16,13.91,41.45,63.77,237,4,48,143,220,345
35499040034,52.58,0,11.25,41.34,57.45,173,0,37,136,189,329
35503080005,67.44,0,5.59,29.16,44.71,555,0,46,240,368,823
35503080007,73.42,0,7.13,29,45.22,638,0,62,252,393,869
35503080009,67.8,0,7.88,28.91,48.06,680,0,79,290,482,1003
35503080010,66.41,0,7.52,32.82,51.69,609,0,69,301,474,917
35503080011,58.64,0.24,6.97,31.9,50.27,1717,7,204,934,1472,2928
35503080012,60.84,0.09,7.41,30.21,50.36,33815,52,4118,16793,27991,55583
35503080015,67.61,0,8.46,35.85,55.01,1390,0,174,737,1131,2056
35503080017,71.15,0,9.07,35.16,56.59,518,0,66,256,412,728
35503080019,66.5,0,4.34,28.5,42.67,812,0,53,348,521,1221
35503080020,70.11,0,5.69,27.58,40.6,727,0,59,286,421,1037
35503080021,61.96,0,8.2,37.59,52.95,839,0,111,509,717,1354
35503080022,62.4,0,7.81,33.97,49.89,823,0,103,448,658,1319
35503080023,70.58,0,7.97,33,53.25,770,0,87,360,581,1091
35503080024,52.87,0,6.26,30.09,48.17,304,0,36,173,277,575
35503080026,65.38,0,8.43,33.51,54.22,2536,0,327,1300,2103,3879
35503080029,61.85,0,8.41,33.76,54.46,971,0,132,530,855,1570
35503080030,66.2,0,6.57,31.46,47.89,141,0,14,67,102,213
35503080034,66.01,0.09,7.02,30.78,49.23,2305,3,245,1075,1719,3492
35503080035,62.13,0,7.46,33.49,51.96,666,0,80,359,557,1072
35503080036,69.34,0.07,8.77,36.56,55.02,3177,3,402,1675,2521,4582
35503080037,62.41,0.39,9.01,36.02,54.74,797,5,115,460,699,1277
35503080038,69.33,0,7.41,34.34,51.81,2378,0,254,1178,1777,3430
35503080039,59.43,0,6.96,30.66,49.17,504,0,59,260,417,848
35503080040,65.71,0,7.59,29.31,50.06,1688,0,195,753,1286,2569
35503080041,68.46,0,8.29,34.31,52.36,421,0,51,211,322,615
35503080042,67.49,0,7.49,28.69,47.87,901,0,100,383,639,1335
35503080043,62.97,0,7.76,32.65,51.83,4064,0,501,2107,3345,6454
35503080044,66.16,0,9.31,32.32,49.92,391,0,55,191,295,591
35503080049,67.49,0.58,8.07,34.62,52.75,577,5,69,296,451,855
35503080052,69.59,0,7.53,33.03,54.22,453,0,49,215,353,651
35503080054,66.86,0.29,7.38,32.09,46.46,698,3,77,335,485,1044
35503080057,50.15,0,9.11,30.79,47.53,842,0,153,517,798,1679
35503080058,52.05,0,5.73,28.64,46.32,318,0,35,175,283,611
35503080059,59.24,0,7.31,30.94,53.28,965,0,119,504,868,1629
35503080060,68.89,0.18,7.1,30.08,47.47,1145,3,118,500,789,1662
35503080064,65.2,0,7.75,31.91,51.67,429,0,51,210,340,658
35503080067,62.93,0,6.71,33.57,51.6,1256,0,134,670,1030,1996
35503080068,60.39,0,5.54,31.02,45.98,436,0,40,224,332,722
35503080069,67.39,0,6.04,31.84,51.42,781,0,70,369,596,1159
35503080070,65.62,1.2,6.25,31.73,48.8,273,5,26,132,203,416
35503080073,70.43,0,7.27,32.41,51.78,891,0,92,410,655,1265
35503080075,67.5,0,5.54,28.11,44.59,999,0,82,416,660,1480
35503080076,63.77,0.21,6.38,27.58,45.09,1540,5,154,666,1089,2415
35503080080,71.65,0,8.01,31.86,52.75,796,0,89,354,586,1111
35503080081,60.59,0,4.1,26.65,44.65,266,0,18,117,196,439
35503080082,65.33,0,4.57,25.14,43.05,343,0,24,132,226,525
35503080085,73.32,0,7.01,30.73,48.25,272,0,26,114,179,371
35503080086,68.59,0,5.63,27.78,46.31,548,0,45,222,370,799
35503080088,69.95,0,7.48,32.48,50.96,1094,0,117,508,797,1564
35503080089,64.46,1.23,5.88,32.6,51.72,263,5,24,133,211,408
35503080090,72.22,0,6.41,29.49,48.72,169,0,15,69,114,234
35503080095,67.44,0.37,7.88,37.21,53.44,1276,7,149,704,1011,1892
35503080096,50.07,0,5.95,30.81,45.47,741,0,88,456,673,1480
35503080097,63.23,0,7.74,30.75,50.61,882,0,108,429,706,1395
35503080098,64.62,0,6.43,32.77,51.91,422,0,42,214,339,653
35503080099,65.95,0,7.23,32.36,49.95,1871,0,205,918,1417,2837
35503080100,74.78,0,6.23,31.16,49.26,252,0,21,105,166,337
35503080102,69.95,0,4.68,20.2,32.27,284,0,19,82,131,406
35503080103,67.88,0,6.33,31.87,47.2,279,0,26,131,194,411
35503080105,62.57,0,6.95,20.32,32.09,117,0,13,38,60,187
35503080106,57.21,0,7.93,34.13,50.24,238,0,33,142,209,416
35503080107,72.31,0,12.05,41.37,59.28,222,0,37,127,182,307
35503080108,59.54,0,6.4,28.07,43.32,437,0,47,206,318,734
35503080110,65.6,0,5.96,26.61,45.64,286,0,26,116,199,436
35503080111,62.08,0,6.65,33.69,49.24,411,0,44,223,326,662
35503080112,77.29,0,11.38,30.01,45.42,1535,0,226,596,902,1986
35503080113,71.24,0,5.36,25.75,38.82,545,0,41,197,297,765
35503080116,53.68,0,5.88,25,39.71,73,0,8,34,54,136
35503080117,68.01,0,6.94,35.57,51.23,304,0,31,159,229,447
35503080118,70.14,0,5.12,28.5,45.22,411,0,30,167,265,586
35503080119,69.12,0.31,4.19,23.93,39.98,676,3,41,234,391,978
35503080120,76.3,0,5.82,29.73,48.86,367,0,28,143,235,481
35503080121,64.14,0,6.46,33.76,51.37,397,0,40,209,318,619
35503080122,63.8,0,7.09,28.04,46.94,1718,0,191,755,1264,2693
35503080123,65.77,0,6.85,30.2,44.7,490,0,51,225,333,745
35503080125,74.01,0,7.19,28.54,45.01,319,0,31,123,194,431
35503080127,65.51,0,5.38,27.02,45.24,1438,0,118,593,993,2195
35503080129,63.44,0.81,7.53,27.15,44.35,236,3,28,101,165,372
35503080130,62.56,0,6.15,23.08,44.87,244,0,24,90,175,390
35503080134,50.84,0,5.73,29.12,45.35,213,0,24,122,190,419
35503080135,66.65,0,7.34,31.59,47.67,1289,0,142,611,922,1934
35503080136,64.43,0,6.14,29.05,46.6,672,0,64,303,486,1043
35503080138,61.15,0,3.85,25.38,38.85,159,0,10,66,101,260
35503080143,69.76,0,7.19,29.04,45.51,233,0,24,97,152,334
35503080144,72.25,0,7.84,32.71,50.32,1005,0,109,455,700,1391
35503080147,63.46,0,8.24,32.69,51.96,955,0,124,492,782,1505
35503080148,65.96,0,6.13,30.37,46.42,1151,0,107,530,810,1745
35503080150,68.4,0,8.18,30.17,47.18,619,0,74,273,427,905
35503080152,60.07,0,7.47,27.26,47.57,346,0,43,157,274,576
35503080153,64.38,0,5.18,24.92,46.32,385,0,31,149,277,598
35503080156,57.53,0,6.16,26.26,42.92,252,0,27,115,188,438
35503080158,70.51,0,7.77,34.46,50.48,880,0,97,430,630,1248
35503080163,61.82,0,5.31,26.99,43.02,536,0,46,234,373,867
35503080165,64.07,0,9.72,35.04,52.05,501,0,76,274,407,782
35503080166,63.2,0.12,7.72,31.17,49.16,1539,3,188,759,1197,2435
35503080169,62.77,0,8.09,29.32,50.18,349,0,45,163,279,556
35503080171,65.22,0,5.91,28.95,42.6,784,0,71,348,512,1202
35503080172,68.01,0,7.66,31.99,52.3,355,0,40,167,273,522
35503080175,60.21,0,7.15,28.38,45.14,1869,0,222,881,1401,3104
35503080176,59.33,0.19,6.56,32.59,50.86,932,3,103,512,799,1571
35503080178,68.89,0,7.24,30.97,46.24,952,0,100,428,639,1382
35503080179,58.85,0,6.54,29.45,45.56,1107,0,123,554,857,1881
35503080180,66.85,0,5.96,29.98,48.79,359,0,32,161,262,537
35503080182,70.31,0,7.01,32.33,50.05,1333,0,133,613,949,1896
35503080184,63.46,0,10.76,32.58,53.82,224,0,38,115,190,353
35503080185,20,0,5.43,30.87,42.61,92,0,25,142,196,460
35503080186,56.87,0,6.02,29.65,45.91,633,0,67,330,511,1113
35503080188,69.5,0,7.88,33.55,51.72,1094,0,124,528,814,1574
35503080190,73.04,0,6.9,34.4,52.68,1227,0,116,578,885,1680
35503080191,69.16,0,6.44,27.85,44.07,601,0,56,242,383,869
35503080194,66.12,0.66,7.67,35.28,53.09,802,8,93,428,644,1213
35503080197,64.13,0,5.75,27.34,44.76,692,0,62,295,483,1079
35503080198,68.31,0,5.96,28.15,45.95,733,0,64,302,493,1073
35503080199,65.06,0,7.06,34.99,53.04,1337,0,145,719,1090,2055
35503080200,61.59,0,5.65,27.34,44.52,534,0,49,237,386,867
35503080203,60.72,0.12,8.11,30.15,48.63,1968,4,263,977,1576,3241
35503080204,61.82,0.1,7.26,32.95,52.11,2445,4,287,1303,2061,3955
35503080207,64.04,0,5.66,27.84,47.68,1120,0,99,487,834,1749
35503080209,70.68,0,7.94,32.68,52.36,3525,0,396,1630,2611,4987
35503080210,68.74,0,6.39,30.55,47.42,387,0,36,172,267,563
35503080212,65.18,0,4.45,28.63,43.91,337,0,23,148,227,517
35503080213,56.16,0,6.07,29.43,49.57,1185,0,128,621,1046,2110
35503080215,56.17,0,6.89,28.92,44.51,742,0,91,382,588,1321
35503080218,66.09,0,7.05,31.2,48.69,1341,0,143,633,988,2029
35503080225,73.81,0.22,8.48,37.02,57.98,1697,5,195,851,1333,2299
35503080231,65.65,0,6.59,28.23,46.43,707,0,71,304,500,1077
35503080234,64.97,0,7.67,31.49,51.25,881,0,104,427,695,1356
35503080235,65,0,7.12,28.85,47.6,676,0,74,300,495,1040
35503080237,65.54,0,6.12,25.98,43.62,1468,0,137,582,977,2240
35503080238,68.31,0,6.56,32.9,47.43,677,0,65,326,470,991
35503080240,64.95,0.08,8.2,34.98,56.27,6053,7,764,3260,5244,9319
35503080241,69.46,0,6.38,30.68,50.1,2067,0,190,913,1491,2976
35503080248,66.75,0,7.01,37.14,53.77,257,0,27,143,207,385
35503080249,67.05,0.66,5.46,26.99,46.03,405,4,33,163,278,604
35503080251,67.68,0,8.27,33.52,51.33,1809,0,221,896,1372,2673
35503080253,64.2,0,6.21,27.85,46.48,703,0,68,305,509,1095
35503080257,70.75,0,11.26,38.74,59.05,641,0,102,351,535,906
35503080259,58.9,0,5.07,28.94,46.02,407,0,35,200,318,691
35503080260,61.79,0,5.94,29.08,46.01,1124,0,108,529,837,1819
35503080263,62.29,0,8.11,31.89,45.94,545,0,71,279,402,875
35503080264,70.35,0,5.53,27.89,46.73,280,0,22,111,186,398
35503080265,70.16,0,3.47,18.7,35.22,769,0,38,205,386,1096
35503080266,70.56,0,4.84,25.55,42.71,1196,0,82,433,724,1695
35503080267,67.8,0,5.57,27.24,46.44,219,0,18,88,150,323
35503080268,70.16,0,4.8,27,42.27,395,0,27,152,238,563
35503080271,62.57,0,7.35,28.41,46.9,707,0,83,321,530,1130
35503080272,64.93,0,6.36,31.5,47.59,674,0,66,327,494,1038
35503080273,65.48,0,6.69,28.72,46.03,734,0,75,322,516,1121
35503080276,69.24,0,7.99,33.77,53.95,1630,0,188,795,1270,2354
35503080277,65.18,0,7,31.79,47.97,689,0,74,336,507,1057
35503080278,68.94,0,6.12,26.82,43.76,293,0,26,114,186,425
35503080280,64.88,0,5.19,22.84,40.48,375,0,30,132,234,578
35503080281,68.78,0.17,6.69,28.33,47.46,5110,13,497,2105,3526,7430
35503080284,69.61,0,7.32,31.02,49.61,884,0,93,394,630,1270
35503080288,64.58,0,7.88,30.62,49.46,713,0,87,338,546,1104
35503080296,66.78,0,8,33.88,53.84,1904,0,228,966,1535,2851
35503080298,62.43,0,8.39,33.89,50.48,1577,0,212,856,1275,2526
35503080300,62.57,0,8.29,31.57,49,438,0,58,221,343,700
35503080301,81.72,0,6.45,30.47,46.24,228,0,18,85,129,279
35503080302,60.7,0,5.28,29.19,45.41,655,0,57,315,490,1079
35503080303,69.09,0.45,7.18,29.63,51.16,5513,36,573,2364,4082,7979
35503080307,68.95,0,5.56,29.74,47.88,422,0,34,182,293,612
35503080309,65.62,0.72,6.07,29.61,45.06,1363,15,126,615,936,2077
35503080311,69.12,0,6.46,28.73,45.24,385,0,36,160,252,557
35503080312,61.31,0,6.36,28.23,45.04,569,0,59,262,418,928
35503080313,69.76,0,7.82,33.32,52.6,2605,0,292,1244,1964,3734
35503080314,60.62,0,7.77,28.5,42.49,117,0,15,55,82,193
35503080316,63.22,1.22,8.21,27.96,49.24,208,4,27,92,162,329
35503080317,72.66,0,7.83,32.41,48.69,473,0,51,211,317,651
35503080318,73.33,0,7.25,33.68,54.2,1265,0,125,581,935,1725
35503080321,63.54,0,5.82,29.49,48.61,502,0,46,233,384,790
35503080322,66.23,0,6.75,30.11,47.44,814,0,83,370,583,1229
35503080324,76.17,0,7.13,34.4,53.81,310,0,29,140,219,407
35503080325,67.84,0,7.05,35.24,52.86,154,0,16,80,120,227
35503080326,69.72,0.16,7.53,26.66,49.12,1695,4,183,648,1194,2431
35503080328,62.56,0.2,6.8,31.6,48.9,3439,11,374,1737,2688,5497
35503080334,68.78,0.29,7.43,32.13,52.77,1203,5,130,562,923,1749
35503080336,69.6,0.07,6.52,29.93,47.93,2977,3,279,1280,2050,4277
35503080338,67.11,0.14,8,31.37,51.81,12225,25,1457,5714,9439,18217
35503080339,62.93,0,4.76,26.87,43.54,185,0,14,79,128,294
35503080341,73.4,0,5.85,29.64,47.27,941,0,75,380,606,1282
35503080344,74.19,0,12.2,41.26,58.84,730,0,120,406,579,984
35503080345,61.76,0,6.31,35.56,51.24,323,0,33,186,268,523
35503080347,63.03,0,5.5,25.78,41.83,687,0,60,281,456,1090
35503080349,64.05,0,6.66,30.47,46.72,1404,0,146,668,1024,2192
35503080350,58.96,0,4.16,25.71,41.3,227,0,16,99,159,385
35503080352,70.08,0.23,6,30.37,47.38,923,3,79,400,624,1317
35503080355,69.88,0,6.66,32.77,52.08,1448,0,138,679,1079,2072
35503080356,66.06,0,5.76,30.73,46.99,1812,0,158,843,1289,2743
35503080357,65.54,0,6.76,29.78,50.07,504,0,52,229,385,769
35503080362,68.74,0.08,7.14,31.48,50.41,8188,10,850,3750,6004,11911
35503080363,73.49,0,4.46,24.93,39.9,280,0,17,95,152,381
35503080365,59.34,0,3.61,24.92,38.36,362,0,22,152,234,610
35503080366,67.87,0,3.19,22.98,34.89,319,0,15,108,164,470
35503080367,60.58,0.19,6.68,30.69,48.53,3745,12,413,1897,3000,6182
35503080370,65.99,0,6.5,25.88,40.38,487,0,48,191,298,738
35503080371,67.16,0,6.62,28.19,51.72,274,0,27,115,211,408
35503080372,71.89,0,7.03,31.84,50.89,849,0,83,376,601,1181
35503080375,63.71,0,6.64,29.4,47.08,1027,0,107,474,759,1612
35503080376,70.03,0.12,6.78,31.47,48.67,4853,8,470,2181,3373,6930
35503080377,61.35,0.3,6.77,30.48,48.11,616,3,68,306,483,1004
35503080381,60.71,0,6.18,27.92,45.36,550,0,56,253,411,906
35503080382,57.51,0,4.76,24.91,38.1,157,0,13,68,104,273
35503080383,69.37,0.18,6.31,29.95,48.59,2747,7,250,1186,1924,3960
35503080384,67.75,0,6.49,33.55,51.08,313,0,30,155,236,462
35503080386,67.09,0,6.93,27.64,43.78,852,0,88,351,556,1270
35503080387,70.76,0.24,7.55,31.28,50.33,1181,4,126,522,840,1669
35503080388,68.76,0,5.77,26.51,45.32,1323,0,111,510,872,1924
35503080390,71.51,0,5.72,28.58,46.19,788,0,63,315,509,1102
35503080392,67.23,0,6.35,30.47,49.86,995,0,94,451,738,1480
35503080395,62.92,0,4.09,25.06,42.2,246,0,16,98,165,391
35503080396,65.57,0,6.11,28.93,44.5,3015,0,281,1330,2046,4598
35503080397,64.74,0,8.42,33.68,52.81,369,0,48,192,301,570
35503080398,72.18,0,7.92,35.75,56.16,838,0,92,415,652,1161
35503080399,65.62,0,5.49,27.77,42.11,586,0,49,248,376,893
35503080404,70.9,0,5.53,25,41.33,1038,0,81,366,605,1464
35503080405,67.71,0,6.06,28.44,46.61,369,0,33,155,254,545
35503080406,72.2,0,6.79,32.39,52.29,457,0,43,205,331,633
35503080408,68.02,0,6,28.71,47.18,1123,0,99,474,779,1651
35503080410,61.54,0.27,5.53,27.32,44.88,901,4,81,400,657,1464
35503080412,70.28,0,6.12,29.12,48.19,700,0,61,290,480,996
35503080413,70,0,6.13,32.9,47.9,434,0,38,204,297,620
35503080416,70.58,0,5.78,27.23,45.01,806,0,66,311,514,1142
35503080417,73.62,0,5.07,27.3,44.93,639,0,44,237,390,868
35503080418,67.64,0,5.84,29.05,46.19,3276,0,283,1407,2237,4843
35503080422,69.03,0,5.34,27.07,41.96,1150,0,89,451,699,1666
35503080424,63.75,0,7.08,28.52,44.99,693,0,77,310,489,1087
35503080425,63.86,0,9.24,35.73,51.95,311,0,45,174,253,487
35503080426,66.1,0,6.88,29.7,46.62,1086,0,113,488,766,1643
35503080428,71.49,0,8.19,30.41,47.51,489,0,56,208,325,684
35503080429,71.65,0,7.14,31.47,46.88,321,0,32,141,210,448
35503080430,65.44,0,7.92,31.42,48.5,479,0,58,230,355,732
35503080432,68.11,0.21,7.06,33.36,53.22,974,3,101,477,761,1430
35503080434,74.16,0,6.23,32.7,50.77,1059,0,89,467,725,1428
35503080435,65.8,0.09,7.86,31.18,51.38,5599,8,669,2653,4372,8509
35503080436,65.2,0,5.06,26.16,43.92,1109,0,86,445,747,1701
35503080438,67.7,0,6.35,27.2,46.46,1023,0,96,411,702,1511
35503080439,69.4,3.05,8.11,37.28,56.61,1318,58,154,708,1075,1899
35503080440,66.87,0,4.18,20.6,33.43,224,0,14,69,112,335
35503080441,77.51,0,7.41,33.86,47.88,293,0,28,128,181,378
35503080442,67.13,0,8.6,33.84,54.09,484,0,62,244,390,721
35503080443,68.6,0,8.26,32.56,56.86,415,0,50,197,344,605
35503080445,63.67,0,3.75,23.22,38.58,170,0,10,62,103,267
35503080446,68.24,0,5.71,29.2,48.07,1255,0,105,537,884,1839
35503080447,58.64,0,5.56,28.4,45.06,95,0,9,46,73,162
35503080448,67.21,0,5.68,25.16,37.66,414,0,35,155,232,616
35503080451,68.29,0,6.16,29.41,50.09,1486,0,134,640,1090,2176
35503080452,62.41,0,7.06,29.49,44.65,840,0,95,397,601,1346
35503080454,63.03,0,6.34,29.93,41.9,179,0,18,85,119,284
35503080455,66.01,0,6.58,31.41,47.63,973,0,97,463,702,1474
35503080456,67.58,0,7.55,33.57,52.16,1065,0,119,529,822,1576
35503080457,64.4,0,6.61,31.61,49.73,711,0,73,349,549,1104
35503080458,60.74,0,5.93,31.29,46.42,297,0,29,153,227,489
35503080460,68.78,0,6.15,30.44,51.32,705,0,63,312,526,1025
35503080463,67.01,0,7.25,33.85,49.91,388,0,42,196,289,579
35503080465,65.61,0,4.55,26.48,40.51,332,0,23,134,205,506
35503080467,70.91,0,3.23,25.67,42.78,373,0,17,135,225,526
35503080468,66.53,0,7.11,29.74,48.36,1179,0,126,527,857,1772
35503080470,56.57,0,5.72,26.6,44.44,168,0,17,79,132,297
35503080472,70.58,0,8.52,35.35,55.64,2560,0,309,1282,2018,3627
35503080473,71.8,0,6.08,30.35,48.6,2101,0,178,888,1422,2926
35503080474,70.47,0,6.39,32.16,49.2,1236,0,112,564,863,1754
35503080476,62.72,0,5.73,26.59,42.75,493,0,45,209,336,786
35503080477,65.55,0,5.35,27.59,42.14,1176,0,96,495,756,1794
35503080479,64.14,0,7.4,31.18,48.64,1014,0,117,493,769,1581
35503080480,67.3,1.14,4.94,25.86,41.06,177,3,13,68,108,263
35503080482,67.82,0,6.38,33.58,52.25,723,0,68,358,557,1066
35503080485,59.17,0,4.32,26.26,43.35,329,0,24,146,241,556
35503080486,65.3,0,6.78,29.91,43.46,559,0,58,256,372,856
35503080488,62.14,0,8.59,34.13,53.06,883,0,122,485,754,1421
35503080490,72.34,0,7.62,35.91,54.59,693,0,73,344,523,958
35503080491,63.23,0,5.62,32.38,48.11,619,0,55,317,471,979
35503080492,69.37,0.09,8.05,33.13,53.49,40601,50,4711,19391,31305,58525
35503080495,69.55,0,5.79,25.56,43.08,1850,0,154,680,1146,2660
35503080498,65.31,0,6.74,30.98,47.89,1657,0,171,786,1215,2537
35503080500,70.13,0,5.92,31.12,45.65,782,0,66,347,509,1115
35503080502,72.23,0,5.37,27.77,45.65,1022,0,76,393,646,1415
35503080503,66.73,0,6.42,30.93,48.77,2828,0,272,1311,2067,4238
35503080504,72.18,0,6.18,29.81,46.09,1051,0,90,434,671,1456
35503080505,71.39,0,6.14,29.75,48.75,1255,0,108,523,857,1758
35503080506,67.12,0,8.93,34.18,50.51,1188,0,158,605,894,1770
35503080507,63.04,0,6.75,29.7,45.4,747,0,80,352,538,1185
35503080509,68.09,0,6.83,30.07,48.39,1925,0,193,850,1368,2827
35503080512,66.49,0,8.51,32.98,50.26,508,0,65,252,384,764
35503080515,70.71,0,5.98,30.15,45.07,910,0,77,388,580,1287
35503080517,72.94,0,5.73,29.38,45.47,725,0,57,292,452,994
35503080518,69.98,0.07,7.18,31.27,50.89,8554,8,878,3822,6221,12224
35503080519,59.01,0,5.67,30.67,46.08,406,0,39,211,317,688
35503080520,70.86,0,4.23,25.09,40.85,805,0,48,285,464,1136
35503080523,59.4,0,5.72,25.34,39.51,218,0,21,93,145,367
35503080524,82.52,0,7.06,23.21,37.07,935,0,80,263,420,1133
35503080525,64.83,0,5.17,30.34,47.93,188,0,15,88,139,290
35503080527,69.22,0,7.39,29.82,47.06,506,0,54,218,344,731
35503080528,65.84,0.21,6.37,31.64,49.35,1881,6,182,904,1410,2857
35503080531,69.78,0,7.8,30.32,50.34,725,0,81,315,523,1039
35503080533,65.16,0,7.27,31.54,49.84,2293,0,256,1110,1754,3519
35503080534,67.44,0,7.13,29.83,47.59,1135,0,120,502,801,1683
35503080538,66.99,0,6.52,25.8,38.42,483,0,47,186,277,721
35503080539,64.81,0,4.36,28.57,46.17,372,0,25,164,265,574
35503080540,66.3,0,4.55,23.5,42.62,364,0,25,129,234,549
35503080543,65.6,0,6.67,30.94,49.37,4503,0,458,2124,3389,6864
35503080545,70.22,0,5.62,25.28,42.7,125,0,10,45,76,178
35503080546,67.13,0,6.53,26.34,45.22,288,0,28,113,194,429
35503080550,68.95,0,7.08,32.33,49.28,1879,0,193,881,1343,2725
35503080552,64.94,0,6.12,29.68,45.45,350,0,33,160,245,539
35503080560,57.58,0.83,6.34,28.37,43.53,209,3,23,103,158,363
35503080561,68.87,0,5.45,26.85,45.65,531,0,42,207,352,771
35503080563,66.8,0,6.48,31.34,46.32,825,0,80,387,572,1235
35503080567,66.55,0,7.75,31.16,51.76,1305,0,152,611,1015,1961
35503080568,58.76,0,6.2,28.59,47.81,483,0,51,235,393,822
35503080569,61.64,0,7.13,30.34,45.25,1038,0,120,511,762,1684
35503080571,72.18,0,7.52,32.71,54.14,192,0,20,87,144,266
35503080577,69.53,0,6.38,30.87,47.83,2083,0,191,925,1433,2996
35503080578,60.55,0,5.47,26.17,38.28,155,0,14,67,98,256
35503080580,66.75,0,7.08,30,47.25,801,0,85,360,567,1200
35503080581,68.49,0,6.16,30.88,47.18,1324,0,119,597,912,1933
35503080582,74.62,0,5.32,30.09,47.7,729,0,52,294,466,977
35503080583,68.34,0,6.95,34.24,51.81,1563,0,159,783,1185,2287
35503080584,62.44,0,6.7,29.48,48.13,1584,0,170,748,1221,2537
35503080585,67.03,0,4.62,26.37,39.78,305,0,21,120,181,455
35503080586,68.27,0,7.39,31.06,50.83,822,0,89,374,612,1204
35503080587,70.78,0,7.4,29.54,48.73,889,0,93,371,612,1256
35503080589,71.08,0,6.52,28.04,46.49,971,0,89,383,635,1366
35503080590,59.64,0,3.57,21.61,36.96,334,0,20,121,207,560
35503080591,68.07,0,6.95,29.4,49.09,940,0,96,406,678,1381
35503080594,67.52,0,7.29,31.48,50.27,1879,0,203,876,1399,2783
35503080595,67.9,0,5.35,30.63,46.86,368,0,29,166,254,542
35503080596,71.27,0,8.21,31.76,49.87,1059,0,122,472,741,1486
35503080597,64.3,0,5.29,28.1,46.28,389,0,32,170,280,605
35503080598,76,0,5.92,29.6,45.44,475,0,37,185,284,625
35503080599,66.55,0.64,7.09,32,53.36,732,7,78,352,587,1100
35503080600,57.62,0,0,0,0,87,0,0,0,0,151
35503080601,68.81,0,5.57,31.33,49.11,964,0,78,439,688,1401
35503080602,65.75,0,6.67,31.4,51.53,601,0,61,287,471,914
35503080603,64.91,1.15,8.26,31.19,53.44,283,5,36,136,233,436
35503080604,65.82,0,6.47,28.81,45.21,722,0,71,316,496,1097
35503080605,79.92,0,3.28,22.54,39.75,390,0,16,110,194,488
35503080606,64.09,0,7.74,32.47,50.32,298,0,36,151,234,465
35503080607,70.56,0,7.8,32.1,52.54,1167,0,129,531,869,1654
35503080612,67.35,0,9.46,37.6,59.42,883,0,124,493,779,1311
35503080613,56.42,0,6.68,29.6,47.73,448,0,53,235,379,794
35503080616,67.63,0,6.82,32.16,49.59,982,0,99,467,720,1452
35503080618,63.84,0.25,5.26,28.01,45.16,752,3,62,330,532,1178
35503080621,68.05,0,5.19,26.23,44.16,262,0,20,101,170,385
35503080622,57.14,0,5.02,24.71,41.7,148,0,13,64,108,259
35503080625,68.17,0.08,7.99,31.93,50.47,2669,3,313,1250,1976,3915
35503080627,66.21,0,5.33,29.22,45.05,435,0,35,192,296,657
35503080631,70.92,0,6.79,30.24,50.6,3832,0,367,1634,2734,5403
35503080634,64.7,0,5.95,28.87,44.27,1349,0,124,602,923,2085
35503080635,65.07,0.36,6.5,30.28,48.2,2742,15,274,1276,2031,4214
35503080638,73.3,0,5.77,31.04,49.19,1131,0,89,479,759,1543
35503080639,69.17,0,7.27,29.21,49.42,599,0,63,253,428,866
35503080644,64.91,0,7.89,32.68,47.92,592,0,72,298,437,912
35503080646,60.52,0,6.05,28.53,48.41,210,0,21,99,168,347
35503080647,66,0,5.36,26.8,44.22,394,0,32,160,264,597
35503080648,70.89,0,7.08,29.56,47.36,1422,0,142,593,950,2006
35503080649,65.37,0,6.49,29.87,49.35,302,0,30,138,228,462
35503080650,70.59,0,7.75,31.08,51.85,2158,0,237,950,1585,3057
35503080651,59.06,0,3.15,27.56,41.73,75,0,4,35,53,127
35503080653,67.22,0,6.15,29.66,46.74,732,0,67,323,509,1089
35503080654,68.34,0,6.4,30.54,47.81,1282,0,120,573,897,1876
35503080656,73.21,0,5.84,24.14,37.4,276,0,22,91,141,377
35503080657,65.57,0,7.74,30.12,48.14,1339,0,158,615,983,2042
35503080658,67.18,0,6.68,28.24,47.33,352,0,35,148,248,524
35503080659,65.81,0,6.99,29.04,45.47,537,0,57,237,371,816
35503080661,67.89,0,7.86,33.79,52.8,2186,0,253,1088,1700,3220
35503080662,68.6,0,6.04,25.12,42.51,284,0,25,104,176,414
35503080664,67.23,0,9.87,36.34,58.89,790,0,116,427,692,1175
35503080672,68.84,0,7.91,28.84,46.74,296,0,34,124,201,430
35503080673,64.72,0,8.02,30.13,50.29,565,0,70,263,439,873
35503080674,65.38,0.7,6.74,32.53,50.89,844,9,87,420,657,1291
35503080675,72.36,0,8.23,32.7,50.21,343,0,39,155,238,474
35503080676,61.59,0,8.25,33.64,50.6,672,0,90,367,552,1091
35503080677,65.85,0,5.69,27.37,42.28,243,0,21,101,156,369
35503080679,70.52,0,8.23,33.26,52.58,2485,0,290,1172,1853,3524
35503080681,63.32,0,4.15,29.07,42.56,183,0,12,84,123,289
35503080682,65.3,0.06,7.1,31.39,49.07,3118,3,339,1499,2343,4775
35503080685,68.75,0.09,9.93,36.43,57.08,2957,4,427,1567,2455,4301
35503080687,59.48,0,6.52,28.52,46.44,803,0,88,385,627,1350
35503080688,58.83,0.22,5.98,26.83,44,1083,4,110,494,810,1841
35503080689,65.48,0,8.23,32.31,50.61,533,0,67,263,412,814
35503080690,60.34,0,7.18,29.89,49.71,210,0,25,104,173,348
35503080691,52.74,0,5.97,29.85,49.75,106,0,12,60,100,201
35503080692,66.16,0,6.76,30.41,48.73,2719,0,278,1250,2003,4110
35503080693,67.79,0.6,6.82,30.14,47.75,785,7,79,349,553,1158
35503080694,66.32,0,5.22,27.94,44.97,1258,0,99,530,853,1897
35503080695,67.87,0,6.65,30.02,48.73,1255,0,123,555,901,1849
35503080696,60.18,0,7.46,32.24,44.88,476,0,59,255,355,791
35503080697,59.91,0,4.28,26.13,43.02,266,0,19,116,191,444
35503080699,62.95,0,6.97,31.08,49,316,0,35,156,246,502
35503080700,62.16,0,6.76,28.82,46.7,386,0,42,179,290,621
35503080701,68.44,0,8.43,34.99,52.32,1477,0,182,755,1129,2158
35503080702,56.41,0,3.99,28.49,47.01,198,0,14,100,165,351
35503080703,84,0,10,37,55,84,0,10,37,55,100
35503080705,70.66,0,7.66,36.13,55.64,489,0,53,250,385,692
35503080706,58.93,0.33,7.38,30.57,51.31,719,4,90,373,626,1220
35503080707,60.4,0.3,7.07,31.11,48.28,598,3,70,308,478,990
35503080710,64.28,0,5.21,27.04,41.69,592,0,48,249,384,921
35503080715,64.15,0,6.33,31.19,49.61,578,0,57,281,447,901
35503080717,65.48,0,7.25,31.22,51.92,1961,0,217,935,1555,2995
35503080718,65.97,0,7.98,31.3,48.95,314,0,38,149,233,476
35503080721,57.32,0,5.15,29.67,45.11,568,0,51,294,447,991
35503080722,80.93,0,9.6,33.46,52.01,624,0,74,258,401,771
35503080723,65.33,0,4.27,31.66,49.25,260,0,17,126,196,398
35503080724,66.44,0,5.48,26.71,46.58,97,0,8,39,68,146
35503080726,69.78,0,8.41,31.93,52.76,1062,0,128,486,803,1522
35503080727,63.78,0,6.73,31.09,52.24,199,0,21,97,163,312
35503080731,68.57,0,6.18,29.32,46.17,1953,0,176,835,1315,2848
35503080732,63.23,0,6.32,26.17,41.28,841,0,84,348,549,1330
35503080733,60.39,0,9.02,33.73,47.45,154,0,23,86,121,255
35503080735,66.53,0,7.97,33.86,53.61,4032,0,483,2052,3249,6060
35503080736,66.54,0.25,7.7,33.53,50.82,1901,7,220,958,1452,2857
35503080737,66.62,0.29,6.03,27.06,42.87,906,4,82,368,583,1360
35503080738,64.22,0,6.88,34.25,52.14,420,0,45,224,341,654
35503080739,59.44,0.34,6.03,29.16,45.47,532,3,54,261,407,895
35503080741,65.16,0,5.48,24.36,40.07,535,0,45,200,329,821
35503080742,68.6,0.21,7.92,31.82,51.06,970,3,112,450,722,1414
35503080743,65.27,0,6.22,27.24,44.24,357,0,34,149,242,547
35503080744,69.86,0,7.02,30.1,48.46,1910,0,192,823,1325,2734
35503080746,69.47,0,6.11,31.86,51.72,990,0,87,454,737,1425
35503080747,68.02,0,6.74,30.88,48.13,2965,0,294,1346,2098,4359
35503080748,69.12,0,4.99,24.7,41.09,291,0,21,104,173,421
35503080749,70.49,0.2,7.75,36.21,53.61,2155,6,237,1107,1639,3057
35503080751,55.68,0,8.64,33.95,52.84,451,0,70,275,428,810
35503080752,70.98,0.06,8.23,33.96,51.95,10991,9,1275,5259,8044,15485
35503080754,63.73,0,5.39,25.25,39.46,260,0,22,103,161,408
35503080756,61.39,0,7.35,29.62,47.6,601,0,72,290,466,979
35503080758,66.28,0,4.26,23.57,43.7,405,0,26,144,267,611
35503080759,59.4,1.07,5.13,32.26,45.09,278,5,24,151,211,468
35503080760,59.05,0,5.12,29.43,46.8,323,0,28,161,256,547
35503080762,72.49,0,8.88,43.27,59.6,253,0,31,151,208,349
35503080763,70.8,0.34,7.77,33.53,50.79,1649,8,181,781,1183,2329
35503080764,69.32,0,5.91,28.47,44.92,375,0,32,154,243,541
35503080766,70.24,0,9.82,39.62,58.99,1610,0,225,908,1352,2292
35503080770,63.84,0,5.66,28.29,43.41,722,0,64,320,491,1131
35503080772,60.33,0,6.23,23.93,42.46,368,0,38,146,259,610
35503080773,73.92,0,8.26,38.36,56.33,975,0,109,506,743,1319
35503080774,68.28,0,6.84,31.85,48.43,1548,0,155,722,1098,2267
35503080777,76.07,0,6.55,38.04,54.41,302,0,26,151,216,397
35503080779,56.55,0,10.12,31.55,49.4,95,0,17,53,83,168
35503080780,65.94,0.38,6.67,33.61,50.93,1028,6,104,524,794,1559
35503080781,61.21,0,4.44,25.93,44.63,262,0,19,111,191,428
35503080782,67.04,0.07,6.98,30.01,48.69,12035,13,1253,5387,8740,17952
35503080783,52.62,0,6.11,30.13,48.03,241,0,28,138,220,458
35503080786,44.28,0,3.41,20.92,36.01,182,0,14,86,148,411
35503080790,65.34,0,8.99,32.01,53.17,247,0,34,121,201,378
35503080791,59.52,0,8.76,30.82,51.06,197,0,29,102,169,331
35503080792,66.74,0,6.99,29.03,39.62,315,0,33,137,187,472
35503080794,65.65,0,9.53,35.77,55.02,1013,0,147,552,849,1543
35503080795,61.45,0.59,5.02,25.41,42.54,416,4,34,172,288,677
35503080796,63.16,0,7.51,35.25,55.83,715,0,85,399,632,1132
35503080797,69.4,0,12.1,39.15,62.63,195,0,34,110,176,281
35503080798,59.79,0,5.03,24.61,41.59,690,0,58,284,480,1154
35503080799,64.47,0.11,7.17,31.37,50.64,1753,3,195,853,1377,2719
35503080800,67.17,0,9.39,33.11,53.8,708,0,99,349,567,1054
35503080801,58.58,0,7.84,32.67,52.64,710,0,95,396,638,1212
35503080802,68.73,0,8.35,35.73,55.09,831,0,101,432,666,1209
35503080803,55.76,0,4.67,31.46,51.4,179,0,15,101,165,321
35503080804,65.08,0,6.13,26.26,42.51,669,0,63,270,437,1028
35503080805,63.36,0,6.68,32.63,51.53,332,0,35,171,270,524
35503080806,61.28,0,6.77,35.71,50,163,0,18,95,133,266
35503080807,56.94,0,4.31,31.1,49.76,119,0,9,65,104,209
35503080808,70.41,0,5.99,33.33,48.69,188,0,16,89,130,267
35503080809,58.67,0,5.81,27.27,44.38,1999,0,198,929,1512,3407
35503080810,52.9,0,7.49,29.61,48.11,1835,0,260,1027,1669,3469
35503080811,60.64,0,6.64,26.32,38.44,265,0,29,115,168,437
35503080812,59.77,0,7.58,33.24,54.23,205,0,26,114,186,343
35503080815,66.01,0.24,7.57,31.75,50.59,4474,16,513,2152,3429,6778
35503080816,73.96,0,3.98,20.28,42.15,372,0,20,102,212,503
35503080817,68.68,0.05,7.08,30.98,49.92,4997,4,515,2254,3632,7276
35503080819,66.51,0,5.12,20,36.74,143,0,11,43,79,215
35503080820,66.43,0,6.96,29.74,48.7,382,0,40,171,280,575
35503080821,65.62,0.29,9.65,36.58,54.68,1374,6,202,766,1145,2094
35503080825,51.34,0,6.87,30.15,47.16,172,0,23,101,158,335
35503080828,63.67,0.06,7.66,30.15,49.55,10657,10,1283,5046,8295,16739
35503080830,67.15,0,9.4,38.41,61.52,979,0,137,560,897,1458
35503080832,61.9,1,7.14,32.33,44.86,494,8,57,258,358,798
35503080833,53.33,0,4.85,26.06,46.97,176,0,16,86,155,330
35503080841,68.94,0,9.14,34.95,55.35,1953,0,259,990,1568,2833
35503080842,72.82,1.14,7.33,33.38,52.84,576,9,58,264,418,791
35503080843,69.27,0,10.73,36.27,58.53,613,0,95,321,518,885
35503080844,65.15,0,7.12,28.1,50.36,357,0,39,154,276,548
35503080845,66.72,0,8.92,38.2,55.5,1219,0,163,698,1014,1827
35503080848,72.02,0,8.29,18.13,30.05,139,0,16,35,58,193
35503080849,58.72,0,5.23,24.42,38.95,101,0,9,42,67,172
35503080850,63.35,0,11.16,40.12,57.32,420,0,74,266,380,663
35503080851,60.45,0,3.38,21.22,36.98,376,0,21,132,230,622
35503080852,73.62,0,3.68,24.23,36.81,240,0,12,79,120,326
35503080854,63.7,0,6.24,33.63,51,286,0,28,151,229,449
35503080855,73.34,0.14,8.31,32.2,51.54,1615,3,183,709,1135,2202
35503080857,66.21,0,6.48,30.73,49.88,1687,0,165,783,1271,2548
35503080858,66.02,0,11.17,36.41,58.25,136,0,23,75,120,206
35503080860,71.41,0,4.02,28.24,43.86,622,0,35,246,382,871
35503080861,75.03,0,10.47,37.96,55.86,595,0,83,301,443,793
35503080862,56.02,0,5.72,29.52,49.1,186,0,19,98,163,332
35503080867,66.42,0,5.84,29.2,48.18,91,0,8,40,66,137
35503080869,64.63,0,5.24,25.33,42.79,148,0,12,58,98,229
35503080870,90.82,0,0,0,0,188,0,0,0,0,207
35503080871,72.89,0,4.22,29.52,50,121,0,7,49,83,166
35503080875,74.95,0.59,7.5,34.12,58.58,380,3,38,173,297,507
35503080876,71.78,0,7.92,27.23,47.52,145,0,16,55,96,202
35503080878,69.28,0,6.93,37.35,55.42,230,0,23,124,184,332
35503080879,68.5,0,5.91,30.31,45.67,174,0,15,77,116,254
35503080880,60.78,0,6.23,29.87,50.65,234,0,24,115,195,385
35503080885,59.18,0,6.9,29.09,48.06,883,0,103,434,717,1492
35503080887,67.42,0,7.24,31.67,49.77,149,0,16,70,110,221
35503080888,74.07,1.43,8.24,38.02,57.03,674,13,75,346,519,910
35503080889,76.27,0,6.81,35.25,53.4,437,0,39,202,306,573
35503080891,66.83,0,6.8,30.06,46.85,816,0,83,367,572,1221
35503080892,63.44,0,6.5,29.18,47.19,1289,0,132,593,959,2032
35503080894,64.99,0,8.6,37.15,54.15,635,0,84,363,529,977
35503080895,55.14,0,7.21,28.84,41.92,413,0,54,216,314,749
35503080896,59.1,0,5.84,21.8,39.33,263,0,26,97,175,445
35503080897,68.33,0.45,8.33,32.12,51.52,451,3,55,212,340,660
35503080898,63.14,0,6.57,29.71,49.14,221,0,23,104,172,350
35503080899,66.08,0,6.93,29.78,48.66,1278,0,134,576,941,1934
35503080902,59.3,0,7.04,26.9,46.76,421,0,50,191,332,710
35503080905,74.84,0,8.33,34.64,52.12,458,0,51,212,319,612
35503080907,71.56,0,13.6,42.04,58.86,400,0,76,235,329,559
35503080921,65.37,0,7.07,28.29,46.1,268,0,29,116,189,410
35503080922,71.5,0.49,8.89,36.42,58.71,587,4,73,299,482,821
35503080925,74.27,0,12.31,43.64,62.36,742,0,123,436,623,999
35503080926,70.49,0,7.48,31.24,51.13,528,0,56,234,383,749
35503080927,67.51,0,7.81,32.81,50.35,1928,0,223,937,1438,2856
35503080928,59.29,0,5.33,30.37,49.6,367,0,33,188,307,619
35503080930,63.61,0,7.98,33.84,54.52,972,0,122,517,833,1528
35503080931,63.04,0,7.72,34.35,51.96,580,0,71,316,478,920
35503080936,67.85,2.22,11.75,42.35,57.87,306,10,53,191,261,451
35503080937,66.1,0.1,8.19,34.62,52.76,5124,8,635,2684,4090,7752
35503080939,67.02,0,9.06,38.88,58.27,636,0,86,369,553,949
35503080940,68.45,0.11,7.94,32.38,53.93,1905,3,221,901,1501,2783
35503080941,73.24,0,5.23,31.79,51.51,364,0,26,158,256,497
35503080944,69.1,0,7.54,33.14,51.78,834,0,91,400,625,1207
35503080949,66.32,0.22,10.08,39.66,55.86,888,3,135,531,748,1339
35503080950,69.27,0,8.64,36.72,56.38,994,0,124,527,809,1435
35503080951,59.21,0,7.68,32.57,49.78,540,0,70,297,454,912
35503080955,68.31,0,8.01,33.15,49.91,375,0,44,182,274,549
35503080956,70.87,0,5.51,35.04,51.97,180,0,14,89,132,254
35503080959,66.9,4.23,6.34,26.76,44.37,95,6,9,38,63,142
35503080961,66.1,0,7.68,31.13,49.47,310,0,36,146,232,469
35503080964,66.7,0,8.15,32.25,48.55,761,0,93,368,554,1141
35503080965,64.01,0,7.74,33.03,46.47,281,0,34,145,204,439
35503080966,68.46,0,6.71,30.54,47.32,408,0,40,182,282,596
35503080968,69.19,0,8.08,29.11,46.86,694,0,81,292,470,1003
35503080969,64.95,0,3.61,32.47,47.94,126,0,7,63,93,194
35503080971,62.24,0,5.78,30.61,43.54,183,0,17,90,128,294
35503080972,73.3,0,7.81,35.89,55.04,582,0,62,285,437,794
35503080973,66.93,0.11,7.22,33.41,54.23,2356,4,254,1176,1909,3520
35503080974,59.27,0,6.22,29.41,48.83,534,0,56,265,440,901
35503080976,54.12,0,5.88,28.09,48.78,709,0,77,368,639,1310
35503080977,62.25,0,7.24,30.89,49.15,808,0,94,401,638,1298
35503080979,63.44,0,6.79,29.72,51.13,1345,0,144,630,1084,2120
35503080980,58.55,0,5.7,32.64,49.74,113,0,11,63,96,193
35503080981,66.51,0.17,8.37,35.9,53.59,1549,4,195,836,1248,2329
35503080982,66.59,0,6.68,30.55,52.03,279,0,28,128,218,419
35503080983,65.31,0,7.81,33.12,53.44,209,0,25,106,171,320
35503080985,68.42,0,9.47,36.49,51.58,195,0,27,104,147,285
35503080986,64.64,0,6.81,30.35,47.67,541,0,57,254,399,837
35503080987,58.42,0,6.32,29.21,49.74,222,0,24,111,189,380
35503080988,66.9,0,8.06,33.26,52.86,2631,0,317,1308,2079,3933
35503080989,64.4,0,6.5,31.27,50.46,416,0,42,202,326,646
35503080990,78.64,0,5.34,27.18,44.66,162,0,11,56,92,206
35503080991,63.78,0,5.12,28.54,46.06,324,0,26,145,234,508
35503080992,62.72,0,5.03,24.85,42.9,212,0,17,84,145,338
35503080993,68.95,1.58,7.37,20.53,34.21,131,3,14,39,65,190
35503080994,64.12,0,4.24,27.12,42.09,227,0,15,96,149,354
35503080995,46.59,0,9.47,35.42,43.18,246,0,50,187,228,528
35503080996,62.12,1.73,7.31,33.85,52.12,323,9,38,176,271,520
35503080997,61.64,0,5.48,25,41.1,180,0,16,73,120,292
35503080998,73.63,0,6.04,28.57,51.65,134,0,11,52,94,182
35503080999,64.17,0,7.68,31.5,51.08,1304,0,156,640,1038,2032
35503081000,64.15,0,8.04,26.68,47.86,630,0,79,262,470,982
35503081002,67.41,0,7.15,35.45,50.72,424,0,45,223,319,629
35503081003,62.64,0,10.19,33.21,50.19,166,0,27,88,133,265
35503081004,70.6,0,6.33,30.27,47.61,814,0,73,349,549,1153
35503081005,52.34,0,7.03,28.12,46.09,67,0,9,36,59,128
35503081006,75,0,5.77,26.92,46.79,117,0,9,42,73,156
35503081007,76.54,0,4.94,28.4,47.53,124,0,8,46,77,162
35503081008,61.26,0,7.14,33.52,53.3,223,0,26,122,194,364
35503081009,53.69,0,8.2,35.66,48.36,131,0,20,87,118,244
35503081011,60.55,0,7.12,30.68,52.88,221,0,26,112,193,365
35503081014,78.16,0,4.31,22.99,35.34,272,0,15,80,123,348
35503081016,65.71,0.33,8.38,36.16,53.69,596,3,76,328,487,907
35503081017,65.58,0,6.05,28.37,42.33,141,0,13,61,91,215
35503081018,66.06,0,5.96,31.13,49.34,399,0,36,188,298,604
35503081019,69.66,0,4.7,23.93,37.18,163,0,11,56,87,234
35503081020,71.25,0.79,8.49,36.6,56.11,1797,20,214,923,1415,2522
35503081022,73.64,0,6.23,31.79,47.68,922,0,78,398,597,1252
35503081023,76.06,0,10.11,37.23,51.06,143,0,19,70,96,188
35503081024,74.52,0,3.47,13.9,24.32,193,0,9,36,63,259
35503081025,75.44,0,9.94,29.53,50.88,258,0,34,101,174,342
35503081027,70.43,0,4.35,27.83,46.96,81,0,5,32,54,115
35503081028,75.56,0,2.5,24.44,43.89,272,0,9,88,158,360
35503081029,67,0,5.33,25.67,40.33,201,0,16,77,121,300
35503081031,68.07,0,7.05,29.94,44.82,1130,0,117,497,744,1660
35503081032,77.41,0,4.39,31.14,45.83,353,0,20,142,209,456
35503081035,72.29,0,6.43,32.66,48.86,540,0,48,244,365,747
35503081036,55.48,0,4.52,24.52,38.1,233,0,19,103,160,420
35503081038,71.66,0,8.9,32.64,50,483,0,60,220,337,674
35503081039,70.68,0,6.84,30.62,51.14,217,0,21,94,157,307
35503081041,70.78,0,6.38,30.66,48.77,344,0,31,149,237,486
35503081042,67.29,0.19,9.25,37.48,58.04,2481,7,341,1382,2140,3687
35503081045,70.35,0,10.6,38.3,56.18,1082,0,163,589,864,1538
35503081046,72.14,0,10.7,41.72,60.94,2846,0,422,1646,2404,3945
35503081048,64.95,0,8.47,32.55,52.05,2055,0,268,1030,1647,3164
35503081051,64.85,0,4.51,24.45,40.08,618,0,43,233,382,953
35503081052,56.29,0,7.01,28.96,45.59,626,0,78,322,507,1112
35503081053,55.56,0,9.05,32.1,48.15,135,0,22,78,117,243
35503081054,60.14,0,6.99,29.55,50.7,344,0,40,169,290,572
35503081056,70.1,0,8.93,31.96,56.36,204,0,26,93,164,291
35503081057,57.87,0,10.21,40.43,57.87,136,0,24,95,136,235
35503081058,60,0,5.45,27.27,46.18,165,0,15,75,127,275
35503081059,62.13,0.56,4.48,27.43,46.08,333,3,24,147,247,536
35503081060,73.13,0,5.78,26.19,49.66,215,0,17,77,146,294
35503081062,64.55,0,7.98,35.68,53.76,275,0,34,152,229,426
35503081063,77.53,1.03,7.55,35.68,53.52,452,6,44,208,312,583
35503081064,56.87,0.2,5.96,27.55,44.37,869,3,91,421,678,1528
35503081065,66.53,0.06,10.05,35.85,55.21,3185,3,481,1716,2643,4787
35503081066,70.32,0,4.84,33.87,52.26,218,0,15,105,162,310
35503081067,69.96,0,7.19,31.39,48.84,934,0,96,419,652,1335
35503081068,75.44,0,5.7,21.93,42.54,172,0,13,50,97,228
35503081070,66.94,0,8.84,35.41,51.61,1310,0,173,693,1010,1957
35503081071,66.82,0,8.97,33.63,47.53,149,0,20,75,106,223
35503081072,69.19,0,7.58,29.82,45.8,420,0,46,181,278,607
35503081073,67.26,0,10.23,36.32,54.73,263,0,40,142,214,391
35503081074,60.19,3.88,5.83,29.13,49.51,62,4,6,30,51,103
35503081075,70.15,0,10.95,38.22,56.99,3326,0,519,1812,2702,4741
35503081076,66.71,0.05,7.39,32.49,51.37,13684,10,1516,6665,10538,20513
35503081077,58.07,0,6.33,26.9,49.84,367,0,40,170,315,632
35503081078,43.33,0,6.67,22.38,42.86,91,0,14,47,90,210
35503081079,59.27,0,6.99,22.38,39.86,339,0,40,128,228,572
35503081080,60.22,0,7.83,35.52,54.49,1146,0,149,676,1037,1903
35503081081,61.67,0,4,22,36.33,185,0,12,66,109,300
35503081083,60.31,0,6.05,26.67,44.19,389,0,39,172,285,645
35503081084,59.76,0,6.86,32.62,51.91,1264,0,145,690,1098,2115
35503081085,69.62,0,7.08,34.15,52.83,738,0,75,362,560,1060
35503081086,58.33,1.81,7.61,32.61,50.36,161,5,21,90,139,276
35503081087,71.99,0,7,36.97,54.06,257,0,25,132,193,357
35503081088,63.81,0,6.1,29.89,43.74,617,0,59,289,423,967
35503081089,68.17,0,7.07,28.3,53.05,212,0,22,88,165,311
35503081090,66.61,0,8.61,33.92,50.79,379,0,49,193,289,569
35503081092,70.66,0,9.84,38.21,55.56,2822,0,393,1526,2219,3994
35503081093,64.94,0.13,6.98,29.61,49.48,10749,22,1156,4901,8190,16553
35503081094,72.45,0,6.42,32.45,47.92,192,0,17,86,127,265
35503081095,65.43,0,8.68,34.42,56.33,460,0,61,242,396,703
35503081097,67.96,0,7.73,36.19,53.31,246,0,28,131,193,362
35503081100,49.63,0,4.67,19.9,37.84,202,0,19,81,154,407
35503081101,44.94,0,2.81,21.91,35.39,80,0,5,39,63,178
35503081102,51.42,0,3.19,20.57,34.4,145,0,9,58,97,282
35503081103,79.5,0,9.35,43.88,62.23,442,0,52,244,346,556
35503081104,67.62,0,9.4,34.2,56.66,259,0,36,131,217,383
35503081105,53.12,0,5.46,25.82,42.63,613,0,63,298,492,1154
35503081106,58.14,0,8.05,28.62,48.66,325,0,45,160,272,559
35503081107,67.61,0,6.48,32.25,51.15,501,0,48,239,379,741
35503081108,61.21,0,5.76,26.67,44.55,202,0,19,88,147,330
35503081110,58.3,0,6.28,26.52,41.9,288,0,31,131,207,494
35503081111,62.21,0,4.65,25,38.95,214,0,16,86,134,344
35503081112,59.52,0,3.55,22.02,40.2,419,0,25,155,283,704
35503081113,56.75,0.69,7.04,29.07,47.42,572,7,71,293,478,1008
35503081115,65.7,0,7.72,34.19,51.77,613,0,72,319,483,933
35503081116,65.61,0,8.72,32.01,50.4,414,0,55,202,318,631
35503081117,68.18,0.73,7.09,35.58,53.21,1125,12,117,587,878,1650
35503081118,66.15,0,9.35,29.84,51.45,297,0,42,134,231,449
35503081119,69.11,0,5.33,31.56,46.22,311,0,24,142,208,450
35503081120,67.51,0,6.14,28.88,47.11,374,0,34,160,261,554
35503081121,71.54,0,8.46,33.46,51.54,186,0,22,87,134,260
35503081122,75.53,0,7.45,36.7,56.91,142,0,14,69,107,188
35503081123,52.35,0,4.71,27.65,47.06,89,0,8,47,80,170
35503081127,55.48,0,6.16,33.9,46.92,162,0,18,99,137,292
35503081128,64.45,0,7.67,34.81,52.21,437,0,52,236,354,678
35503081129,55.85,0,7.55,33.96,51.7,148,0,20,90,137,265
35503081131,71.82,0,10.97,39.65,59.35,288,0,44,159,238,401
35503081132,62.96,0,5.18,30.52,45.87,328,0,27,159,239,521
35503081133,60.94,0,2.77,20.78,40.17,220,0,10,75,145,361
35503081136,61.58,0,6.21,31.07,49.15,109,0,11,55,87,177
35503081137,60.89,0,10.08,32.26,53.63,151,0,25,80,133,248
35503081139,63.58,0,4.32,27.78,46.3,103,0,7,45,75,162
35503081140,65.46,0,6.59,32.39,47.04,487,0,49,241,350,744
35503081142,66.43,0.43,6.89,27.12,44.33,463,3,48,189,309,697
35503081143,74.11,0,8.82,39.4,57.27,647,0,77,344,500,873
35503081144,68.25,0,7.24,28.97,54.04,245,0,26,104,194,359
35503081145,73.44,0,7.37,28.12,48.66,329,0,33,126,218,448
35503081146,61.72,0,6.7,25.36,47.85,129,0,14,53,100,209
35503081147,63.48,0,7.54,34.78,55.65,219,0,26,120,192,345
35503081148,63.12,0,5.94,31.25,47.19,202,0,19,100,151,320
35503081149,58.87,0.66,5.07,27.98,43.57,627,7,54,298,464,1065
35503081150,67.48,0,7.69,34.27,48.6,193,0,22,98,139,286
35503081152,58.9,0,6.93,30.16,47.75,824,0,97,422,668,1399
35503081153,53.92,0,5.8,30.72,50.85,158,0,17,90,149,293
35503081154,45.85,0,7.8,35.12,55.61,94,0,16,72,114,205
35503081155,53.28,0,5.11,20.44,36.5,73,0,7,28,50,137
35503081156,63.51,0,7.51,32.79,51.62,550,0,65,284,447,866
35503081157,60.69,0,6.84,30.17,48.91,1891,0,213,940,1524,3116
35503081158,65.82,1.53,7.65,32.65,49.49,129,3,15,64,97,196
35503081159,58.71,0,5.36,26.81,46.38,219,0,20,100,173,373
35503081164,56.92,0,6.72,26.48,47.04,144,0,17,67,119,253
35503081165,64.57,0,9.14,34.67,52,339,0,48,182,273,525
35503081167,58.57,0,6.79,26.79,44.29,164,0,19,75,124,280
35503081168,61.24,0.73,8.59,32.91,52.47,335,4,47,180,287,547
35503081169,75.94,0,6.02,31.58,44.36,101,0,8,42,59,133
35503081170,69.14,0,6.66,31.28,50.21,986,0,95,446,716,1426
35503081171,76.1,0,7.55,30.82,52.83,121,0,12,49,84,159
35503081172,53.55,0,5.36,28.96,43.07,649,0,65,351,522,1212
35503081173,66.05,0,6.98,29.15,46.05,426,0,45,188,297,645
35503081174,68.22,0,6.59,32.17,43.41,176,0,17,83,112,258
35503081176,62.83,0,7.52,33.78,51.03,426,0,51,229,346,678
35503081177,65.59,0,6.45,33.33,50,244,0,24,124,186,372
35503081178,61.34,0,5.88,28.57,50,146,0,14,68,119,238
35503081180,61.86,0,4.12,25.36,36.49,300,0,20,123,177,485
35503081181,60.27,0,4.71,29.63,43.77,179,0,14,88,130,297
35503081182,67.65,0,7.17,30.66,51.76,481,0,51,218,368,711
35503081183,62.79,0,6.5,29.83,48.23,1846,0,191,877,1418,2940
35503081184,64.23,0,7.32,30.08,51.22,79,0,9,37,63,123
35503081185,62.93,0,6.12,29.59,55.1,185,0,18,87,162,294
35503081187,59.32,0,4.75,30.51,49.83,175,0,14,90,147,295
35503081189,60.62,0,4.28,25.37,44.54,411,0,29,172,302,678
35503081190,60.66,0,6.23,24.59,47.87,185,0,19,75,146,305
35503081191,68.7,0,7.59,29.63,48.7,371,0,41,160,263,540
35503081192,55.35,0,6.27,27.31,40.96,150,0,17,74,111,271
35503081193,67.54,0,6.9,32.46,50.93,362,0,37,174,273,536
35503081194,62.07,0,7.76,34.48,0,72,0,9,40,0,116
35503081195,64.42,0.49,8.87,34.18,54.48,784,6,108,416,663,1217
35503081196,80.05,0,7.87,39.37,58.27,305,0,30,150,222,381
35503081197,61.45,0,7.94,36.28,57.14,271,0,35,160,252,441
35503081198,58.49,0,3.77,24.53,43.4,93,0,6,39,69,159
35503081199,62.33,0,9.42,36.29,53.46,225,0,34,131,193,361
35503081200,63.04,0,7.61,31.52,47.28,116,0,14,58,87,184
35503081201,76.57,0,5.86,30.96,52.3,183,0,14,74,125,239
35503081202,56.8,0,5.25,29.36,45.35,238,0,22,123,190,419
35503081203,64.9,0,8.28,34.44,50.66,392,0,50,208,306,604
35503081204,64,0,11.2,31.2,55.2,80,0,14,39,69,125
35503081205,71.39,0,7.8,31.07,51.01,494,0,54,215,353,692
35503081206,68.32,0,6.51,26.71,43.15,399,0,38,156,252,584
35503081207,70.4,0,4.93,28.7,48.43,157,0,11,64,108,223
35503081208,68.88,0,5.09,30.33,43.05,352,0,26,155,220,511
35503081209,67.69,0,6.49,30.68,44.64,417,0,40,189,275,616
35503081210,68.81,0,7.21,32.55,54,353,0,37,167,277,513
35503081211,64.93,0,8.14,32.99,50.1,311,0,39,158,240,479
35503081212,65.14,0,8.56,33.06,51.26,723,0,95,367,569,1110
35503081213,63.36,0,7.83,33.51,55.53,728,0,90,385,638,1149
35503081214,63.52,0,7.15,30.56,48.82,1297,0,146,624,997,2042
35503081215,62.14,0,5.69,29.84,48.7,906,0,83,435,710,1458
35503081216,63.53,0.21,7.68,32.22,50.69,3340,11,404,1694,2665,5257
35503081218,60.87,1,12.04,37.46,58.19,182,3,36,112,174,299
35503081219,65.24,0,8.38,32.62,52.74,428,0,55,214,346,656
35503081220,64.52,0.18,8.61,34.16,54.58,1071,3,143,567,906,1660
35503081221,66.99,0,9.24,35.94,53.39,1167,0,161,626,930,1742
35503081223,60.02,0,4.63,25.99,43.17,545,0,42,236,392,908
35503081224,69.87,0,5.13,26.28,46.15,109,0,8,41,72,156
35503081225,67.21,0,6.48,28.74,41.3,166,0,16,71,102,247
35503081226,67.88,0,5.11,27.74,41.97,186,0,14,76,115,274
35503081228,64.46,0,8.03,36.55,49,321,0,40,182,244,498
35503081229,72.63,0,5.03,31.56,48.32,260,0,18,113,173,358
35503081230,61.17,0,3.4,25.73,41.26,126,0,7,53,85,206
35503081231,67.81,0,6.31,27.33,44.55,516,0,48,208,339,761
35503081232,72.49,0,2.65,25.93,41.8,137,0,5,49,79,189
35503081233,70.95,0,8.57,26.67,51.9,149,0,18,56,109,210
35503081235,66.75,0,7.39,32.51,52.22,271,0,30,132,212,406
35503081236,65.9,0,6.29,27.24,41.33,346,0,33,143,217,525
35503081237,60.45,0,6,29.51,47.32,1602,0,159,782,1254,2650
35503081238,62.44,0,6,30.56,48.67,562,0,54,275,438,900
35503081240,70.35,0,5.93,28.02,44.3,605,0,51,241,381,860
35503081241,69.83,0,6.27,30.96,46.39,891,0,80,395,592,1276
35503081242,74.17,0,5.29,28.1,41.99,491,0,35,186,278,662
35503081243,43.61,0,5.9,27.21,43.28,133,0,18,83,132,305
35503081244,63.25,0,7.37,31.37,49.59,764,0,89,379,599,1208
35503081245,64.79,0,11.24,39.33,57.68,173,0,30,105,154,267
35503081247,65.69,0,6.33,29.09,48.38,2012,0,194,891,1482,3063
35503081248,65.42,0,4.36,25.23,39.88,210,0,14,81,128,321
35503081249,69.81,0,7.71,32.86,49.52,733,0,81,345,520,1050
35503081250,65.86,0,5.14,24.17,38.67,218,0,17,80,128,331
35503081251,66.67,0,7.02,32.57,51.09,522,0,55,255,400,783
35503081253,66.83,0,4.02,21.11,31.66,133,0,8,42,63,199
35503081254,80.22,0,5.85,28.98,47.89,645,0,47,233,385,804
35503081255,72.62,0,3.17,29.76,44.84,183,0,8,75,113,252
35503081256,53.94,0,7.63,30.53,43.51,212,0,30,120,171,393
35503081257,70.17,0,7,32.2,51.04,4302,0,429,1974,3129,6131
35503081258,67.42,0,7.06,29.53,48.15,420,0,44,184,300,623
35503081259,64.52,0,7.02,26.73,44.13,671,0,73,278,459,1040
35503081260,62.44,0,5.33,24.87,37.31,246,0,21,98,147,394
35503081262,65.57,0,8.2,27.32,43.72,240,0,30,100,160,366
35503081263,64.31,0.66,6.41,27.8,42.6,391,4,39,169,259,608
35503081264,65.12,0,5.94,23.93,37.29,351,0,32,129,201,539
35503081266,68.97,0,6.9,27.95,47.91,380,0,38,154,264,551
35503081267,75.91,0,5.11,28.47,44.53,104,0,7,39,61,137
35503081268,67.8,0,9.16,33.81,54.11,718,0,97,358,573,1059
35503081269,65.91,0,6.69,30.02,48.78,404,0,41,184,299,613
35503081270,77.88,0,3.69,26.27,40.09,169,0,8,57,87,217
35503081271,65.51,0,5.88,30.21,45.19,245,0,22,113,169,374
35503081274,64.98,0,6.61,30.4,51.32,295,0,30,138,233,454
35503081275,67.97,0,7.36,31.8,49.63,1182,0,128,553,863,1739
35503081276,73.89,0,7.7,32.61,51.73,2898,0,302,1279,2029,3922
35503081278,58.68,0,4.19,28.74,46.11,98,0,7,48,77,167
35503081280,65.78,0,4.13,22.12,38.35,223,0,14,75,130,339
35503081282,66.24,0,4.85,28.9,47.05,314,0,23,137,223,474
35503081283,74.9,0,5.98,29.34,47.3,388,0,31,152,245,518
35503081284,68.29,0,5.5,31.29,49.26,323,0,26,148,233,473
35503081285,70.44,0,6.61,29.34,49.5,629,0,59,262,442,893
35503081286,68.41,0,6.15,28.72,45.51,1479,0,133,621,984,2162
35503081287,65.46,0,6.34,34.31,50.31,847,0,82,444,651,1294
35503081288,64.63,0,6.28,29.4,47.47,1842,0,179,838,1353,2850
35503081291,67.37,0.27,7.09,31.09,48.95,2707,11,285,1249,1967,4018
35503081292,64.43,0,5.49,27.44,40.45,317,0,27,135,199,492
35503081293,67.91,0,6.98,30.23,46.98,292,0,30,130,202,430
35503081294,62.83,0,5.24,28.27,43.46,120,0,10,54,83,191
35503081296,55.6,0,9.03,31.77,51.26,154,0,25,88,142,277
35503081297,73.21,0,6.9,30.77,51.99,276,0,26,116,196,377
35503081298,59,0,6,0,0,59,0,6,0,0,100
35503081300,58.45,0,7.45,26.65,44.41,204,0,26,93,155,349
35503081301,68.03,0,4.76,22.45,40.14,100,0,7,33,59,147
35503081302,62.61,0,6.91,28.88,46.36,1214,0,134,560,899,1939
35503081303,58.69,0,6.77,27.09,44.47,260,0,30,120,197,443
35503081305,70.08,0,7.1,29.88,48.17,3206,0,325,1367,2204,4575
35503081306,65.29,0,5.51,25.65,41.93,1339,0,113,526,860,2051
35503081307,63.42,0,7.33,31.22,48.68,839,0,97,413,644,1323
35503081308,76.02,0,7.88,31.36,50.58,3018,0,313,1245,2008,3970
35503081310,65,0,3.26,25.65,40,299,0,15,118,184,460
35503081312,64.05,0,7.1,30.06,48.49,424,0,47,199,321,662
35503081315,68.06,0,6.44,28.6,46.99,814,0,77,342,562,1196
35503081316,69.13,0,8.9,36.88,55.95,3200,0,412,1707,2590,4629
35503081317,68.9,0,8.9,36.48,54.8,2741,0,354,1451,2180,3978
35503081319,70.3,0.18,5.61,29.76,48.54,1179,3,94,499,814,1677
35503081322,69.53,0,5.03,24.85,44.08,235,0,17,84,149,338
35503081324,68.58,0.04,6.56,29.35,47.72,4912,3,470,2102,3418,7162
35503081325,62.47,0.17,6.63,27.48,45.42,2637,7,280,1160,1917,4221
35503081326,64.7,0,3.83,22.78,39.83,372,0,22,131,229,575
35503081327,73.03,0.42,9.74,37.6,55.02,2445,14,326,1259,1842,3348
35503081328,76.32,0,6.1,24,38.89,938,0,75,295,478,1229
35503081329,71.02,0,5.87,29.47,45.07,1730,0,143,718,1098,2436
35503081330,70.48,0,6.93,31.27,49.85,3602,0,354,1598,2548,5111
35503081331,70.39,0,7.33,35.42,53.04,787,0,82,396,593,1118
35503081332,71.75,0.07,9.87,38.9,57.17,3248,3,447,1761,2588,4527
35503081336,67.15,0,6.09,30,49.27,1014,0,92,453,744,1510
35503081337,82.4,0,7.2,30.4,51.2,103,0,9,38,64,125
35503081339,64.42,0,7.33,31.05,47.12,782,0,89,377,572,1214
35503081340,65.31,0,7.46,31.15,47.77,849,0,97,405,621,1300
35503081341,60.89,0,3.85,27.94,44.51,316,0,20,145,231,519
35503081342,66.93,0,7.84,30.03,47.48,1366,0,160,613,969,2041
35503081343,78.89,0,6.92,27.34,45.33,228,0,20,79,131,289
35503081345,67.36,0,7.17,28.3,50.19,357,0,38,150,266,530
35503081346,62.09,0,6.69,29.67,41.68,362,0,39,173,243,583
35503081348,63.75,0,7.64,32.67,51.66,960,0,115,492,778,1506
35503081349,70.23,0,8.15,34.53,54.35,1137,0,132,559,880,1619
35503081352,59.2,0,7.3,32.01,53.55,1152,0,142,623,1042,1946
35503081353,64.73,0,5.8,28.57,47.32,145,0,13,64,106,224
35503081356,61.3,0,6.3,29.57,47.61,282,0,29,136,219,460
35503081357,62.01,0,9.99,34.1,52.6,751,0,121,413,637,1211
35503081358,60.14,0,8.35,33.86,50.16,922,0,128,519,769,1533
35503081361,71.73,0,6.62,26.69,43.01,954,0,88,355,572,1330
35503081368,50.53,0,9.47,37.63,59.74,192,0,36,143,227,380
35503081371,69.14,0.22,7.96,32.84,53.8,2240,7,258,1064,1743,3240
35503081372,75.44,0,8.99,36.18,52.41,344,0,41,165,239,456
35503081373,60.06,0,5.43,24.6,43.13,188,0,17,77,135,313
35503081375,73.51,0,12.32,41.99,63.93,1551,0,260,886,1349,2110
35503081379,66.21,0,9.63,36.05,55.94,1025,0,149,558,866,1548
35503081383,61.39,0.08,6.28,28.55,45.65,3217,4,329,1496,2392,5240
35503081384,69.76,0,7.91,33.79,52.37,353,0,40,171,265,506
35503081386,77.08,0,8.99,21.44,50.6,1406,0,164,391,923,1824
35503081388,84.32,0,6.63,20.84,50.74,801,0,63,198,482,950
35503081389,44.86,0,0,0,0,48,0,0,0,0,107
35503081390,47.52,0,6.38,23.4,41.84,67,0,9,33,59,141
35503081395,64.41,0.2,6.5,30.39,48.83,3565,11,360,1682,2703,5535
35503081397,67.15,0,7.3,36.86,54.38,184,0,20,101,149,274
35503081398,66.89,0,5.46,27.87,46.22,919,0,75,383,635,1374
35503081399,69.28,0.16,6.34,29.29,46.7,1301,3,119,550,877,1878
35503081400,61.47,0,5.35,24.94,42.76,276,0,24,112,192,449
35503081401,70.7,0.32,5.41,31.1,49.26,666,3,51,293,464,942
35503081402,67.02,0,6.46,29.83,49.64,2831,0,273,1260,2097,4224
35503081403,56.73,0,9.13,23.56,37.02,118,0,19,49,77,208
35503081404,64.77,0,6.29,28.83,40.69,546,0,53,243,343,843
35503081407,55.9,0,10.48,31,49.34,128,0,24,71,113,229
35503081408,70.37,0,8.89,25.19,37.78,95,0,12,34,51,135
35503081409,72.3,0,5.47,30.5,46.66,595,0,45,251,384,823
35503081412,71.32,0,6.98,30.62,46.51,184,0,18,79,120,258
35503081414,70.4,0,4.91,28.65,46.25,516,0,36,210,339,733
35503081416,70.5,0,6.47,26.26,39.57,196,0,18,73,110,278
35503081417,60.3,0,6.37,28.65,45.69,322,0,34,153,244,534
35503081419,66.77,0.31,6.43,30.34,50.43,1921,9,185,873,1451,2877
35503081425,75.84,0,10.37,40.08,59.18,929,0,127,491,725,1225
35503081426,66.67,0,6.21,31.64,42.37,118,0,11,56,75,177
35503081427,69.07,0,8.76,28.35,42.27,134,0,17,55,82,194
35503081430,71.4,0,13.02,42.33,61.4,307,0,56,182,264,430
35503081433,54.42,0,6.19,28.76,50.44,123,0,14,65,114,226
35503081434,69.91,0.53,8.32,34.34,52.57,395,3,47,194,297,565
35503081443,61.9,0,8.33,34.52,51.19,52,0,7,29,43,84
35503081454,73.79,0,8.28,37.93,60,107,0,12,55,87,145
35503081458,77.42,0,4.66,31.54,48.39,216,0,13,88,135,279
35503081482,52.63,0,5.26,21.55,35.84,210,0,21,86,143,399
35503081483,58.35,0,7.23,33.17,49.38,234,0,29,133,198,401
35503081484,51.25,0,7.47,27.76,43.42,144,0,21,78,122,281
35503081492,NA,NA,NA,NA,NA,0,0,0,0,0,0
35503081493,66.26,0,7.72,28.86,54.47,163,0,19,71,134,246
35503081495,62.13,0,9.86,34.32,53.06,945,0,150,522,807,1521
35503081499,70.72,0,6.78,29.28,47.77,459,0,44,190,310,649
35503081500,97.49,0,7.72,33.4,53.76,972,0,77,333,536,997
35503081506,63.46,0,7.69,0,0,33,0,4,0,0,52
35503081507,56.35,0,12.15,37.02,60.22,102,0,22,67,109,181
35503081509,63.17,0,5.63,31.59,48.59,494,0,44,247,380,782
35503081511,55.45,0,7.11,29.38,47.87,117,0,15,62,101,211
35503081512,66.12,0,7.41,33.06,52.67,482,0,54,241,384,729
35503081513,71.34,0,9.66,36.05,55.27,657,0,89,332,509,921
35503081516,68.06,0,8.33,32.41,50,147,0,18,70,108,216
35503081517,66.98,0,6.33,28.24,44.91,434,0,41,183,291,648
35503081519,72.03,0,3.81,27.54,46.19,170,0,9,65,109,236
35503081520,59.57,0,6.38,27.66,39.36,56,0,6,26,37,94
35503081521,67.5,0,5.83,25,49.58,162,0,14,60,119,240
35503081522,60.61,0,6.4,28.62,46.8,180,0,19,85,139,297
35503081524,68.42,0,4.39,35.96,51.75,78,0,5,41,59,114
35503081526,63.27,0,10.88,29.93,45.58,93,0,16,44,67,147
35503081527,72.98,0,13.05,39.34,63.97,397,0,71,214,348,544
35503081528,73.89,0,11.77,43.47,62.06,1149,0,183,676,965,1555
35503081529,71.11,0,6.03,28.89,45.73,283,0,24,115,182,398
35503081531,62.95,0,8.64,25.68,42.27,277,0,38,113,186,440
35503081532,55.19,0,6.75,29.32,48.67,1186,0,145,630,1046,2149
35503081534,62.47,0.71,3.56,29.22,46.79,263,3,15,123,197,421
35503081536,53.17,0,6.89,28.37,46.56,193,0,25,103,169,363
35503081537,74.19,0,9.8,35.72,57.95,621,0,82,299,485,837
35503081538,58.43,0,9.49,34.86,52.05,357,0,58,213,318,611
35503081539,61.03,0,7.52,29.07,46.99,487,0,60,232,375,798
35503081540,59.11,0,8.02,31.17,50.28,730,0,99,385,621,1235
35503081542,69.89,0,7.53,26.88,47.85,130,0,14,50,89,186
35503081544,68.35,0,8.63,35.97,49.64,95,0,12,50,69,139
35503081546,61.58,0,7.78,30.7,51.84,1069,0,135,533,900,1736
35503081547,66.97,0,7.67,31.96,50.96,2898,0,332,1383,2205,4327
35503081548,63.21,0.05,6.54,31.82,49.77,4187,3,433,2108,3297,6624
35503081550,70.37,0,13.67,43.98,61.3,520,0,101,325,453,739
35503081551,75.23,0,13.74,39.75,59.31,723,0,132,382,570,961
35503081552,82.37,0,13.56,37.29,53.56,243,0,40,110,158,295
35503081554,70.14,0,6.38,28.41,44.2,484,0,44,196,305,690
35503081555,75.13,0,12.08,43.96,64.62,429,0,69,251,369,571
35503081556,84,0,9.78,44,61.78,189,0,22,99,139,225
35503081558,66.3,0,7.67,29.04,51.23,242,0,28,106,187,365
35503081561,61.04,0,5.63,28.57,44.59,141,0,13,66,103,231
35503081562,62.03,0.65,7.36,32.08,50.08,379,4,45,196,306,611
35503081564,48.81,0,3.57,36.9,55.95,41,0,3,31,47,84
35503081565,63.87,0,3.87,22.37,33.33,297,0,18,104,155,465
35503081566,57.79,0,7.08,30.86,47.72,1217,0,149,650,1005,2106
35503081567,59.23,0,8.46,23.85,34.62,77,0,11,31,45,130
35503081568,76.15,0,9.17,33.03,50.46,83,0,10,36,55,109
35503081569,79.13,0,7.44,31.55,47.41,489,0,46,195,293,618
35503081570,68.67,0.2,11.33,38.43,56.86,1006,3,166,563,833,1465
35503081572,65.04,0,5.69,25.2,36.59,80,0,7,31,45,123
35503081573,65.19,0,5.93,28.4,45.68,264,0,24,115,185,405
35503081574,65.81,0,5.16,25.81,43.87,102,0,8,40,68,155
35503081575,61.39,0,5.7,34.81,48.73,97,0,9,55,77,158
35503081576,58.47,0,7.1,29.19,47.24,1474,0,179,736,1191,2521
35503081577,71.65,0,11.8,42.12,59.54,1160,0,191,682,964,1619
35503081578,61.06,0,6.03,29.4,45.98,243,0,24,117,183,398
35503081579,72.59,0,6.6,32.99,55.84,143,0,13,65,110,197
35503081580,70.41,0,0,0,0,69,0,0,0,0,98
35503081582,74.63,0,8.18,35.01,54.72,356,0,39,167,261,477
35503081585,63.7,0,5.48,31.85,49.32,186,0,16,93,144,292
35503081586,64.67,0,11.32,34.65,56.09,377,0,66,202,327,583
35503081587,67.51,0.23,10.41,36.46,59.94,1446,5,223,781,1284,2142
35503081593,72.19,0,9.37,37.32,53.03,501,0,65,259,368,694
35503081595,72.48,0,9.06,37.33,57.63,1064,0,133,548,846,1468
35503081596,70.33,0,7.89,34.48,49.06,410,0,46,201,286,583
35503081598,64.92,0,13.03,42.65,60.71,309,0,62,203,289,476
35503081601,66.2,0,4.51,23.94,43.66,235,0,16,85,155,355
35503081603,67.88,0,10.36,36.27,58.55,131,0,20,70,113,193
35503081608,69.96,0,7.73,33.05,54.94,163,0,18,77,128,233
35503081609,70.27,0,4.63,32.43,55.6,182,0,12,84,144,259
35503081613,67.23,0,4.2,20.17,32.77,80,0,5,24,39,119
35503081615,50,0,2.59,31.03,44.83,58,0,3,36,52,116
35503081616,65.22,0,3.48,29.57,43.48,150,0,8,68,100,230
35503081618,65.89,0.45,7.33,31.79,50.19,881,6,98,425,671,1337
35503081619,66.67,0,5.49,31.37,43.14,170,0,14,80,110,255
35503081620,63,0,7.95,27.52,45.87,206,0,26,90,150,327
35503081626,70.42,0,9.09,38.18,55.49,1859,0,240,1008,1465,2640
35503081627,72.91,0,10.63,42.28,57.22,288,0,42,167,226,395
35503081628,73.02,0,6.35,30.16,49.78,506,0,44,209,345,693
35503081629,61.41,0,5.25,29.71,47.28,339,0,29,164,261,552
35503081630,41.43,0,4.29,27.14,38.57,29,0,3,19,27,70
35503081632,59.28,0,4.89,28.01,45.28,182,0,15,86,139,307
35503081634,60.83,0,5.89,30.1,47.93,382,0,37,189,301,628
35503081637,67.01,0,8.84,36.39,54.08,197,0,26,107,159,294
35503081638,63.98,0,5.38,34.95,46.77,119,0,10,65,87,186
35503081639,60.64,0,9.91,35.86,55.1,208,0,34,123,189,343
35503081641,75.1,0,10.55,36.72,59.85,591,0,83,289,471,787
35503081644,44.8,0,6.4,23.2,42.4,56,0,8,29,53,125
35503081646,61.49,0,6.21,25.47,40.99,99,0,10,41,66,161
35503081649,60.65,0,6.5,28.88,46.21,168,0,18,80,128,277
35503081650,48.02,0,6.5,31.36,48.59,170,0,23,111,172,354
35503081651,55.96,0,5.7,20.21,37.31,108,0,11,39,72,193
35503081652,73.24,0,10.42,37.02,57.21,457,0,65,231,357,624
35503081653,59.88,0,7.56,34.3,50.58,103,0,13,59,87,172
35503081654,62.14,0,3.88,19.42,34.95,64,0,4,20,36,103
35503081659,65.56,0,7.4,31.12,45.92,257,0,29,122,180,392
35503081660,70,0,8.33,29.72,47.22,252,0,30,107,170,360
35503081661,66.55,0,4.73,28.38,42.23,197,0,14,84,125,296
35503081666,72.48,0,8.72,33.94,57.19,474,0,57,222,374,654
35503081668,61.02,0,8.35,32.64,50.12,1578,0,216,844,1296,2586
35503081669,61.66,0,7.13,29.71,49.93,1272,0,147,613,1030,2063
35503081670,59.79,0,8.83,27.31,44.14,2559,0,378,1169,1889,4280
35503081671,62.93,0,7.3,31.88,52.94,1820,0,211,922,1531,2892
35503081672,77.69,0,11.68,40.33,59.56,2142,0,322,1112,1642,2757
35503081676,55.75,0,9.06,34.15,54.01,160,0,26,98,155,287
35503081678,60.87,0,7.25,0,0,42,0,5,0,0,69
35503081680,64.72,0,11.51,39.31,60.84,433,0,77,263,407,669
35503081681,62.67,0,11.7,37.05,55.43,225,0,42,133,199,359
35503081682,66.67,0,7.94,38.1,0,42,0,5,24,0,63
35503081683,69.14,0,8.57,33.71,58.29,121,0,15,59,102,175
35503081684,70.69,0.22,10.66,37.15,55.71,2209,7,333,1161,1741,3125
35503081685,59.82,0,7.67,31.29,55.52,195,0,25,102,181,326
35503081686,74.35,0,10.47,34.03,52.88,142,0,20,65,101,191
35503081687,62.94,0,6.1,28.93,46.89,557,0,54,256,415,885
35503081688,73.78,0.63,11.3,38.98,57.53,1058,9,162,559,825,1434
35503081689,58.62,0,5.4,29.09,46.18,391,0,36,194,308,667
35503081691,64.71,0,4.2,26.47,42.65,308,0,20,126,203,476
35503081693,60.37,0,5.61,28.23,47.28,355,0,33,166,278,588
35503081694,73.05,0,9.09,37.16,55.66,458,0,57,233,349,627
35503081695,61.15,0,5.52,31.65,45.08,255,0,23,132,188,417
35503081696,63.34,0,7.33,29.85,49.17,2056,0,238,969,1596,3246
35503081698,66.42,0,10.12,39.51,56.79,269,0,41,160,230,405
35503081701,51.8,1.35,3.6,27.48,39.19,115,3,8,61,87,222
35503081702,61.87,0,7.86,33.98,48.07,417,0,53,229,324,674
35503081703,61.93,0,5.68,33.52,49.43,109,0,10,59,87,176
35503081704,66.39,0.15,8.05,35.88,52.77,2193,5,266,1185,1743,3303
35503081705,68.81,0,9.44,36.25,55.12,598,0,82,315,479,869
35503081706,64.21,0,7.09,31.98,51.18,1819,0,201,906,1450,2833
35503081707,61.95,0,8.01,35.36,53.25,990,0,128,565,851,1598
35503081709,51.29,0,6.03,28.88,46.34,238,0,28,134,215,464
35503081717,67.35,0.57,8.68,35.78,52.92,947,8,122,503,744,1406
35503081720,69.26,0.74,10.57,38.84,56.51,2438,26,372,1367,1989,3520
35503081721,59.21,0,5.64,32.33,48.12,315,0,30,172,256,532
35503081722,70.84,0.18,9.74,37,53.62,1193,3,164,623,903,1684
35503081723,66.23,0.07,10.84,36.95,54.3,2914,3,477,1626,2389,4400
35503081724,72.17,0,9.13,37.83,54.35,166,0,21,87,125,230
35503081726,66.98,0,10.07,35.83,54.33,286,0,43,153,232,427
35503081727,65.01,0,8.45,32.8,55.39,446,0,58,225,380,686
35503081728,62.77,0.78,7.32,30.84,51.4,403,5,47,198,330,642
35503081729,62.89,0,7.63,32.99,51.13,305,0,37,160,248,485
35503081730,57.61,0,7.07,29.35,47.83,106,0,13,54,88,184
35503081731,75.1,0,12.85,42.17,58.63,374,0,64,210,292,498
35503081733,67.57,0,3.72,22.97,38.51,200,0,11,68,114,296
35503081735,65.64,0,15.38,42.56,57.95,128,0,30,83,113,195
35503081738,61.78,0,7.01,39.49,54.14,97,0,11,62,85,157
35503081739,57.65,0,7.39,30.47,45.12,437,0,56,231,342,758
35503081741,46.43,0,7.14,25,42.26,78,0,12,42,71,168
35503081743,70.64,0,6.36,34.09,53.51,433,0,39,209,328,613
35503081744,72,0,4,27.43,43.43,126,0,7,48,76,175
35503081745,60,0,10,41.67,56.67,36,0,6,25,34,60
35503081746,69.38,0,6.61,30.62,51.54,315,0,30,139,234,454
35503081747,56.36,0,4.24,27.33,45.34,266,0,20,129,214,472
35503081748,59.63,0,4.97,24.84,45.96,96,0,8,40,74,161
35503081749,42.33,0,6.88,28.57,40.74,80,0,13,54,77,189
35503081750,68.29,0,10.45,39.37,59.58,196,0,30,113,171,287
35503081752,58.13,0,8.61,33.01,50.48,243,0,36,138,211,418
35503081753,67.88,0,5.81,29.58,44.28,374,0,32,163,244,551
35503081755,76.56,0,12.11,41.02,60.55,196,0,31,105,155,256
35503081756,63.9,0,6.73,29.37,44.84,285,0,30,131,200,446
35503081758,72.08,0,13.47,47.33,66.93,364,0,68,239,338,505
35503081759,60,0,7.73,30.47,48.76,699,0,90,355,568,1165
35503081760,59.52,0,6.46,28.68,47.39,525,0,57,253,418,882
35503081761,73.68,0,8.27,36.84,59.4,98,0,11,49,79,133
35503081762,61.9,0,9.02,35.59,52.38,247,0,36,142,209,399
35503081763,73.51,0,7.09,33.58,54.48,197,0,19,90,146,268
35503081765,70.6,0,6.42,38.3,55.69,341,0,31,185,269,483
35503081766,72.25,0,3.83,25.84,43.06,151,0,8,54,90,209
35503081767,61.49,0.63,7.61,31.7,47.54,388,4,48,200,300,631
35503081768,72.3,0,7.55,29.14,48.2,201,0,21,81,134,278
35503081769,72.71,0,8.8,37.85,55.81,413,0,50,215,317,568
35503081771,69.19,0,8.26,29.26,48.54,402,0,48,170,282,581
35503081772,65.56,0,8.61,35.61,52.28,1180,0,155,641,941,1800
35503081773,72.13,0.16,8.94,40.64,54.52,1356,3,168,764,1025,1880
35503081775,64.26,0,1.7,25.11,39.57,151,0,4,59,93,235
35503081776,65.85,0,5.28,24.39,39.43,162,0,13,60,97,246
35503081777,73.47,0,10.2,40.23,57.73,252,0,35,138,198,343
35503081785,72.6,0.72,8.73,31.9,51.36,1015,10,122,446,718,1398
35503081789,60.47,0,6.4,23.84,40.7,104,0,11,41,70,172
35503081790,68.21,0,9.66,37.22,53.32,339,0,48,185,265,497
35503081793,61.76,0,5.7,26.84,43.94,260,0,24,113,185,421
35503081795,67.02,0,6.81,30.84,44.99,502,0,51,231,337,749
35503081796,63.37,0,9.89,35.96,53.26,282,0,44,160,237,445
35503081797,75.08,0,12.46,39.88,58.88,241,0,40,128,189,321
35503081799,66.18,0,5.88,33.09,45.59,90,0,8,45,62,136
35503081802,65.43,0,10.78,40.89,58.36,176,0,29,110,157,269
35503081803,78.7,0,11.74,34.52,47.99,2353,0,351,1032,1435,2990
35503081809,68.7,0,7.2,27.98,50.14,248,0,26,101,181,361
35503081810,59.96,0,6.42,26.99,46.24,271,0,29,122,209,452
35503081811,68.68,0,4.4,26.92,45.05,250,0,16,98,164,364
35503081812,72.92,0,8.41,32.87,51.31,1613,0,186,727,1135,2212
35503081813,67.42,0,9.95,34.84,52.94,149,0,22,77,117,221
35503081817,72.66,0,7.02,33.55,52.59,2049,0,198,946,1483,2820
35503081819,69.23,0,6.07,29.19,47.05,1620,0,142,683,1101,2340
35503081822,67.86,0,8.5,35.29,50,950,0,119,494,700,1400
35503081826,69.14,0,10.49,38.27,60.49,112,0,17,62,98,162
35503081827,60.29,0,5.78,29.6,43.5,334,0,32,164,241,554
35503081828,69.15,0,5.24,26.21,44.35,343,0,26,130,220,496
35503081830,79.61,1.41,5.62,35.68,56.41,453,8,32,203,321,569
35503081831,65.45,0,7.05,32.88,50.63,1290,0,139,648,998,1971
35503081832,64.11,0.37,8.08,34.16,50.28,1738,10,219,926,1363,2711
35503081833,74.67,0,7.34,34.02,52.18,2939,0,289,1339,2054,3936
35503081834,74.29,0,11,38.57,54.64,601,0,89,312,442,809
35503081836,70.08,0,8.02,33.54,52.03,6044,0,692,2893,4488,8625
35503081837,66.48,0,8.22,34.37,50.04,938,0,116,485,706,1411
35503081838,65.04,0,7.33,26.16,44.25,266,0,30,107,181,409
35503081839,66.26,0,8.01,33.13,52.39,430,0,52,215,340,649
35503081840,62.81,0,6.61,19.01,43.39,152,0,16,46,105,242
35503081841,65.56,0,6.45,30.03,50.8,1026,0,101,470,795,1565
35503081845,73.44,0,7.81,34.9,52.95,423,0,45,201,305,576
35503081853,68.56,0,12.81,41.88,62.88,519,0,97,317,476,757
35503081856,67.07,0.38,6.81,31.19,53.22,886,5,90,412,703,1321
35503081857,69.57,0,8.61,34.53,51.23,679,0,84,337,500,976
35503081858,68.03,0.68,13.61,41.04,58.05,300,3,60,181,256,441
35503081859,80.14,0,7.8,39.72,54.61,113,0,11,56,77,141
35503081860,64.78,0,7.62,31.41,50.12,561,0,66,272,434,866
35503081867,61.13,0,6.04,25.66,42.64,162,0,16,68,113,265
35503081869,68.63,0,5.88,36.27,54.9,70,0,6,37,56,102
35503081872,60.65,0,8.88,28.99,46.45,205,0,30,98,157,338
35503081875,64.95,0,9.31,33.84,51.81,593,0,85,309,473,913
35503081876,67.02,0.48,7.53,32.03,52.14,703,5,79,336,547,1049
35503081878,62.07,0,8.97,35.69,53.97,360,0,52,207,313,580
35503081879,58.31,0,8.43,36.87,54.94,242,0,35,153,228,415
35503081881,62.12,0,10.41,38.06,54.94,346,0,58,212,306,557
35503081885,59.35,0,6.26,29.16,47.32,863,0,91,424,688,1454
35503081886,64.18,0,4.4,23.3,44.84,292,0,20,106,204,455
35503081887,65.1,0,8.24,27.06,46.67,166,0,21,69,119,255
35503081890,66.37,0,7.96,30.97,51.33,75,0,9,35,58,113
35503081893,64.81,0,7.38,31.44,49.33,536,0,61,260,408,827
35503081894,66.23,0,5.19,31.17,44.81,102,0,8,48,69,154
35503081895,60.39,0,9.38,35.56,52.83,1430,0,222,842,1251,2368
35503081897,69.9,0,10.37,35.12,54.18,209,0,31,105,162,299
35503081898,62.06,0,7.09,35.82,53.55,175,0,20,101,151,282
35503081899,65.77,0.97,8.96,28.51,50.54,609,9,83,264,468,926
35503081900,70.23,0,9.23,36.78,53.71,1012,0,133,530,774,1441
35503081902,61.3,0,8.05,31.48,50,1926,0,253,989,1571,3142
35503081903,57.63,0,4.24,28.81,37.29,68,0,5,34,44,118
35503081907,65.09,0,7.73,36.09,54.14,606,0,72,336,504,931
35503081908,64.55,0.16,7.58,33.71,50.94,1959,5,230,1023,1546,3035
35503081910,70.39,0,10.53,35.86,51.32,214,0,32,109,156,304
35503081911,64.74,0,8.01,34.62,50,202,0,25,108,156,312
35503081914,73.44,0,5.25,29.02,47.7,448,0,32,177,291,610
35503081916,69.88,0,7.23,28.92,54.22,116,0,12,48,90,166
35503081922,69.23,0,6.15,36.92,49.23,45,0,4,24,32,65
35503081925,52.24,0,0,0,0,35,0,0,0,0,67
35503081928,75,0,8.78,32.09,48.99,222,0,26,95,145,296
35503081933,63.01,0,7.16,30.47,48.11,1400,0,159,677,1069,2222
35503081934,73.09,0,5.87,30.82,45.16,785,0,63,331,485,1074
35503081935,50.9,0,6.59,28.74,43.41,170,0,22,96,145,334
35503081936,74.46,0,10.82,45.89,59.74,172,0,25,106,138,231
35503081937,65.18,0,6.25,29.46,55.8,146,0,14,66,125,224
35503081940,70.62,0,10.04,37.05,53.94,3010,0,428,1579,2299,4262
35503081942,75.06,0,8.1,33.04,50.76,593,0,64,261,401,790
35503081944,55.59,0,6.99,35.49,53.85,318,0,40,203,308,572
35503081945,59.85,0,6.69,30.48,42.38,161,0,18,82,114,269
35503081949,66.95,0,9.54,33.31,54.9,800,0,114,398,656,1195
35503081950,75.43,0,11.02,39.61,56.72,657,0,96,345,494,871
35503081951,69.36,0,7.3,34.42,55.19,808,0,85,401,643,1165
35503081952,78.35,0,9.09,33.22,54.05,474,0,55,201,327,605
35503081959,75.47,0,10.85,41.04,58.49,160,0,23,87,124,212
35503081963,70.92,0,6.38,24.82,41.84,100,0,9,35,59,141
35503081964,66.19,0,9.22,33.61,55.33,323,0,45,164,270,488
35503081967,63.29,0,6.07,28.29,46.43,886,0,85,396,650,1400
35503081968,76.48,0,10.68,40.07,56.55,1174,0,164,615,868,1535
35503081973,58.16,0,6.73,37.55,53.06,285,0,33,184,260,490
35503081974,71.51,0,7.2,32.84,51.07,2432,0,245,1117,1737,3401
35503081975,55.32,0,8.31,34.21,53.05,925,0,139,572,887,1672
35503081976,65.56,0,6.99,31.62,52.13,3562,0,380,1718,2832,5433
35503081977,66.49,0,6.18,26.34,44.14,732,0,68,290,486,1101
35503081981,76.55,0,7.49,43.32,54.72,235,0,23,133,168,307
35503081983,60.82,0,5.15,35.05,50.52,59,0,5,34,49,97
35503081984,61.66,0,9.21,36.26,56.17,415,0,62,244,378,673
35503081987,63.93,0,7.79,29.6,49.17,771,0,94,357,593,1206
35503081988,62.54,0,7.04,29.58,46.2,222,0,25,105,164,355
35503081990,72.01,0.47,9.95,37.79,54.59,463,3,64,243,351,643
35503081992,72.35,0,10.93,41.8,58.84,225,0,34,130,183,311
35503081995,59.89,0,7.69,25.27,40.11,109,0,14,46,73,182
35503082000,71.43,0,9.82,35.71,54.46,160,0,22,80,122,224
35503082001,68.81,0,6.6,30.87,52.1,1293,0,124,580,979,1879
35503082002,56.79,0,7.12,30.03,49.57,590,0,74,312,515,1039
35503082003,72.04,0.05,8.23,35.01,54.1,4247,3,485,2064,3189,5895
35503082006,65.14,0,8.45,36.62,51.76,185,0,24,104,147,284
35503082010,68.66,0,7.89,34.54,49.89,322,0,37,162,234,469
35503082012,59.35,0,8.13,34.96,51.22,73,0,10,43,63,123
35503082013,61.89,0,7.53,35.75,53.47,419,0,51,242,362,677
35503082015,74.26,0,10.78,39.71,58.82,303,0,44,162,240,408
35503082016,75.54,0,8.78,33.09,53.38,525,0,61,230,371,695
35503082025,61.46,0,7.14,34.64,50.4,456,0,53,257,374,742
35503082026,62.76,0,11.09,36.19,53.14,300,0,53,173,254,478
35503082029,70.22,0,8.99,37.08,51.69,250,0,32,132,184,356
35503082031,82.76,0,13.36,43.97,64.08,576,0,93,306,446,696
35503082035,77.94,0,7.89,34.62,56.68,385,0,39,171,280,494
35503082036,66.41,0.05,8.22,31.6,50.96,3636,3,450,1730,2790,5475
35503082037,69.3,0,9.06,34.38,50.5,903,0,118,448,658,1303
35503082039,75.3,0,6.37,37.85,55.38,189,0,16,95,139,251
35503082040,66.57,0,6.51,28.11,43.49,225,0,22,95,147,338
35503082041,72.94,0,12.01,40.17,58.5,601,0,99,331,482,824
35503082042,65.47,0.2,7.75,35.75,52.05,1293,4,153,706,1028,1975
35503082043,72.32,0,12.04,42.12,61.82,661,0,110,385,565,914
35503082044,59.05,0,6.46,29.11,49.98,1262,0,138,622,1068,2137
35503082045,62.94,0,7.36,29.44,47.46,248,0,29,116,187,394
35503082046,65.68,0,5.92,29.39,45.17,333,0,30,149,229,507
35503082047,72.11,0,8.58,33.79,50.42,941,0,112,441,658,1305
35503082048,70.94,0,8.89,38.64,55.02,1667,0,209,908,1293,2350
35503082049,70.68,0,10.42,38.76,61.24,217,0,32,119,188,307
35503082050,66.45,0,5.26,23.03,37.5,101,0,8,35,57,152
35503082052,67,0,8.11,30.7,49.01,611,0,74,280,447,912
35503082053,72.67,0,9.97,39.11,57.7,2412,0,331,1298,1915,3319
35503082054,67.77,0,6.81,28.74,50.17,408,0,41,173,302,602
35503082055,58.66,0.1,7.74,32.37,51.26,2365,4,312,1305,2067,4032
35503082056,71.88,0,8.63,36.31,57.89,483,0,58,244,389,672
35503082057,61.66,2.69,6.9,29.59,48.68,3207,140,359,1539,2532,5201
35503082058,37.45,0,5.56,34.16,49.79,182,0,27,166,242,486
35503082059,64.13,0.24,7.56,29.43,49.43,5389,20,635,2473,4154,8403
35503082060,61.02,0,6.18,29.59,48.18,1293,0,131,627,1021,2119
35503082061,55.56,0,6.08,28.04,45.5,210,0,23,106,172,378
35503082062,49.22,0,6.33,31.15,49.22,474,0,61,300,474,963
35503082063,68.58,0,10.09,40.6,57.11,299,0,44,177,249,436
35503082066,65.41,0,11.06,39.29,56.47,278,0,47,167,240,425
35503082067,70.75,0,9.2,37.74,59.2,300,0,39,160,251,424
35503082068,74.87,0,10.85,38.1,54.76,283,0,41,144,207,378
35503082069,66.17,0,8.33,35.08,53.75,794,0,100,421,645,1200
35503082070,59.96,0,8.85,33.6,54.73,298,0,44,167,272,497
35503082071,62.89,0.08,7.38,31.59,50.53,7741,10,908,3889,6220,12309
35503082073,67.44,0,8.55,33.01,48.69,899,0,114,440,649,1333
35503082074,70.98,1.55,6.48,30.31,47.93,274,6,25,117,185,386
35503082075,70.03,0,14.7,42.36,59.65,243,0,51,147,207,347
35503082076,68.54,0,9.86,38.03,61.03,146,0,21,81,130,213
35503082078,71.88,0.39,9.66,36.53,55.94,2196,12,295,1116,1709,3055
35503082079,65.97,0,9.12,33.82,52.54,948,0,131,486,755,1437
35503082080,64.56,0,10.68,35.92,55.34,133,0,22,74,114,206
35503082081,64.41,0,16.1,48.31,66.53,152,0,38,114,157,236
35503082082,70.83,0,11.11,25,44.44,51,0,8,18,32,72
35503082084,55.1,0,4.76,26.53,48.3,81,0,7,39,71,147
35503082088,71.89,0,6.22,34.86,50.81,266,0,23,129,188,370
35503082090,71.26,0,11.07,39.95,56.86,2162,0,336,1212,1725,3034
35503082091,72.17,0,6.96,32.46,48.41,249,0,24,112,167,345
35503082092,68.91,0,7.98,36.13,39.92,164,0,19,86,95,238
35503082093,67.92,0.51,8.06,24.87,42.71,396,3,47,145,249,583
35503082094,70.73,0,8.57,34.62,53.52,2368,0,287,1159,1792,3348
35503082097,73.29,0,7.73,35.65,52.98,664,0,70,323,480,906
35503082098,67.14,0,9.35,38.81,53.12,474,0,66,274,375,706
35503082101,68.3,0,12.5,42.41,60.27,153,0,28,95,135,224
35503082102,65.7,0,11.35,41.16,58.84,249,0,43,156,223,379
35503082103,68.75,8.04,8.04,45.54,44.64,77,9,9,51,50,112
35503082104,74.88,0,12.81,40.39,56.16,152,0,26,82,114,203
35503082105,57.08,0,7.15,29.55,47.43,367,0,46,190,305,643
35503082106,49.25,0,5.97,0,0,33,0,4,0,0,67
35503082107,59.25,0,6.9,30.55,48.04,1528,0,178,788,1239,2579
35503082108,61.17,0,6.55,27.43,45.87,252,0,27,113,189,412
35503082109,64.22,0,5.17,26.29,46.12,149,0,12,61,107,232
35503082110,63.91,0,6.86,28.53,45.17,1006,0,108,449,711,1574
35503082111,69.08,0,4.82,24.5,44.58,172,0,12,61,111,249
35503082112,68.12,0,8.73,39.3,56.33,156,0,20,90,129,229
35503082113,63.64,0,5.14,25.69,42.29,161,0,13,65,107,253
35503082114,65.45,0,7.45,28.21,46.89,536,0,61,231,384,819
35503082115,60,0,5.24,27.62,40.95,126,0,11,58,86,210
35503082116,63.45,0,8.45,29.46,47.82,743,0,99,345,560,1171
35503082117,70.63,0,7.45,29.8,50.86,493,0,52,208,355,698
35503082119,63.74,0,5.91,27.8,44.41,798,0,74,348,556,1252
35503082120,65.59,0,5.95,32.23,50,816,0,74,401,622,1244
35503082121,60.35,0,5.74,29.39,46.09,347,0,33,169,265,575
35503082122,62.19,0,6.2,31.88,48.71,913,0,91,468,715,1468
35503082123,70.19,0.94,8.69,36.15,53.76,299,4,37,154,229,426
35503082124,62.21,0,7.03,31.27,50.02,1725,0,195,867,1387,2773
35503082125,62.58,0.29,8.75,31.95,50.62,858,4,120,438,694,1371
35503082126,73.52,0.91,9.08,41.15,56.13,486,6,60,272,371,661
35503082127,58.19,0,6.18,28.34,44.84,998,0,106,486,769,1715
35503082128,67.27,0,9.19,36.77,51.95,483,0,66,264,373,718
35503082129,75.76,0,4.55,31.31,46.46,150,0,9,62,92,198
35503082130,63.32,0,6.42,34.72,50.36,611,0,62,335,486,965
35503082131,62.17,0,11.27,34.41,46.88,309,0,56,171,233,497
35503082132,66.25,0.28,7.27,31.49,50.78,1439,6,158,684,1103,2172
35503082133,66.54,0.22,7.01,33.84,53.83,1215,4,128,618,983,1826
35503082134,62.5,0.14,6.25,27.89,44.73,1340,3,134,598,959,2144
35503082135,62.85,0,9.35,35.98,55.61,269,0,40,154,238,428
35503082136,60.73,0,9.09,33.82,47.64,167,0,25,93,131,275
35503082137,68.52,0,8.01,34.2,53.06,1232,0,144,615,954,1798
35503082138,71.64,0,7.09,29.91,46.94,879,0,87,367,576,1227
35503082139,68.91,0,4.15,24.35,39.9,133,0,8,47,77,193
35503082140,68.29,0.6,9.23,34.7,55.64,799,7,108,406,651,1170
35503082141,68.23,0,11.19,39.35,54.15,189,0,31,109,150,277
35503082142,69.29,0,7.28,32.68,52.36,704,0,74,332,532,1016
35503082143,65.57,0,6.48,29.89,48.18,577,0,57,263,424,880
35503082145,68.81,0,6.74,30.78,48.6,664,0,65,297,469,965
35503082146,67.68,0,9.43,34.68,54.88,201,0,28,103,163,297
35503082147,63.06,0,10.02,35.76,54.42,321,0,51,182,277,509
35503082148,67.26,0,8.53,34.69,55.24,828,0,105,427,680,1231
35503082149,63.62,0,7.28,29.85,49.02,1268,0,145,595,977,1993
35503082150,65.98,0,7.67,31.46,48.08,258,0,30,123,188,391
35503082151,61.54,0,8.6,33.9,55.15,472,0,66,260,423,767
35503082152,64.96,0,7.22,31.72,49.76,684,0,76,334,524,1053
35503082155,62.29,0,7.15,28.12,46.19,793,0,91,358,588,1273
35503082157,62.42,0,6.37,35.03,50.32,98,0,10,55,79,157
35503082159,66.14,0,8.1,33.68,54.87,1086,0,133,553,901,1642
35503082160,65.43,0,8.12,33.49,54.85,1274,0,158,652,1068,1947
35503082161,73.95,0,10.92,41.6,56.3,176,0,26,99,134,238
35503082162,54.41,0,6.86,28.43,45.59,111,0,14,58,93,204
35503082163,68.82,0,12.1,43.55,63.17,256,0,45,162,235,372
35503082165,65.28,0,7.81,28.99,50.69,376,0,45,167,292,576
35503082166,68.7,0,7.83,39.13,52.17,79,0,9,45,60,115
35503082167,73.06,0,6.27,33.21,49.45,198,0,17,90,134,271
35503082168,68.37,0,7.91,35.86,52.34,614,0,71,322,470,898
35503082169,76.67,0,11.11,36.67,56.67,69,0,10,33,51,90
35503082170,63.29,0,6.53,29.34,45.83,2783,0,287,1290,2015,4397
35503082171,57.22,0,5.67,28.87,44.33,111,0,11,56,86,194
35503082174,71.21,0,7.2,29.17,48.11,188,0,19,77,127,264
35503082175,86.31,0,13.31,41.44,59.32,227,0,35,109,156,263
35503082176,53.42,0,7.45,27.95,44.72,86,0,12,45,72,161
35503082177,57.89,0,3.16,26.32,44.21,55,0,3,25,42,95
35503082178,64.97,0,5.78,25.85,43.2,191,0,17,76,127,294
35503082179,66.04,0,6.13,27.83,45.28,140,0,13,59,96,212
35503082180,59.85,0.09,5.85,28.67,47.03,2791,4,273,1337,2193,4663
35503082181,64.78,0,7.4,31.65,50.07,1453,0,166,710,1123,2243
35503082182,61.18,0,7.12,30.13,49.8,1872,0,218,922,1524,3060
35503082183,58.78,0,6.6,28.86,44.95,1326,0,149,651,1014,2256
35503082184,61.33,0.1,7.52,31.44,51.06,2520,4,309,1292,2098,4109
35503082185,75.24,0,8.95,35.06,57.27,942,0,112,439,717,1252
35503082186,74.94,4.3,10.02,42.96,63.48,314,18,42,180,266,419
35503082187,71.52,0,12.98,42.29,63.9,854,0,155,505,763,1194
35503082188,54.68,0,6.47,30.94,44.6,76,0,9,43,62,139
35503082189,71.28,0,8.31,36.02,50.13,283,0,33,143,199,397
35503082190,59.08,0,8.39,38.01,52.57,345,0,49,222,307,584
35503082191,59.54,0,5.83,26.33,42.93,337,0,33,149,243,566
35503082192,66.67,0,9.33,38,55.33,100,0,14,57,83,150
35503082193,66.39,0,7.73,34.62,50.59,395,0,46,206,301,595
35503082194,62.5,0,7.5,37.5,53.75,50,0,6,30,43,80
35503082195,64.58,0,5.95,25.89,46.73,217,0,20,87,157,336
35503082196,64.35,0,8.83,34.8,51.44,379,0,52,205,303,589
35503082197,73.18,0.16,7.53,33.15,52.32,2256,5,232,1022,1613,3083
35503082198,72.6,0,7.88,33.9,55.48,212,0,23,99,162,292
35503082201,74.9,0,9.79,40.31,57.29,719,0,94,387,550,960
35503082204,68.96,0,6.32,32.69,48.35,251,0,23,119,176,364
35503082205,65.5,0,9.09,35.43,57.34,281,0,39,152,246,429
35503082207,62.9,0,9.5,28.96,40.72,139,0,21,64,90,221
35503082208,63.75,0,5.98,29.48,43.43,160,0,15,74,109,251
35503082209,73.17,0,9.27,37.07,55.61,150,0,19,76,114,205
35503082210,64.87,0,7.53,34.13,52.95,517,0,60,272,422,797
35503082211,67.24,0,6.36,26.89,44.01,275,0,26,110,180,409
35503082212,63.01,0,4.95,24.73,44.73,293,0,23,115,208,465
35503082213,67.02,0.15,7.17,31.77,51.46,1327,3,142,629,1019,1980
35503082214,68.61,0,7.4,31.25,49.07,955,0,103,435,683,1392
35503082215,64.87,0,6.81,31.36,45.88,362,0,38,175,256,558
35503082216,68.41,0,5.49,25.27,40.38,249,0,20,92,147,364
35503082217,56.85,0,7.74,30.06,49.11,191,0,26,101,165,336
35503082218,57.58,0.61,6.26,24.44,42.42,285,3,31,121,210,495
35503082219,65.8,0,7,29.6,51.6,329,0,35,148,258,500
35503082220,62.44,0,7.19,28.86,48.4,1112,0,128,514,862,1781
35503082221,65.27,0,3.89,28.44,43.11,218,0,13,95,144,334
35503082222,69.67,0,9.61,42.64,63.66,232,0,32,142,212,333
35503082223,61.64,0,6.29,32.7,53.46,98,0,10,52,85,159
35503082224,NA,NA,NA,NA,NA,0,0,0,0,0,0
35503082225,62.88,0,8.67,32.46,49.22,769,0,106,397,602,1223
35503082226,NA,NA,NA,NA,NA,0,0,0,0,0,0
35503082227,76.55,0,11.27,38.91,55.09,421,0,62,214,303,550
35503082228,72.2,0,6.76,28.11,47.16,470,0,44,183,307,651
35503082229,71.19,0,10.95,40.48,57.38,299,0,46,170,241,420
35503082230,71.94,0,6.47,25.9,44.6,100,0,9,36,62,139
35503082231,68.38,0,6.65,29.96,48.75,3456,0,336,1514,2464,5054
35503082232,63.89,0,10,41.11,59.44,115,0,18,74,107,180
35503082233,83.53,0,4.71,34.12,51.76,71,0,4,29,44,85
35503082234,61.56,0,6.69,30.92,51.25,221,0,24,111,184,359
35503082235,47.96,0,4.98,22.62,41.18,106,0,11,50,91,221
35503082236,71.68,0.4,9.66,38.26,55.03,534,3,72,285,410,745
35503082237,52.99,0,11.97,36.75,50.43,62,0,14,43,59,117
35503082238,62.21,0,7.82,41.04,56.03,191,0,24,126,172,307
35503082242,66.15,0,5.06,29.96,46.69,170,0,13,77,120,257
35503082243,75.79,0,11.35,31.92,48.26,501,0,75,211,319,661
35504070002,54.78,0,9.38,41.17,57.35,853,0,146,641,893,1557
35506050001,59.71,0,8.32,32.41,49.05,818,0,114,444,672,1370
35506050002,47.9,0,6.29,31.82,51.05,137,0,18,91,146,286
35506050004,61.54,0,10.58,33.65,50.96,64,0,11,35,53,104
35506050005,35.23,0,0,0,0,31,0,0,0,0,88
35506050006,70.42,0,8.75,31.67,50.42,169,0,21,76,121,240
35506050007,52.17,0,9.32,35.71,51.86,168,0,30,115,167,322
35506050008,63.06,0,9.91,39.64,54.05,70,0,11,44,60,111
35507040003,63.67,0,8.15,32.12,51.03,680,0,87,343,545,1068
35507040004,69.4,0,7.79,35.16,56.14,837,0,94,424,677,1206
35507040005,74.36,0,7.9,33.79,52.05,1450,0,154,659,1015,1950
35507040006,74.6,0,8.29,28.88,50.27,279,0,31,108,188,374
35507040008,66.67,0,10.16,35.77,48.78,164,0,25,88,120,246
35507040009,66.3,0,7.9,32.37,56.84,596,0,71,291,511,899
35507040010,72.52,0,8.33,35.96,55.94,958,0,110,475,739,1321
35507040011,57.46,0,7.94,32.7,50.16,181,0,25,103,158,315
35507040023,60.63,0,7.61,34.9,48.77,271,0,34,156,218,447
35507040024,54.97,0,8.28,31.79,47.02,166,0,25,96,142,302
35507040025,47.98,0,4.19,24.81,39.91,321,0,28,166,267,669
35507040037,75.12,0.32,10.64,35.68,55.52,939,4,133,446,694,1250
35507040038,71.05,0.83,6.65,32.13,50.83,513,6,48,232,367,722
35507040039,62.81,0.11,6.65,30.54,48.24,3427,6,363,1666,2632,5456
35507040040,62.87,0.16,7.59,30.53,46.7,1209,3,146,587,898,1923
35507040041,70.14,0,10.73,36.24,51.94,451,0,69,233,334,643
35507040042,71.17,0,9.05,36.73,56.78,1558,0,198,804,1243,2189
35507040043,58.28,0.5,5.88,27.73,43.54,704,6,71,335,526,1208
35507040044,71,0,7.06,31.97,55.39,191,0,19,86,149,269
35507040046,73.3,0,9.5,33.15,54.3,409,0,53,185,303,558
35507040047,64.74,0,7.66,31.58,54.04,617,0,73,301,515,953
35507040048,58.36,0,6.88,33.27,51.86,314,0,37,179,279,538
35507040049,65.5,0,6.5,33.5,51,131,0,13,67,102,200
35510090001,66.76,0,6.6,30.04,45.88,2065,0,204,929,1419,3093
35510090002,67.83,0,7.23,33.1,50.61,2869,0,306,1400,2141,4230
35510090004,68.89,0,8.54,34.2,51.6,1251,0,155,621,937,1816
35510090006,61.99,0,8.86,33.58,50.37,336,0,48,182,273,542
35510090007,68.01,0.08,8.23,34.12,51.93,4530,5,548,2273,3459,6661
35510090008,66.87,0.05,6.19,28.92,45.15,3860,3,357,1669,2606,5772
35510090009,63.95,0.08,5.87,28.12,43.25,3127,4,287,1375,2115,4890
35510090011,62.6,0,6.43,27.61,43.57,467,0,48,206,325,746
35510090012,67.36,0.06,8.15,32.83,50.21,3225,3,390,1572,2404,4788
35510090014,68.06,0,8.82,36.77,54.17,1142,0,148,617,909,1678
35510090018,69.36,0,10.89,37.05,55.66,790,0,124,422,634,1139
35510090019,64.48,0.13,6.56,29.41,46.14,3059,6,311,1395,2189,4744
35510090020,67.28,0,6.12,31.99,48.08,736,0,67,350,526,1094
35510090021,71.17,0,10.87,38.36,57.11,1898,0,290,1023,1523,2667
35510090022,69.22,0,8.65,33.62,53.46,1120,0,140,544,865,1618
35510090023,67.8,0,5.88,29.1,43.34,219,0,19,94,140,323
35510090024,75.3,0,5.42,22.89,37.35,125,0,9,38,62,166
35510090025,55.37,0,6.21,27.01,40.1,330,0,37,161,239,596
35510090026,66.33,0,6.09,30.02,46.04,327,0,30,148,227,493
35510090027,66.67,0,7.41,25.51,42.8,162,0,18,62,104,243
35510090028,66.31,0,7.77,32.85,49.36,3381,0,396,1675,2517,5099
35510090029,62.5,0.19,6.83,29.69,46.41,5174,16,565,2458,3842,8278
35510090030,59.29,0,6.54,33.14,50.97,399,0,44,223,343,673
35510090031,66.23,0.04,7.46,30.58,47.45,6110,4,688,2821,4377,9225
35510090033,65.45,0,7.58,33.54,50.3,648,0,75,332,498,990
35510090034,68.42,0,5.98,29.4,44.18,847,0,74,364,547,1238
35510090035,63.83,0,7.11,29.62,47.52,2970,0,331,1378,2211,4653
35510090037,71.62,0,7.23,31.1,48.17,684,0,69,297,460,955
35510090038,73.19,0,10.54,38.18,54.14,3270,0,471,1706,2419,4468
35510090039,75.56,0,4,24,35.11,170,0,9,54,79,225
35510090040,62.12,0,4.92,21.59,40.53,164,0,13,57,107,264
35510090041,70.67,0,9.33,40,58.67,53,0,7,30,44,75
35510090042,65.58,0,8.6,34.15,49.34,747,0,98,389,562,1139
35510090044,66.67,0,11.38,37.4,53.12,246,0,42,138,196,369
35510090046,68.47,0,4.93,27.59,42.36,139,0,10,56,86,203
35510090047,43,0,0,0,0,43,0,0,0,0,100
35510090048,65,0,11,42,55,65,0,11,42,55,100
35510090049,68.12,0,14.09,43.96,67.45,203,0,42,131,201,298
35522050003,57.24,0,8.91,38.42,57.13,514,0,80,345,513,898
35522050004,35.19,0,9.09,31.67,50.15,120,0,31,108,171,341
35522050006,55.63,0,12.39,40.77,61.49,247,0,55,181,273,444
35522050007,48.89,0,10,34.44,55.56,44,0,9,31,50,90
35522050008,51.1,0,8.96,34.72,53.24,764,0,134,519,796,1495
35522050009,67.62,0,9.84,38.34,55.44,261,0,38,148,214,386
35522050011,60.28,0,14.18,39.36,60.99,170,0,40,111,172,282
35522050012,63.95,0,11.14,41.07,59.18,752,0,131,483,696,1176
35522050013,57.47,0,10.63,36.06,55.24,746,0,138,468,717,1298
35522050014,42.53,0,7.13,27.36,42.3,185,0,31,119,184,435
35522050015,49.2,0.34,8.88,34.85,51.71,432,3,78,306,454,878
35522050016,50.5,0,5.32,27.57,22.92,152,0,16,83,69,301
35522050018,56.12,0,16.33,43.54,66.33,165,0,48,128,195,294
35522050019,50.24,0,8.66,32.28,50.65,621,0,107,399,626,1236
35522050024,55.7,0,8.86,36.29,52.91,660,0,105,430,627,1185
35522050025,55.35,0,10.44,39.69,57.96,212,0,40,152,222,383
35522050026,49.6,0,10.4,33.2,53.2,124,0,26,83,133,250
35522050027,56.01,0,10.11,34.97,53.55,205,0,37,128,196,366
35522050028,56.36,0,4.55,29.09,46.36,62,0,5,32,51,110
35522050030,52,0,12,36,50,52,0,12,36,50,100
35522050032,46,0,8.67,34.33,52.67,138,0,26,103,158,300
35522050033,49.19,0,3.78,28.65,43.78,91,0,7,53,81,185
35524030004,14.05,0,4.8,33.72,49.06,120,0,41,288,419,854
35524030013,77.21,0,11.22,23.13,41.84,227,0,33,68,123,294
35524030014,66.29,1.5,10.86,34.08,54.31,177,4,29,91,145,267
35524030015,67.08,0,9.3,32.38,52.24,375,0,52,181,292,559
35524030016,62.86,0,5.08,30.16,46.67,198,0,16,95,147,315
35524030017,69.77,0,6.31,26.25,41.53,210,0,19,79,125,301
35524030019,74.58,0.16,9.81,38.33,53.9,3784,8,498,1945,2735,5074
35524030021,73.36,0,10.04,37.07,52.51,190,0,26,96,136,259
35524030022,65.78,0,6.77,29.51,45.93,865,0,89,388,604,1315
35524030023,65.44,0,9.66,35.24,50.34,481,0,71,259,370,735
35524030024,63.86,0,7.84,33.33,50.06,546,0,67,285,428,855
35524030026,66.86,0,4.14,21.89,33.73,113,0,7,37,57,169
35524030032,75.89,0,6.38,31.21,56.03,107,0,9,44,79,141
35525020001,64.01,0,7.13,28.69,45.5,377,0,42,169,268,589
35525020006,54.87,0,7.18,29.2,46.84,451,0,59,240,385,822
35525020008,51.84,0,9.7,33.78,50.5,155,0,29,101,151,299
35525020010,68.15,0,9.26,37.53,54.57,1104,0,150,608,884,1620
35525020014,71.79,0,10.19,39.68,58.91,1120,0,159,619,919,1560
35525020017,66.18,1.45,8.96,33.53,48.27,229,5,31,116,167,346
35525020021,60.98,0,8.2,36.56,54.1,372,0,50,223,330,610
35525020022,68.98,0,7.87,32.51,50.73,2181,0,249,1028,1604,3162
35525020023,58.97,0,8.97,29.49,48.72,46,0,7,23,38,78
35525020024,69.51,0.19,9.88,40.61,56.95,3728,10,530,2178,3054,5363
35525020025,65.28,0,9.49,37.5,53.24,282,0,41,162,230,432
35525020026,65.88,0,8.71,33.94,53.18,363,0,48,187,293,551
35525020027,68.5,0.42,9.89,40.82,58.47,485,3,70,289,414,708
35525020028,57.78,0,6.67,31.11,52.22,52,0,6,28,47,90
35525020029,65.83,0,9.17,36.67,54.17,79,0,11,44,65,120
35525020030,59.6,1.32,18.87,47.35,65.56,180,4,57,143,198,302
35525020031,59.11,0.58,6.98,33.14,48.06,305,3,36,171,248,516
35525020033,57.75,0,7.02,31.58,49.12,395,0,48,216,336,684
35525020034,70,0,8.29,35.61,53.9,287,0,34,146,221,410
35525020035,69.27,0,11.92,39.48,57.91,372,0,64,212,311,537
35525020036,58.36,0,6.06,28.53,44.61,1358,0,141,664,1038,2327
35527000001,74.68,0,7.79,30.52,48.05,115,0,12,47,74,154
35528090002,65.95,0.13,5.68,27.26,43.7,1962,4,169,811,1300,2975
35528090003,61.26,0,6.09,30.59,46.64,1488,0,148,743,1133,2429
35528090004,64.65,0,3.87,31.72,44.31,267,0,16,131,183,413
35528090005,63.51,0,5.63,28.21,47.03,1603,0,142,712,1187,2524
35528090011,66.15,0,5.99,28.2,44.18,1159,0,105,494,774,1752
35528090013,51.88,0,5.42,25.33,41.6,899,0,94,439,721,1733
35528090014,58.35,0,5.93,28.71,40.09,374,0,38,184,257,641
35528090016,75.75,0.31,5.59,27.25,43.77,1490,6,110,536,861,1967
35528090017,62.86,0,7.39,29.41,45.21,374,0,44,175,269,595
35528090019,60.09,0,6.34,27.67,46.69,417,0,44,192,324,694
35528090021,71.5,0.14,6.91,29.6,46.39,1563,3,151,647,1014,2186
35528090022,64.43,0,6.72,26.88,45.06,163,0,17,68,114,253
35528090023,56.89,0,5.77,26.94,43.47,1115,0,113,528,852,1960
35528090024,71.82,0,5.94,30.43,49.18,701,0,58,297,480,976
35528090025,61.15,0,6.65,28.68,50.07,469,0,51,220,384,767
35528090029,67.3,0,6.63,31.41,48.02,782,0,77,365,558,1162
35528090030,66.91,0,7.43,33.05,50.73,4665,0,518,2304,3537,6972
35528090031,69.82,0.34,7.6,31.49,50.44,1020,5,111,460,737,1461
35528090032,61.97,0,7.43,29.72,47.05,1059,0,127,508,804,1709
35528090033,65.75,0,8.14,32.05,53.29,1551,0,192,756,1257,2359
35528090035,60.16,0,5.87,29.84,50.16,379,0,37,188,316,630
35528090036,67.18,0.16,8.62,37.16,56.29,1271,3,163,703,1065,1892
35528090037,57.35,0,6.86,30.39,47.06,117,0,14,62,96,204
35528090038,81.9,0,9.2,40.8,59.2,285,0,32,142,206,348
35528090039,77.75,0,7.84,38.98,57.42,367,0,37,184,271,472
35528090040,63.73,0,4.41,27.34,43.99,578,0,40,248,399,907
35528090042,65.71,0,5.53,27.77,47.68,594,0,50,251,431,904
35528090043,63.17,0,9.14,38.17,53.76,470,0,68,284,400,744
35528090044,70.9,0,9.2,34.83,50.5,285,0,37,140,203,402
35548050001,64.29,0,13.39,45.98,63.17,288,0,60,206,283,448
35548050003,38.81,0,9.59,32.42,46.12,85,0,21,71,101,219
35548050004,55.02,0,8.25,33.76,48.72,647,0,97,397,573,1176
35548050005,56,0,4.8,31.2,55.2,70,0,6,39,69,125
35548050008,40.57,0,7.23,31.92,46.38,258,0,46,203,295,636
35548050016,36.96,0,5.98,29.35,41.3,68,0,11,54,76,184
35554060001,60.82,0,9.31,31.13,49.37,967,0,148,495,785,1590
35554060002,56.52,0,8.18,31.97,50.77,442,0,64,250,397,782
35554060003,57.61,0,8.07,33.3,50.74,621,0,87,359,547,1078
35554060005,59.23,0,7.3,27.68,44.42,276,0,34,129,207,466
35554060006,33.47,0,4.6,20.08,35.15,80,0,11,48,84,239
35554060007,51.79,0.45,7.31,29.4,47.16,347,3,49,197,316,670
35554060008,50.23,0,7.27,30.91,45.91,221,0,32,136,202,440
35554060010,60.92,0,7.63,29.69,48.36,519,0,65,253,412,852
35554060011,61.54,0.49,8.35,28.89,47.3,752,6,102,353,578,1222
35554060012,74.04,0.3,8.97,34.13,56.68,1957,8,237,902,1498,2643
35554060013,54.18,0,7.28,30.31,48.45,454,0,61,254,406,838
35554060014,49.76,1.32,6.24,26.75,41.23,718,19,90,386,595,1443
35554060016,65.87,0,9.37,33.49,55,830,0,118,422,693,1260
35554060018,57.2,0,5,25,42.4,286,0,25,125,212,500
35554060019,65.06,0,7.59,34.94,50.89,257,0,30,138,201,395
35554060020,58.58,0,9.03,33,47.44,584,0,90,329,473,997
35554060021,66.32,1.04,8.45,33.8,52.43,573,9,73,292,453,864
35554060022,59.85,0,8.76,27.74,45.26,82,0,12,38,62,137
35565030002,61.08,0,7.74,32.43,50.72,8152,0,1033,4328,6769,13346
35565030004,67.17,0,10,42.17,60.22,309,0,46,194,277,460
35565030005,67.79,0,10.03,33.15,52.71,1088,0,161,532,846,1605
35570060003,52.78,0,9.27,33.04,50.49,484,0,85,303,463,917
35570060005,50.43,0,13.26,41.3,60.65,232,0,61,190,279,460
35570060006,62.37,0,14.34,42.65,68.46,174,0,40,119,191,279
35570060007,55.07,0,10.4,38.9,59.82,429,0,81,303,466,779
35570060009,58.85,0,11.13,39.12,56.32,349,0,66,232,334,593
35570060010,66.21,0,11.53,38.98,57.29,586,0,102,345,507,885
35570060014,68.02,0,13.45,43.65,61.17,268,0,53,172,241,394
35570060018,66.26,0,12.88,37.12,51.53,216,0,42,121,168,326
35570060019,50.7,1.05,8.04,38.46,52.45,145,3,23,110,150,286
41004000005,53.91,0,7.25,35.42,54.62,379,0,51,249,384,703
41004000006,45.88,0,9.89,36.26,56.59,167,0,36,132,206,364
41004000007,47.6,0,9.11,33.23,54.63,298,0,57,208,342,626
41004000009,33.33,0,7.25,38.16,51.69,69,0,15,79,107,207
41004000010,49.11,0.49,6.5,31.38,48.29,302,3,40,193,297,615
41004000012,57.06,0,5.08,33.33,49.15,101,0,9,59,87,177
41004000013,56.22,0,11.06,38.25,55.3,244,0,48,166,240,434
41004000015,45.6,0,5.6,28.21,44.93,472,0,58,292,465,1035
41004000016,44.04,0,7.08,33.68,48.1,336,0,54,257,367,763
41004000017,48.45,0,8.76,31.71,51,437,0,79,286,460,902
41004000019,51.33,0,11.95,38.05,55.31,116,0,27,86,125,226
41004000020,41.91,0,11.2,26.56,43.15,101,0,27,64,104,241
41004000021,40.29,0,6.61,29.13,42.77,195,0,32,141,207,484
41004000022,20.61,0,6.67,33.33,42.42,34,0,11,55,70,165
41004000023,49.7,0,10.3,41.41,62.83,246,0,51,205,311,495
41004000028,51.02,0,5.61,32.14,42.86,100,0,11,63,84,196
41004000029,55.62,0,7.29,32.83,50.46,183,0,24,108,166,329
41004000031,50.45,0,6.99,33.67,52.45,505,0,70,337,525,1001
41004000035,48.69,0,7.52,34.97,48.04,149,0,23,107,147,306
41004000036,38.38,0,4.32,28.29,43.6,213,0,24,157,242,555
41004000037,40.29,0,6.47,28.42,44.6,112,0,18,79,124,278
41004000038,19.12,0,6.62,23.53,46.32,26,0,9,32,63,136
41004000041,49.22,0,7.68,34.99,52.44,474,0,74,337,505,963
41004000042,44.3,0,8.79,37.79,53.09,136,0,27,116,163,307
41004000043,47.86,0,7.26,32.91,50.43,112,0,17,77,118,234
41004000044,61.99,0,11.07,38.38,56.46,168,0,30,104,153,271
41004000046,45.8,0,6.23,29.81,47.43,169,0,23,110,175,369
41004000047,52.82,0,8.47,33.06,47.98,131,0,21,82,119,248
41004000048,6.31,0,5.63,38.74,47.78,37,0,33,227,280,586
41004000052,52.45,0,6.07,30.44,47.75,803,0,93,466,731,1531
41004000053,36.17,0,5.53,31.06,48.09,85,0,13,73,113,235
41004000054,42.05,0,5.13,28.61,45.48,172,0,21,117,186,409
41004000056,43.52,0,7.2,34.29,48.99,151,0,25,119,170,347
41004000057,56.85,0,8.55,37.59,55.36,1337,0,201,884,1302,2352
41004000058,15.16,0,6.02,38.08,48.7,501,0,199,1258,1609,3304
41004000059,45.99,0,8.29,34.49,52.41,172,0,31,129,196,374
41004000061,42.98,0,8.42,35.96,52.98,245,0,48,205,302,570
41004000062,53.26,0,7.34,34.2,50.46,1045,0,144,671,990,1962
41004000063,46.65,0,8.19,41.44,61.79,188,0,33,167,249,403
41004000064,44.55,0,6.93,27.72,40.1,90,0,14,56,81,202
41004000065,35.86,0,7.17,29.96,51.48,170,0,34,142,244,474
41004000066,49.54,0,7.8,35.78,53.67,108,0,17,78,117,218
41004000067,0.64,0,4.03,43.01,48.94,3,0,19,203,231,472
41004000068,51.27,0,13.29,41.46,62.03,162,0,42,131,196,316
41004000069,6.07,0,8.26,50.93,59.03,111,0,151,931,1079,1828
41014080002,55.63,0,5.99,32.39,46.13,158,0,17,92,131,284
41018040010,46.15,0,5.64,34.87,51.79,90,0,11,68,101,195
41018040019,57.51,0,12.12,39.49,57.51,517,0,109,355,517,899
41018040020,49.03,0,7.78,31.91,50.19,252,0,40,164,258,514
41018040021,56.71,0,7.45,37.61,51.77,769,0,101,510,702,1356
41018040024,47.67,0,6.98,30.23,46.51,164,0,24,104,160,344
41018040025,46.47,0,5.98,31.79,48.91,171,0,22,117,180,368
41018040026,52.59,0.13,10.12,38.63,54.87,1247,3,240,916,1301,2371
41018040027,61.79,0,10.98,43.9,63.01,152,0,27,108,155,246
41018040028,51.36,0,5.45,28.18,45.91,113,0,12,62,101,220
41018040031,36.93,0,7.32,31.01,46.69,106,0,21,89,134,287
41018040032,54.74,0,10,37.58,52.89,1959,0,358,1345,1893,3579
41018040033,57.71,0,6.32,33.6,55.73,146,0,16,85,141,253
41018040034,46.97,0,11.52,38.18,59.09,155,0,38,126,195,330
41018040035,55.28,0,10.28,38.06,55,199,0,37,137,198,360
41018040036,53.29,0,9.21,32.24,51.32,81,0,14,49,78,152
41018040038,51.64,0,7.68,34.73,54,504,0,75,339,527,976
41018040039,44.44,0,7.58,36.36,50,88,0,15,72,99,198
41018040040,50.64,0,6.01,36.48,54.51,118,0,14,85,127,233
41018040042,60.26,0,10.02,40.55,59.13,373,0,62,251,366,619
41018040043,48.1,0,11.43,37.62,57.62,101,0,24,79,121,210
41018040045,41.36,0,9.26,35.19,49.38,67,0,15,57,80,162
41031070001,41.36,1.22,7.06,33.82,46.72,170,5,29,139,192,411
41031070002,48,0,7.67,39,55.33,144,0,23,117,166,300
41031070003,59.82,0,11.42,40.64,58.45,131,0,25,89,128,219
41031070004,37.82,0,10.08,40.34,55.04,90,0,24,96,131,238
41031070006,49.24,0,9.64,36.04,54.82,97,0,19,71,108,197
41031070007,51.61,0,8.7,34.22,51.42,273,0,46,181,272,529
41031070008,44.63,0,7.44,28.51,50.83,108,0,18,69,123,242
41031070009,47.52,0,7.02,32.23,48.76,115,0,17,78,118,242
41037010006,61.4,0,9.84,36.79,57.51,237,0,38,142,222,386
41040060001,50.21,0,6.76,33.24,49.52,364,0,49,241,359,725
41040060004,49.77,1.17,7.28,34.51,51.88,212,5,31,147,221,426
41040060009,37.6,0.62,7.23,30.79,51.45,182,3,35,149,249,484
41040060010,49.59,0,8.69,31.71,49.5,599,0,105,383,598,1208
41040060011,35.02,0,8.86,32.91,46.41,83,0,21,78,110,237
41040060012,41.93,0,6.77,25.52,45.83,161,0,26,98,176,384
41040060013,48.53,0,7.99,32.96,51.77,480,0,79,326,512,989
41040060014,39.64,0,7.52,29.38,46.47,174,0,33,129,204,439
41040060015,38.03,0,8.25,29.78,42.45,189,0,41,148,211,497
41042040004,49.54,0,6.88,31.6,46.28,533,0,74,340,498,1076
41042040005,37.1,0,6.79,32.13,49.32,82,0,15,71,109,221
41042040007,46.03,0,5.14,32.24,51.64,197,0,22,138,221,428
41042040009,50.98,0,6.77,31.55,45.63,286,0,38,177,256,561
41042040010,54.55,0,9.09,29.87,48.05,84,0,14,46,74,154
41042040011,33.62,0,5.96,26.38,46.81,79,0,14,62,110,235
41042040012,21.84,0,4.85,25.97,41.75,90,0,20,107,172,412
41042040014,52.61,0,8.93,39.95,56.82,212,0,36,161,229,403
41042040020,46.19,0,2.97,25.85,43.64,109,0,7,61,103,236
41042040023,50.48,0,9.62,34.62,54.33,105,0,20,72,113,208
41042040026,34.52,0,4.76,22.02,36.31,58,0,8,37,61,168
41042040027,45.67,0,8.65,33.22,45.33,132,0,25,96,131,289
41042040028,30.61,0,7.58,25.95,37.03,105,0,26,89,127,343
41042040029,54.15,0,9.23,32.62,48.92,176,0,30,106,159,325
41042040030,17.94,0,7.17,21.08,38.57,40,0,16,47,86,223
41042040034,45.36,0,6.71,35.11,51.08,230,0,34,178,259,507
41042040036,47.19,0,8.99,33.15,47.19,84,0,16,59,84,178
41042040037,49.64,0,6.79,27.14,39.64,139,0,19,76,111,280
41042040041,51.72,0,10.34,41.38,60,75,0,15,60,87,145
41042040042,42.26,0,7.96,30.09,43.81,191,0,36,136,198,452
41042040043,48.21,0,6.27,31.19,47.31,323,0,42,209,317,670
41042040046,39.29,0,8.04,29.76,46.13,132,0,27,100,155,336
41042040047,33.33,0,9.33,40,60,25,0,7,30,45,75
41042040048,38.32,0,6.35,28.12,46.26,169,0,28,124,204,441
41042040049,51.4,0,9.07,32.61,50.32,476,0,84,302,466,926
41042040052,31.03,0,4.6,0,0,27,0,4,0,0,87
41042530007,37.31,0,4.15,26.94,39.9,72,0,8,52,77,193
41042530008,38.31,0,5.35,29.58,44.79,136,0,19,105,159,355
41042530011,41.94,0,6.45,29.03,40.73,104,0,16,72,101,248
41042530012,44.98,0,9.09,33.01,49.76,188,0,38,138,208,418
41042530013,60.87,0,7.88,31.79,49.18,224,0,29,117,181,368
41042530014,50.51,0,10.44,35.69,54.88,150,0,31,106,163,297
41042530015,46.59,0,8.47,35.06,51.76,198,0,36,149,220,425
41042530016,38.09,0,7.55,31.64,51,555,0,110,461,743,1457
41042530018,35.08,0,6.46,22.46,40.62,114,0,21,73,132,325
41042530019,49.06,0,9.01,33.17,50.31,392,0,72,265,402,799
41042530021,59.28,0,7.81,30.59,50.21,281,0,37,145,238,474
41042530023,32.26,0,9.68,37.63,49.46,30,0,9,35,46,93
41042530024,68.59,0,10.4,30.06,46.63,712,0,108,312,484,1038
41044280001,65.3,0,9.59,34.7,51.6,143,0,21,76,113,219
41044280002,37.72,0,9.58,36.53,50.3,63,0,16,61,84,167
41048080003,57.81,0,9.65,37.41,52.5,785,0,131,508,713,1358
41048080004,44.11,0.47,9.73,40.03,56.83,281,3,62,255,362,637
41048080006,65.68,0,11.23,41.1,56.57,310,0,53,194,267,472
41048080009,61.08,0,10.27,36.76,57.3,113,0,19,68,106,185
41048080012,54.89,0,9.15,37.02,55.64,516,0,86,348,523,940
41048080013,58.85,0,8.78,36.12,51.35,958,0,143,588,836,1628
41048080014,64.91,0,13.98,42.24,63.66,209,0,45,136,205,322
41048080016,53.81,0,6.71,27.9,44.82,353,0,44,183,294,656
41048080018,71.5,0,10,36.5,54,143,0,20,73,108,200
41048080020,52.08,0,5.73,28.65,46.88,100,0,11,55,90,192
41048080021,62.59,0,9.4,38.12,54.79,353,0,53,215,309,564
41049070006,48.35,0,6.6,32.18,49.34,293,0,40,195,299,606
41049070007,52.76,0,10.74,35.58,55.21,172,0,35,116,180,326
41049070008,48.86,0,7.07,33.89,52.08,470,0,68,326,501,962
41049070009,46.21,0,10.01,38.17,54.88,891,0,193,736,1058,1928
41049070010,45.03,0,7.14,25.78,46.27,145,0,23,83,149,322
41049070011,46.56,0,8.2,40,56.72,142,0,25,122,173,305
41049070012,51.28,0.73,10.33,36.7,54.19,422,6,85,302,446,823
41049070014,50.21,0,9.07,35.84,54.81,360,0,65,257,393,717
41049070016,51.1,0,8.52,36.28,52.37,162,0,27,115,166,317
41049070017,53.58,0,13.18,36.96,57.31,187,0,46,129,200,349
41049070018,41.98,0,12.35,38.27,58.02,102,0,30,93,141,243
41058050002,52.92,0.69,7.42,32.16,49.06,1234,16,173,750,1144,2332
41058050003,49.82,0,7.36,32.2,51.55,690,0,102,446,714,1385
41058050004,51.67,2.87,7.66,31.34,52.15,216,12,32,131,218,418
41058050005,48.76,0,6.98,32.28,49.19,1237,0,177,819,1248,2537
41058050007,48.99,0,5.56,30.81,47.47,97,0,11,61,94,198
41058050008,51.05,0,10.11,37.05,50.95,485,0,96,352,484,950
41058050011,44.77,0,7.74,30.33,47.28,214,0,37,145,226,478
41058050012,49.3,0,11.27,35.21,50.23,105,0,24,75,107,213
41058050013,40.15,0,7.73,34.66,50.62,161,0,31,139,203,401
41058050015,46.95,0,6.09,29.39,44.44,131,0,17,82,124,279
41058050017,54.41,0,10.29,40.97,58.61,259,0,49,195,279,476
41058050031,46.41,1.03,7.39,38.19,58.32,226,5,36,186,284,487
41058050037,56.29,0,10.18,41.62,59.28,188,0,34,139,198,334
41058050039,34.02,0,7.16,25.32,42.2,133,0,28,99,165,391
41058050040,38.4,0,9.51,33.46,50.95,101,0,25,88,134,263
41058050044,49.89,0,6.62,33.33,51.21,226,0,30,151,232,453
41058050045,49.99,0,8.2,34.11,53.32,3373,0,553,2302,3598,6748
41058050046,45.32,0,5.14,26.89,41.99,150,0,17,89,139,331
41058050047,51.24,0,9.21,38.7,56.97,662,0,119,500,736,1292
41058050048,48.05,0,9.77,37.5,55.86,123,0,25,96,143,256
41058050049,48.06,0,7.63,30.36,49.93,334,0,53,211,347,695
41058050050,32.34,0,7.46,27.86,43.28,65,0,15,56,87,201
41058050051,40.86,0,3.23,25.81,39.78,76,0,6,48,74,186
41062090001,53.39,0.78,11.36,42.43,57.96,409,6,87,325,444,766
41062090006,41.76,0,8.13,31.43,47.69,190,0,37,143,217,455
41062090007,28.35,0,8.25,28.87,53.61,55,0,16,56,104,194
41069020003,44.3,0,7.02,30.26,44.3,101,0,16,69,101,228
41069020012,39.24,0,6.61,29.61,47.92,1663,0,280,1255,2031,4238
41069020016,43.5,0,8.96,32.41,49.89,204,0,42,152,234,469
41069020057,46.42,0,9.06,36.23,57.23,369,0,72,288,455,795
41069020099,50.1,0,8.31,35.01,53.39,1676,0,278,1171,1786,3345
41069020147,43.19,0,9.14,38.71,55.56,482,0,102,432,620,1116
41069020152,47.98,0,10.02,40.66,59.73,249,0,52,211,310,519
41069020168,45.52,0.42,7.56,35.63,55.05,1289,12,214,1009,1559,2832
41069020172,45.89,0,6.85,32.88,52.4,134,0,20,96,153,292
41069020201,40.71,0.8,8.65,38.14,54.33,254,5,54,238,339,624
41069020212,49.49,0.23,7.74,35.59,55.07,869,4,136,625,967,1756
41069020217,47.8,0,7.62,33.59,51.55,370,0,59,260,399,774
41069020236,57.18,0,6.39,30.48,47.31,394,0,44,210,326,689
41069020261,47.1,0,6.18,28.96,45.56,122,0,16,75,118,259
41069020262,40.6,0,10.08,32.43,51.23,149,0,37,119,188,367
41069020263,28.93,2.48,5.79,28.93,42.98,35,3,7,35,52,121
41069020264,45.42,0,5.41,26.55,44.93,1502,0,179,878,1486,3307
41069020265,35.58,0,7.26,28.76,46.61,897,0,183,725,1175,2521
41069020266,41.67,0,5.21,27.29,44.38,200,0,25,131,213,480
41069020268,44.82,0,5.35,28.09,47.49,134,0,16,84,142,299
41069020270,43.23,0,7.29,31.77,52.08,83,0,14,61,100,192
41069020271,40.33,0,8.84,38.67,56.35,73,0,16,70,102,181
41069020273,40.4,0,4,22,38,101,0,10,55,95,250
41069020274,38.96,0,5.19,22.08,40.91,60,0,8,34,63,154
41069020277,57.84,0.24,10.89,39.42,55.96,738,3,139,503,714,1276
41069020281,40.99,0,6.33,28.61,45.67,298,0,46,208,332,727
41069020295,37.67,0,6.13,32.27,48.47,307,0,50,263,395,815
41069020296,34.77,0,5.08,24.61,41.41,89,0,13,63,106,256
41069020297,48.29,0,4.84,27.64,42.17,339,0,34,194,296,702
41069020298,25.83,0,6.27,30.63,45.02,70,0,17,83,122,271
41069020299,39.2,0,5.79,25.17,43.43,176,0,26,113,195,449
41069020301,32.34,0,4,21.6,41.71,283,0,35,189,365,875
41069020302,35.18,0,6.72,27.67,40.71,89,0,17,70,103,253
41069020304,36.84,0,9.15,32.95,52.86,161,0,40,144,231,437
41069020306,47.06,0,5.29,25.88,35.88,80,0,9,44,61,170
41069020307,35.81,0,9.02,29.18,45.89,135,0,34,110,173,377
41069020308,45.39,0,6.48,27.68,45.89,182,0,26,111,184,401
41069020309,30.92,0,6.18,25.04,43.89,205,0,41,166,291,663
41069020310,31.82,0,4.55,21.07,37.6,77,0,11,51,91,242
41069020313,46.63,0,8.94,27.79,44.84,339,0,65,202,326,727
41069020314,56.97,0,11.57,39.17,54.01,192,0,39,132,182,337
41069020315,51.05,0,7.21,31.08,52.85,340,0,48,207,352,666
41069020316,26.79,0,7.66,22.49,37.32,56,0,16,47,78,209
41069020317,25.58,0,3.1,18.6,31.01,33,0,4,24,40,129
41069020318,27.51,0,5.68,27.95,45.41,63,0,13,64,104,229
41069020319,41.83,0,4.87,23.5,40.4,146,0,17,82,141,349
41069020320,47.76,0,4.9,28.57,42.45,117,0,12,70,104,245
41069020324,20.83,0,5.13,22.44,40.38,65,0,16,70,126,312
41069020325,40.51,1.39,3.94,22.92,41.44,175,6,17,99,179,432
41069020326,22.69,0,8.01,19.2,36.24,221,0,78,187,353,974
41069020328,40.04,0.53,7.23,33.33,52.56,227,3,41,189,298,567
41069020331,35.59,0,4.76,24.64,42.22,247,0,33,171,293,694
41069020333,51.86,0,10.13,39.64,60.95,348,0,68,266,409,671
41069020336,52.45,0,9.8,37.25,50.49,107,0,20,76,103,204
41069020340,43.89,0.83,8.33,33.06,52.5,158,3,30,119,189,360
41069020343,59.24,0,13.14,36.3,54.34,266,0,59,163,244,449
41069020344,56.84,0,9.1,37.94,54.23,2373,0,380,1584,2264,4175
41069020345,38.19,0,6.47,29.61,47.9,236,0,40,183,296,618
41069020346,38.68,0,6.04,27.17,43.21,205,0,32,144,229,530
41069020347,30.43,0,4.74,29.25,43.48,77,0,12,74,110,253
41069020349,38.92,0,7.2,30.85,50.32,492,0,91,390,636,1264
41069020356,40.63,0,6.15,22.17,40.49,284,0,43,155,283,699
41069020357,43.02,0.24,6.59,27.74,49.13,718,4,110,463,820,1669
41069020359,41.58,0,5.66,25.88,42.43,294,0,40,183,300,707
41069020360,44.55,0,10.23,33.33,52.48,135,0,31,101,159,303
41069020361,36.13,0,9.12,34.26,53.63,194,0,49,184,288,537
41069020363,36.2,0,5.73,31.9,49.1,101,0,16,89,137,279
41069020364,31.8,0,2.47,20.85,31.8,90,0,7,59,90,283
41069020365,25.28,0,6.04,27.55,37.36,67,0,16,73,99,265
41069020367,34.35,0.37,5.96,24.33,41.96,645,7,112,457,788,1878
41069020369,42.91,0,4.26,27.3,40.43,121,0,12,77,114,282
41069020373,37.07,0,2.38,13.61,25.17,109,0,7,40,74,294
41069020374,42.55,0,5.33,29.5,47.72,551,0,69,382,618,1295
41069020375,31.09,0,5.81,26.97,48.88,166,0,31,144,261,534
41069020377,32.1,0,5.19,31.17,46.01,173,0,28,168,248,539
41069020379,39.16,0,5.85,28.84,47.03,482,0,72,355,579,1231
41069020382,36.08,0,8.24,31.18,49,162,0,37,140,220,449
41069020386,51.78,0,10.15,30.96,46.19,102,0,20,61,91,197
41069020387,22.95,0,5.55,24.97,41.84,215,0,52,234,392,937
41069020388,51.13,0,9.32,38.7,55.93,181,0,33,137,198,354
41069020390,55.79,0,10.53,36.84,56.84,106,0,20,70,108,190
41069020392,55.76,0,8.04,37.27,50.67,416,0,60,278,378,746
41069020394,48.37,0,8.33,35.46,55.23,296,0,51,217,338,612
41069020396,17.7,0,4.78,27.27,42.11,37,0,10,57,88,209
41069020398,42.63,0,5.83,27.53,45.39,943,0,129,609,1004,2212
41069020400,35.03,0,7.87,31.22,48.73,138,0,31,123,192,394
41069020401,46.26,0,1.87,23.83,42.06,99,0,4,51,90,214
41069020402,37.2,0,4.74,24.66,41.83,353,0,45,234,397,949
41069020407,50.4,0,4.98,30.08,49.6,253,0,25,151,249,502
41069020410,20.36,1.2,2.99,23.95,40.72,68,4,10,80,136,334
41069020411,33.52,0,2.79,23.46,41.9,60,0,5,42,75,179
41069020415,46.44,0,8.44,34.83,52.77,176,0,32,132,200,379
41069020420,41.03,0,6.25,28.26,47.83,151,0,23,104,176,368
41069020423,44.87,0,8.12,29.99,50.39,398,0,72,266,447,887
41069020424,25.35,0,5.63,27.82,46.13,72,0,16,79,131,284
41069020425,47.95,0,6.66,31.74,48.98,281,0,39,186,287,586
41069020427,50.96,0,6.73,31.25,51.44,106,0,14,65,107,208
41069020430,19.22,0,4.12,23.14,37.63,191,0,41,230,374,994
41069020431,67.56,0,13.45,43.87,62.02,402,0,80,261,369,595
41069020432,51.92,0,8.17,29.33,50,108,0,17,61,104,208
41069020433,34.04,0,4.69,27,46.24,145,0,20,115,197,426
41069020434,39.34,0,7.38,27.05,45.08,96,0,18,66,110,244
41069020439,53.42,0,7.49,34.53,55.7,164,0,23,106,171,307
41069020440,54.94,0,6.01,28.33,52.79,128,0,14,66,123,233
41069020442,40.98,0,4.1,24.59,34.43,50,0,5,30,42,122
41069020444,43.77,0,6.3,27.17,44.04,646,0,93,401,650,1476
41069020448,48.74,0,3.52,26.63,39.7,97,0,7,53,79,199
41069020449,40.59,0.14,6.42,27.98,46.11,860,3,136,593,977,2119
41069020450,50.84,0,9.7,41.47,63.88,152,0,29,124,191,299
41069020451,42.87,0,5.91,24.1,43.11,370,0,51,208,372,863
41069020452,30.77,0,7.14,29.67,46.43,112,0,26,108,169,364
41069020453,50.6,0,10.36,42.23,56.97,127,0,26,106,143,251
41069020454,50.33,0,6.91,28.29,48.36,153,0,21,86,147,304
41069020458,44.9,0,6.25,30,51.98,431,0,60,288,499,960
41069020459,45.69,0,6.45,29.56,44.93,779,0,110,504,766,1705
41069020460,44.55,0,4.7,26.73,41.83,180,0,19,108,169,404
41069020461,50.2,0,6.45,28.71,49.41,257,0,33,147,253,512
41069020462,49.29,0,6.32,28.68,45.72,593,0,76,345,550,1203
41069020463,33.33,0,4.29,25.08,39.6,101,0,13,76,120,303
41069020464,29.88,0,6.19,28.33,47.26,251,0,52,238,397,840
41069020466,35.27,0,6.1,26.29,44.66,601,0,104,448,761,1704
41069020467,32.98,0,5.84,25.92,42.08,706,0,125,555,901,2141
41069020468,39.29,0,5.39,30.35,48.84,321,0,44,248,399,817
41069020469,44.96,0.18,7.94,30.33,49.64,759,3,134,512,838,1688
41069020470,41.47,0,5.88,24.71,42.94,141,0,20,84,146,340
41069020472,30.55,0,1.82,25.09,40,84,0,5,69,110,275
41069020475,39.26,0,5.17,22.5,36.56,349,0,46,200,325,889
41069020476,50.19,0,6.21,29.44,47.7,404,0,50,237,384,805
41069020477,36.84,0,5.79,22.37,37.37,140,0,22,85,142,380
41069020478,40.61,0,5.32,23.13,43.43,374,0,49,213,400,921
41069020479,36.31,0,5.46,23.14,43.38,565,0,85,360,675,1556
41069020480,50.97,0.19,6.08,27.88,45.87,1600,6,191,875,1440,3139
41069020481,39.55,0,7.64,28.76,45.84,176,0,34,128,204,445
41069020482,40.67,0.53,6.04,29.84,43.87,229,3,34,168,247,563
41069020483,37.17,1.3,5.39,23.98,36.99,200,7,29,129,199,538
41069020484,37.24,0.59,7,31.82,47.78,378,6,71,323,485,1015
41069020485,46.32,0,4.04,20.96,43.38,126,0,11,57,118,272
41069020487,41.02,0.25,6.13,28.02,45.05,1130,7,169,772,1241,2755
41069020488,41.5,0.18,6.49,29.46,48.1,710,3,111,504,823,1711
41069020489,39.82,0,7.59,32.12,47.63,362,0,69,292,433,909
41069020490,43.89,0,6.79,26.7,45.25,97,0,15,59,100,221
41069020492,42.68,0,6.26,25.24,46.24,443,0,65,262,480,1038
41069020493,40.71,0,8.65,31.73,49.36,127,0,27,99,154,312
41069020494,28.78,0,5.61,26.65,45.34,405,0,79,375,638,1407
41069020496,36.76,0,4.9,22.55,40.93,150,0,20,92,167,408
41069020497,39.7,0,6.66,24.5,43.22,316,0,53,195,344,796
41069020498,41.42,0,6.51,28.4,43.2,70,0,11,48,73,169
41069020499,45.25,1,8.42,34.75,54.21,500,11,93,384,599,1105
41069020500,41.91,0,5.39,29.05,46.75,303,0,39,210,338,723
41069020501,44.19,0,7.15,31.29,48.79,346,0,56,245,382,783
41069020502,38.22,0,5.41,23.89,41.08,120,0,17,75,129,314
41069020504,43.94,1.19,4.51,32.54,49.88,185,5,19,137,210,421
41069020505,20.61,0,4.61,20.03,36.31,143,0,32,139,252,694
41069020508,44.23,0,3.85,24.52,40.99,368,0,32,204,341,832
41069020510,31.32,0,4.27,16.55,29.89,176,0,24,93,168,562
41069020512,43.19,0,4.06,25.51,39.86,298,0,28,176,275,690
41069020513,49.42,0,7.75,36.24,53.68,255,0,40,187,277,516
41069020514,35.14,0,3.61,23.15,39.74,214,0,22,141,242,609
41069020515,43.46,0,4.08,20.1,30.72,266,0,25,123,188,612
41069020516,37.33,0,4.33,24.33,41.33,112,0,13,73,124,300
41069020518,38.53,0,4.53,26.06,42.78,136,0,16,92,151,353
41069020519,36.03,0,5.76,28.36,43.71,169,0,27,133,205,469
41069020520,44.13,0,5.63,25.82,45.54,94,0,12,55,97,213
41069020521,16.18,0,4.85,27.18,39.81,50,0,15,84,123,309
41069020523,36.38,0,6.28,26.82,43.79,255,0,44,188,307,701
41069020526,37.04,0,6.58,30.45,48.97,90,0,16,74,119,243
41076520002,40.91,0,7.95,30.68,56.82,72,0,14,54,100,176
41076520004,48.65,0,9.28,36.57,55.88,451,0,86,339,518,927
41076520005,52.4,0,6.11,30.13,48.03,120,0,14,69,110,229
41076520006,37.85,0,8.47,32.2,47.46,67,0,15,57,84,177
41076520007,47.05,0,8.38,36.95,54.1,247,0,44,194,284,525
41076520008,59.24,0,7.64,34.39,55.41,93,0,12,54,87,157
41083040001,62.82,0,10.25,38.97,57.93,772,0,126,479,712,1229
41083040002,46.38,0,5.66,28.96,46.15,205,0,25,128,204,442
41083040003,59.23,0,10.24,39.85,56.67,324,0,56,218,310,547
41083040004,55.98,0,4.98,24.42,35.88,337,0,30,147,216,602
41083040005,57.57,0.7,11.8,37.85,59.51,327,4,67,215,338,568
41083040007,62.38,0,7.63,35.21,53.95,466,0,57,263,403,747
41083040010,54.01,0,6.27,32.4,49.48,155,0,18,93,142,287
41083040011,57.68,0.2,8.96,36.99,53.77,856,3,133,549,798,1484
41083040012,64.4,0,10.88,42.82,60.49,740,0,125,492,695,1149
41083040013,49.89,0,8.41,36.5,51.88,451,0,76,330,469,904
41083040014,52.55,0,7.66,25.98,45.8,350,0,51,173,305,666
41083040015,58.73,0,8.47,38.62,52.38,111,0,16,73,99,189
41083040016,43.62,0,6.71,29.53,38.93,65,0,10,44,58,149
41083040017,48.81,0,5.95,31.55,50,82,0,10,53,84,168
41083040018,61.11,0.63,12.8,43.32,61.72,2621,27,549,1858,2647,4289
41083040020,53.22,0,8.32,30.77,47.82,256,0,40,148,230,481
41083040022,51.23,0,9.66,37.27,55.37,334,0,63,243,361,652
41083040023,37.96,0,8.95,26.54,50.62,123,0,29,86,164,324
41083040024,59.63,0,9.63,36.67,51.85,161,0,26,99,140,270
41083040025,54.41,0,6.51,32.18,49.04,142,0,17,84,128,261
41083040026,51.01,0.26,7.17,29.92,46.63,583,3,82,342,533,1143
41083040027,59.92,0,12.15,38.46,53.85,148,0,30,95,133,247
41083040028,41.53,0,4.47,22.36,34.19,130,0,14,70,107,313
41083040029,51,0,4.82,26.91,42.97,127,0,12,67,107,249
41083040030,53.08,0,6.92,39.23,55.38,69,0,9,51,72,130
41083040031,59.21,0,9.56,36.15,53.95,1530,0,247,934,1394,2584
41083040032,53,0,6,29,44,106,0,12,58,88,200
41083040033,55.4,0,8.24,34.09,52.46,585,0,87,360,554,1056
41083040034,52.43,0,9.22,36.89,57.28,108,0,19,76,118,206
41083040035,57.82,0,5.44,32.65,48.98,85,0,8,48,72,147
41083040036,60.91,0,5,33.18,45.91,134,0,11,73,101,220
41083040037,47.44,0,5.13,24.36,41.79,185,0,20,95,163,390
41083040038,51.45,0,6.73,29.82,44.18,283,0,37,164,243,550
41084030002,58.75,0,8.12,38.75,63.12,94,0,13,62,101,160
41084030006,59.8,0,9.8,39.71,57.35,122,0,20,81,117,204
41084030008,44.24,0,9.09,24.85,39.39,73,0,15,41,65,165
41084030009,50.26,0,7.41,38.1,56.61,95,0,14,72,107,189
41084030011,52.23,0,12.33,40.21,59.18,1652,0,390,1272,1872,3163
41084030012,61.06,0,9.39,39.09,54.24,403,0,62,258,358,660
41094010003,45.79,1.34,15.52,45.98,65.13,239,7,81,240,340,522
41094010005,49.92,0,12.35,43.32,60.74,295,0,73,256,359,591
41094010006,32.58,0,7.58,26.52,46.21,43,0,10,35,61,132
41094010008,52.48,0,10.79,38.78,59.48,180,0,37,133,204,343
41094010009,61.81,0,10.09,36.4,52.36,484,0,79,285,410,783
41094010011,51.25,0,10.58,39,56.95,925,0,191,704,1028,1805
41094010012,58.46,0,10.65,42.17,60.33,280,0,51,202,289,479
41102010001,37.07,1.02,9.86,36.05,55.1,109,3,29,106,162,294
41107060001,43.57,0,8.25,32.4,47.57,359,0,68,267,392,824
41107060002,40.46,0,8.96,33.82,53.76,140,0,31,117,186,346
41107060003,32.32,0,4.04,30.81,50.51,64,0,8,61,100,198
41112580001,60.94,0,9.42,37.29,56.72,621,0,96,380,578,1019
41112580002,59.07,0,10.35,38.26,56.05,508,0,89,329,482,860
41112580004,52.71,0,8.55,33.62,51.28,185,0,30,118,180,351
41112580005,45.82,0,9.2,35.12,52.84,274,0,55,210,316,598
41112580006,47.71,0,9.4,39.28,58.8,198,0,39,163,244,415
41112580008,37.5,0,13.97,40.81,56.25,102,0,38,111,153,272
41112580009,32.25,0,9.41,36.57,53.55,209,0,61,237,347,648
41112580012,53.66,0,8.94,39.84,52.03,132,0,22,98,128,246
41127020001,56.75,0,6.65,35.67,49.54,307,0,36,193,268,541
41127020002,50.68,0,6.23,34.69,47.15,187,0,23,128,174,369
41137000017,62.55,0,9.51,32.13,50.76,329,0,50,169,267,526
41137000019,45.29,0,7.58,31.99,50.34,269,0,45,190,299,594
41137000020,66.89,0,8.2,35.41,50.16,204,0,25,108,153,305
41137000021,62.91,0,10.17,39.53,58.35,1157,0,187,727,1073,1839
41137000022,65.49,0,11.76,43.14,60.78,167,0,30,110,155,255
41137000026,63.07,0,9.61,37.61,57,374,0,57,223,338,593
41137000028,65.61,0.42,12.14,40.77,59.37,935,6,173,581,846,1425
41137000033,64.49,0,7.07,29.17,50.18,356,0,39,161,277,552
41137000034,66.15,0,14.04,41.35,62.31,344,0,73,215,324,520
41137000035,60.72,0,5.88,31.12,47.82,320,0,31,164,252,527
41137000037,59.52,0,7.96,33.91,50.52,172,0,23,98,146,289
41137000038,58.4,0,8.02,35.5,52.29,306,0,42,186,274,524
41137000041,60.11,1.84,12.86,42.7,61.08,556,17,119,395,565,925
41137000042,60.82,0,11.02,40.82,57.96,149,0,27,100,142,245
41137000045,53.36,0.61,6.11,28.51,45.21,262,3,30,140,222,491
41137000046,58.33,2.27,6.06,35.61,53.79,77,3,8,47,71,132
41137000048,62.62,0.77,6.62,31.23,45.38,407,5,43,203,295,650
41143020002,29.26,0,5.88,28.17,46.59,189,0,38,182,301,646
41143020004,34.16,0,5.94,31.19,44.06,69,0,12,63,89,202
41143020005,59.71,0,9.22,36.89,56.8,123,0,19,76,117,206
41143020006,28.57,0,10.2,36.73,57.82,42,0,15,54,85,147
41143020007,40.81,0,9.19,35.66,51.47,111,0,25,97,140,272
41157050002,39.91,0,8.07,32.14,45.29,267,0,54,215,303,669
41157050007,40.24,0,8.54,36.59,45.12,66,0,14,60,74,164
41157050009,40.26,0,7.67,29.71,40.89,126,0,24,93,128,313
41157050010,48.73,0.25,7.73,32.96,48.05,788,4,125,533,777,1617
41182040001,46.28,0,6.81,31.09,46.59,591,0,87,397,595,1277
41182040002,21.29,0,5.93,27.49,43.28,244,0,68,315,496,1146
41182040003,40.8,0,5.75,29.31,47.13,71,0,10,51,82,174
41182040005,50.91,0,8.05,35.71,53.42,506,0,80,355,531,994
41182040006,48.79,0,7.02,32.25,48.2,584,0,84,386,577,1197
41182040007,54.5,0,5.37,30.17,49.61,345,0,34,191,314,633
41182040008,51.17,0.08,8.15,34.06,50.9,3829,6,610,2549,3809,7483
41182040009,62.77,0,9.57,38.3,53.19,59,0,9,36,50,94
41182040010,52.51,0,11.2,35.52,51.35,136,0,29,92,133,259
41182040011,63.36,0,8.2,33.47,50.13,479,0,62,253,379,756
41182040012,51.7,0.49,8.27,35.17,51.05,319,3,51,217,315,617
41182040013,48.02,0.05,8.17,32.45,49.86,7425,7,1263,5018,7710,15463
41182040014,50.97,0,10.08,34.18,52.44,1284,0,254,861,1321,2519
41182040015,41.27,0,5.64,27.51,40.04,234,0,32,156,227,567
41182040016,43.46,0,7.75,33,47.48,432,0,77,328,472,994
41182040017,36.64,0,8.39,33.78,49.31,1267,0,290,1168,1705,3458
41182040018,40.94,0,9.43,36.48,54.59,495,0,114,441,660,1209
41182040019,45.3,0,8.56,31.98,48.68,1085,0,205,766,1166,2395
41182040020,43.88,0,7.45,30.65,48.16,1466,0,249,1024,1609,3341
41182040021,47.53,0,8.07,25.56,43.72,212,0,36,114,195,446
41182040022,45.57,0,7.73,31.24,48.04,884,0,150,606,932,1940
41182040023,51.5,0,11.64,35.27,53.62,292,0,66,200,304,567
41182040024,26.87,0,13.43,0,0,18,0,9,0,0,67
41182040025,52.33,0,8.58,34.29,50.67,1799,0,295,1179,1742,3438
41182040026,68.22,0,11.07,38.07,57.06,672,0,109,375,562,985
41182040027,65,0,0,0,0,39,0,0,0,0,60
41182040028,20.42,0,4.58,24.31,36.53,147,0,33,175,263,720
41182040030,53.61,0,6.93,31.02,47.89,356,0,46,206,318,664
41182040031,40.98,0,6.56,29.51,47.78,175,0,28,126,204,427
41182040032,32.3,0,4.59,21.04,34.22,218,0,31,142,231,675
41182040033,58.19,0,11.52,40.86,57.36,490,0,97,344,483,842
41182040034,54.86,0,11.64,38.15,56.3,801,0,170,557,822,1460
41182040035,52.03,0.12,8.36,32.95,50.5,1257,3,202,796,1220,2416
41182040036,52.36,0,7.12,32.1,48.14,522,0,71,320,480,997
41182040037,45.56,0,7.74,31.95,47.27,559,0,95,392,580,1227
41182040038,59.21,0,10.84,38.89,56.37,437,0,80,287,416,738
41182040039,43.54,0,7.71,29.58,45.83,209,0,37,142,220,480
41182040040,39.28,0,6.02,26.72,40.02,372,0,57,253,379,947
41182040042,61.34,0,10.2,40.1,59.18,511,0,85,334,493,833
41182040043,62.01,0,12.08,41.34,59.68,426,0,83,284,410,687
41182040044,30.85,0,5.85,25.7,40.61,1066,0,202,888,1403,3455
41182040045,44.27,0,4.17,27.08,44.27,85,0,8,52,85,192
41185010001,62.35,0,9.67,39.64,56.99,722,0,112,459,660,1158
41191520001,41.52,0,5.8,29.46,39.29,93,0,13,66,88,224
41191520002,39.14,0.68,4.98,24.43,40.5,173,3,22,108,179,442
41191520003,51.97,0,6.15,28.21,45.13,304,0,36,165,264,585
41191520004,31.5,0,3.3,28.19,47.14,143,0,15,128,214,454
41193010001,50.3,0,8.03,32.12,48.94,332,0,53,212,323,660
41193010002,59.97,0,8.71,36.63,54.8,406,0,59,248,371,677
41195090001,72.01,0.51,11.32,37.26,53.94,1546,11,243,800,1158,2147
41195090002,47.93,0.62,8.47,35.57,53.93,543,7,96,403,611,1133
41195090003,48.82,0,2.76,23.23,33.46,124,0,7,59,85,254
41195090005,52.58,0,10.03,43.47,58.66,173,0,33,143,193,329
41195090006,50.32,0,7.47,32.14,48.66,1428,0,212,912,1381,2838
41195090007,30.79,0,6.45,29.62,49.27,105,0,22,101,168,341
41195090008,52.22,0,5.56,29.63,49.63,141,0,15,80,134,270
41195090009,49.18,0.1,8.1,34.29,52.49,3036,6,500,2117,3240,6173
41195090010,49.4,0,9.44,37.55,55.82,246,0,47,187,278,498
41195090011,45.68,0,8.33,35.96,52.62,296,0,54,233,341,648
41195090012,47.11,0,4.13,22.31,32.23,57,0,5,27,39,121
41195090013,51.81,0,8.04,34,52.97,986,0,153,647,1008,1903
41195090014,51.49,0.31,7.39,33.49,51.49,655,4,94,426,655,1272
41195090015,41.65,0,9.56,33.67,51.21,292,0,67,236,359,701
41195090017,54.9,0.19,8.63,34.35,52.41,1456,5,229,911,1390,2652
41195090018,49.92,0.54,7.93,34.06,52.88,642,7,102,438,680,1286
41199050001,35.06,0,5.68,30.74,50.62,284,0,46,249,410,810
41199050002,38.77,0,8.32,36.11,52.91,233,0,50,217,318,601
41199050004,50.74,0,8.35,35.12,50.74,614,0,101,425,614,1210
41199050007,52.51,0,7.29,33.67,49.25,209,0,29,134,196,398
41199050008,40.93,0,5.58,31.63,46.51,176,0,24,136,200,430
41199050009,46.03,0,7.95,34.11,51.32,139,0,24,103,155,302
41199050011,43.93,0,11.3,39.33,56.49,210,0,54,188,270,478
41199050012,45.42,0,8.06,32.23,46.52,124,0,22,88,127,273
41199050013,47.6,0,9.62,39.42,60.58,99,0,20,82,126,208
41199050015,46.21,0,11.11,38.89,59.6,183,0,44,154,236,396
41199050016,32.56,0,7.64,36.21,50.83,98,0,23,109,153,301
41199050017,31.94,0,4.17,33.33,50,23,0,3,24,36,72
41199050018,42.95,0,7.38,32.89,51.01,64,0,11,49,76,149
41199050019,36.14,0,8.13,37.95,55.42,120,0,27,126,184,332
41199050022,32.54,0,9.92,32.94,53.97,82,0,25,83,136,252
41199050023,50.5,0,6.27,25.74,43.23,153,0,19,78,131,303
41199050024,40,0,10,33.68,50.26,152,0,38,128,191,380
41199050025,40.53,0.24,6.74,31.57,48.16,860,5,143,670,1022,2122
41199050027,44.62,0,7.03,33.79,51.41,552,0,87,418,636,1237
41199050030,41.82,0,10.18,40.36,55.64,115,0,28,111,153,275
41199050031,35.44,0,6.55,33.01,46.36,146,0,27,136,191,412
41199050033,40.97,0,8.63,35.01,52.28,261,0,55,223,333,637
41199050035,40.85,0,8.45,33.57,49.3,174,0,36,143,210,426
41199050036,47.66,0,5.96,38.72,55.74,112,0,14,91,131,235
41199050037,58.02,0,16.05,48.15,58.02,47,0,13,39,47,81
41199050038,19.28,0,6.02,29.52,47.59,32,0,10,49,79,166
41199050039,42.86,0,6.69,34.04,53.19,141,0,22,112,175,329
41199050040,35.52,0,6.8,31.74,49.62,141,0,27,126,197,397
41199050041,57.46,0,6.08,35.36,51.38,104,0,11,64,93,181
41199050043,38.46,0,5.98,29.91,48.72,90,0,14,70,114,234
41199050046,31.87,0,8.79,24.18,32.97,29,0,8,22,30,91
41199050047,29.55,0,4.55,36.36,55.68,26,0,4,32,49,88
41199050048,39.18,0,4.9,24.9,36.33,96,0,12,61,89,245
41199050050,42.7,0,8.83,36.28,52.97,266,0,55,226,330,623
41199050051,55.79,0,9.47,40.53,60,106,0,18,77,114,190
41199050052,45.1,0,6.54,27.45,47.71,69,0,10,42,73,153
41199050053,28.79,2.02,8.59,33.33,48.48,57,4,17,66,96,198
41199050057,34.9,0,9.9,32.81,48.44,67,0,19,63,93,192
41199050058,35,0,7.5,33.75,48.75,28,0,6,27,39,80
41199050059,56.34,0,11.27,46.01,65.73,120,0,24,98,140,213
41199050060,41.48,0,6.25,30.11,45.45,73,0,11,53,80,176
41199050061,45.27,0,8.84,38.37,54.6,1004,0,196,851,1211,2218
41199050062,52.49,0,7.18,40.88,55.8,190,0,26,148,202,362
41199050063,24.24,0,10.61,28.79,45.45,16,0,7,19,30,66
41199050064,38.71,0,5.16,32.9,52.26,60,0,8,51,81,155
41199050065,52.41,0,3.74,18.72,29.41,98,0,7,35,55,187
41199050066,58.05,0,4.6,27.59,44.83,101,0,8,48,78,174
41199050070,10.34,0,0,0,0,9,0,0,0,0,87
41199050071,40.07,0,9.93,23.53,19.12,109,0,27,64,52,272
41199050072,43.11,0,5.65,33.22,45.94,122,0,16,94,130,283
41199050073,26.29,0,8.19,28.88,43.97,61,0,19,67,102,232
41199050076,50.82,0,0,0,0,31,0,0,0,0,61
41199050077,52.33,0,7.89,35.84,52.69,146,0,22,100,147,279
41199050078,55.56,0,7.25,35.75,61.35,115,0,15,74,127,207
41199050079,22.3,0,10.14,35.81,52.7,33,0,15,53,78,148
41199050080,40.66,0,5.81,29.88,45.64,98,0,14,72,110,241
41199050082,49.37,0,7.05,30.74,49.91,273,0,39,170,276,553
41199050083,21.05,0,6.22,11.48,19.14,44,0,13,24,40,209
41199050084,44.01,0,6.98,28.09,46.51,246,0,39,157,260,559
41199050085,52.06,0,10.31,37.89,57.99,202,0,40,147,225,388
41199050086,41.24,0,11.86,37.63,55.15,80,0,23,73,107,194
41199050087,37.88,0,8.59,31.82,44.44,75,0,17,63,88,198
41199050088,42.55,0,6.38,37.23,54.43,240,0,36,210,307,564
41199050089,45.98,0,6.7,34.15,50.22,206,0,30,153,225,448
41199540001,48.94,0,7.04,30.28,42.72,299,0,43,185,261,611
41199540002,38.3,0,8.94,32.77,45.53,90,0,21,77,107,235
41199540003,50.42,0,9.66,36.13,49.16,120,0,23,86,117,238
41208040001,44.2,0,6.13,31.29,45.51,202,0,28,143,208,457
41208040002,57.8,0,7.51,35.84,53.18,100,0,13,62,92,173
41208040003,41.72,0.19,6.55,29.97,46.73,650,3,102,467,728,1558
41208040004,40.97,0,6.77,29.03,44.52,127,0,21,90,138,310
41222060003,57.3,0,7.87,30.34,46.07,51,0,7,27,41,89
41222060004,53.46,0,11.53,41.79,58.48,394,0,85,308,431,737
41222060006,44.58,0,9.43,34.43,45.99,189,0,40,146,195,424
41222060007,52.25,0,8.43,32.02,48.88,93,0,15,57,87,178
41222060008,22.02,0,5.64,28.83,40.89,168,0,43,220,312,763
41222060009,47,0,8.75,36.02,52.49,274,0,51,210,306,583
41222060010,38.1,0,8.06,31.48,49.14,397,0,84,328,512,1042
41222060011,34.64,0,7.9,35.33,53.78,601,0,137,613,933,1735
41222060013,53.05,0,3.76,30.99,46.95,113,0,8,66,100,213
41222060014,44.06,0,10.34,39.46,56.7,115,0,27,103,148,261
41222060015,50.05,0,8.39,34.86,53.77,537,0,90,374,577,1073
41222060016,16.38,0,6.05,25.93,38.96,230,0,85,364,547,1404
41222060017,29.46,0,4.15,25.73,41.49,71,0,10,62,100,241
41222060019,27.51,0,7.89,31.82,47.13,115,0,33,133,197,418
41222060020,37.44,0,8.81,36.56,56.61,170,0,40,166,257,454
41222060021,41.13,0,4.08,26.95,43.26,232,0,23,152,244,564
41224040001,64.91,0,0,0,0,37,0,0,0,0,57
41255060002,46.15,0,9.23,38.46,55.38,90,0,18,75,108,195
41255060004,39.17,0,5.83,32.5,44.17,47,0,7,39,53,120
41255060006,47.34,0,7.44,31.26,48.56,312,0,49,206,320,659
41255060007,34.63,0,7.64,34.14,49.3,571,0,126,563,813,1649
41255060009,44.87,0,5.13,30.77,50,35,0,4,24,39,78
41255060010,61.61,0,11.84,42.87,58.48,963,0,185,670,914,1563
41255060011,51.67,0,10.78,40.89,57.25,139,0,29,110,154,269
41255060014,45.24,0.4,5.32,27.88,43.63,451,4,53,278,435,997
41255060018,38.53,0,5.95,31.44,47.88,136,0,21,111,169,353
41255060020,56.16,0,12.33,12.33,20.55,41,0,9,9,15,73
41255060022,43.28,0,10.45,38.06,52.24,58,0,14,51,70,134
41255060023,46.71,0,11.41,41.48,58.39,348,0,85,309,435,745
41255060024,42.16,0,7.03,34.59,47.57,78,0,13,64,88,185
41255060026,51.45,0,7.59,35.27,53.09,725,0,107,497,748,1409
41255060028,21.6,0,3.2,19.2,38.4,27,0,4,24,48,125
41255060029,41.57,0,10.11,0,0,37,0,9,0,0,89
41255060030,42.29,0,6.61,28.63,46.7,96,0,15,65,106,227
41255060031,44.51,0,10.2,34.78,58.58,288,0,66,225,379,647
41255060032,37.39,0,2.1,22.27,39.92,89,0,5,53,95,238
41255060033,53.59,0,6.7,30.38,47.37,224,0,28,127,198,418
41255060034,42.72,0,9.38,34.81,52.35,173,0,38,141,212,405
41255060035,47.23,0.35,6.78,29.6,48.27,683,5,98,428,698,1446
41255060039,55.96,0,5.96,27.79,42.13,441,0,47,219,332,788
41255060041,48.24,0,6.12,28.01,48.03,465,0,59,270,463,964
41255060042,29.37,0,8.73,41.27,57.94,37,0,11,52,73,126
41255060043,25.77,0,6.75,24.54,38.04,42,0,11,40,62,163
41255060044,50.27,0,6.25,32.71,49.47,378,0,47,246,372,752
41255060047,38.65,0,6.37,29.88,51.39,97,0,16,75,129,251
41255060050,38.56,0,8.63,31.24,49.02,295,0,66,239,375,765
41255060051,50.49,0,5.83,30.58,48.06,104,0,12,63,99,206
41255060053,58.08,0,10.85,39.09,58.45,471,0,88,317,474,811
41255060054,42.81,0,7.19,29.41,43.14,131,0,22,90,132,306
41255060056,45.37,0,9.26,36.66,54.26,500,0,102,404,598,1102
41255060058,40.08,0,8.02,33.33,53.59,95,0,19,79,127,237
41255060059,46.77,0,7.66,31.05,47.58,116,0,19,77,118,248
41255060060,35.94,0,6.09,34.2,48.41,124,0,21,118,167,345
41255060063,50.29,0,9.79,38.14,54.93,704,0,137,534,769,1400
41271060005,39.92,0,6.3,35.29,51.68,95,0,15,84,123,238
41271060007,42.93,0,7.8,31.38,48.62,264,0,48,193,299,615
41271060008,53.13,0.55,10.04,39.23,54.97,577,6,109,426,597,1086
41271060009,51.41,0,7.23,39.36,54.22,128,0,18,98,135,249
41271060011,47.94,0,7.65,32.06,46.47,163,0,26,109,158,340
41271060013,45.77,0,7.71,33.83,52.24,184,0,31,136,210,402
41271060014,39.36,0,9.57,36.17,52.13,37,0,9,34,49,94
41271060018,51.75,0,9.39,40.17,57.42,237,0,43,184,263,458
41271060019,36.56,0,6.79,27.31,42.77,253,0,47,189,296,692
41279650001,49.25,0.5,9.18,32.72,51.92,295,3,55,196,311,599
41281040005,60.44,0,7.28,29.13,42.48,249,0,30,120,175,412
41282030001,52.19,0,13.47,42.42,58.59,155,0,40,126,174,297
41282030002,50.95,0,12.12,38.83,57.58,269,0,64,205,304,528
41287080001,52.14,0,12.86,35,54.29,73,0,18,49,76,140
42013070001,63.13,0,13.07,46.05,60.54,488,0,101,356,468,773
42020080001,48.99,0,8.08,31.31,52.53,97,0,16,62,104,198
42020080002,50.4,0,10.44,41.97,61.55,502,0,104,418,613,996
42023050001,47.92,0,8.01,31.6,49.41,323,0,54,213,333,674
42023050002,49.61,0,7.36,36.82,51.16,128,0,19,95,132,258
42023050003,74.64,0,12.61,43.48,62.9,515,0,87,300,434,690
42023050004,57.26,0,8.94,34.73,54.75,615,0,96,373,588,1074
42023050006,40.29,0,6.91,33.38,53.86,303,0,52,251,405,752
42024040001,44.53,0,8.3,34.62,53.24,220,0,41,171,263,494
42024040002,27.44,0,9.76,34.07,48.99,149,0,53,185,266,543
42024040003,39.29,0,7.65,35.71,53.57,77,0,15,70,105,196
42024040004,41.35,0,7.51,28.33,49.83,600,0,109,411,723,1451
42024040005,34.82,0,7.14,27.38,45.54,117,0,24,92,153,336
42024040006,34.75,0,5.25,28.2,40.98,106,0,16,86,125,305
42024040007,43.01,0,7.3,31.41,52.61,560,0,95,409,685,1302
42024040008,26.05,0,7.69,29.69,49.39,193,0,57,220,366,741
42024040009,34.49,0,8.07,29.98,49.48,329,0,77,286,472,954
42024040010,31.48,0,7.1,31.17,45.37,102,0,23,101,147,324
42024040011,31.14,0,6.08,32.66,48.86,123,0,24,129,193,395
42024040014,34.22,0,7.79,36.89,53.28,167,0,38,180,260,488
42024040015,48.62,0,6.22,31.57,46.08,211,0,27,137,200,434
42024040016,20.29,0,5.59,27.06,42.94,69,0,19,92,146,340
42024040018,44.29,0,8.94,33.84,53.92,322,0,65,246,392,727
42024040019,21.22,0,8.99,28.78,46.4,59,0,25,80,129,278
42024040020,36.98,0,7.3,30.41,50.61,152,0,30,125,208,411
42024040022,50.42,0,10.48,37.11,58.64,178,0,37,131,207,353
42024040024,47.88,1.63,8.14,33.55,50.49,147,5,25,103,155,307
42024040025,15.87,0,6.59,26.35,39.22,53,0,22,88,131,334
42024040028,41.61,0,6.52,29.5,46.89,134,0,21,95,151,322
42024040036,24.81,0,7.52,35.34,54.14,33,0,10,47,72,133
42024040049,23.12,0,5.56,28.49,46.06,129,0,31,159,257,558
42024040050,46.69,0,8.46,33.82,49.26,127,0,23,92,134,272
42024040051,48.29,0.81,7.97,32.2,51.22,297,5,49,198,315,615
42024040052,30.33,0,7.51,35.14,53.75,101,0,25,117,179,333
42024040053,31.21,0,2.31,21.39,35.26,54,0,4,37,61,173
42024040054,22.56,0,6.29,27.37,42.46,305,0,85,370,574,1352
42024040055,17.23,0,4.85,24.27,40.05,71,0,20,100,165,412
42024040056,36.17,0,10.21,28.09,41.7,85,0,24,66,98,235
42024040057,39.56,0,6.55,25.71,45.21,574,0,95,373,656,1451
42024040058,19.24,0,6.87,26.8,44.67,56,0,20,78,130,291
42024040059,39.84,0,5.86,33.2,49.22,102,0,15,85,126,256
42024040060,38.38,0,10.31,35.53,51.75,175,0,47,162,236,456
42024040061,28.15,0,7.14,28.57,45.38,67,0,17,68,108,238
42024040071,17.97,0,8.59,26.17,46.48,46,0,22,67,119,256
42024040076,29.82,0,7.02,31.23,50.53,85,0,20,89,144,285
42028000001,31.21,0,10.34,35.19,54.87,157,0,52,177,276,503
42032040001,28.8,0,12.8,37.6,53.6,36,0,16,47,67,125
42042020001,64.34,0.59,11.74,42.79,60.33,433,4,79,288,406,673
42042020002,47,0,10.97,37.21,55.87,360,0,84,285,428,766
42042020003,53.21,1.87,11.76,39.84,62.3,199,7,44,149,233,374
42042020004,47.19,0,10.39,44.59,59.31,109,0,24,103,137,231
42042020006,42.31,0,8.97,31.41,48.08,66,0,14,49,75,156
42042020008,61.33,0,12,43,60.67,184,0,36,129,182,300
42042020009,43.84,0,9.29,32.53,48.89,217,0,46,161,242,495
42044000002,71.94,0,9.25,38.21,56.12,241,0,31,128,188,335
42050010003,60.87,0,9.94,34.16,46.58,98,0,16,55,75,161
42050010004,48.4,0,5.85,34.04,48.94,91,0,11,64,92,188
42050010005,66.18,0,11.59,44.93,58.45,137,0,24,93,121,207
42054070036,47.06,2.5,8.53,38.82,61.03,320,17,58,264,415,680
42054070037,66.13,0.8,10.67,38.67,56,248,3,40,145,210,375
42054070038,58.89,0,7.29,33.53,51.31,202,0,25,115,176,343
42054070039,56.83,1.08,9.64,36.28,54.77,578,11,98,369,557,1017
42054070040,53.06,0,7.79,29.14,50.61,477,0,70,262,455,899
42054070041,49.34,0,8.29,33.04,54.63,1744,0,293,1168,1931,3535
42054070042,61.71,0,5.71,25.14,46.29,216,0,20,88,162,350
42054070043,61.35,0.21,7.9,30.17,53.23,1149,4,148,565,997,1873
42054070044,53.89,0.17,7.87,30.16,50.95,1281,4,187,717,1211,2377
42054070045,58.44,0.47,7.94,29.46,53.4,869,7,118,438,794,1487
42054070046,58.96,0.79,5.61,30.22,46.16,599,8,57,307,469,1016
42054070047,56.05,0,6.48,35.37,58.06,588,0,68,371,609,1049
42054070048,42.36,0.43,6.5,28.82,48.1,391,4,60,266,444,923
42054070049,52.98,0.27,5.51,28.53,45.51,596,3,62,321,512,1125
42054070050,54.1,0.6,6.51,30.48,47.23,449,5,54,253,392,830
42054070051,63.11,0,6.41,34.62,50.71,443,0,45,243,356,702
42054070052,49.61,0.82,7.11,29.03,52.4,1507,25,216,882,1592,3038
42054070053,60.52,0.65,7.12,36.28,54.44,1573,17,185,943,1415,2599
42054070054,47.47,1.09,6.93,30.51,51.75,610,14,89,392,665,1285
42054070055,63.61,0,7.28,29.75,53.8,201,0,23,94,170,316
42054070056,58.98,0,8.9,34.77,58.62,2305,0,348,1359,2291,3908
42054070057,41.97,0.87,5.71,25.24,50.87,434,9,59,261,526,1034
42054070058,37.9,0.99,6.74,28.07,48.07,343,9,61,254,435,905
42054070059,68.83,0.57,9.37,35.18,54.11,360,3,49,184,283,523
42054070060,35.38,1.1,5.05,25.71,49.89,161,5,23,117,227,455
42054070061,55.31,0,9.89,36.63,56.78,151,0,27,100,155,273
42054070063,59.69,0,10.7,35.66,60,385,0,69,230,387,645
42054070064,33.64,0,4.61,24.88,44.24,73,0,10,54,96,217
42054070065,57.91,1.19,10.45,40.3,57.31,194,4,35,135,192,335
42054070066,34.31,0.41,6.8,27.01,46.5,338,4,67,266,458,985
42054070067,30.28,0,6.67,29.44,49.72,109,0,24,106,179,360
42054070068,46.08,0,9.09,34.17,52.66,147,0,29,109,168,319
42054070069,45.79,0,8.26,29.59,50.25,277,0,50,179,304,605
42054070070,52.55,0,4.8,31.53,48.95,175,0,16,105,163,333
42054070071,40.04,0.95,6.07,32.26,51.8,211,5,32,170,273,527
42054070072,27.92,0,3.9,25.32,42.86,43,0,6,39,66,154
42054070073,35.2,0,5.6,29.2,50.8,88,0,14,73,127,250
42054070074,52.89,0.83,8.47,29.96,50.41,256,4,41,145,244,484
42054070075,73.15,1.39,11.11,36.11,62.04,158,3,24,78,134,216
42054070078,42.05,0,4.1,23.59,40.51,82,0,8,46,79,195
42054070079,65.01,0,8.98,31.24,56.41,695,0,96,334,603,1069
42054070080,49.21,3.47,7.26,27.13,45.11,156,11,23,86,143,317
42054070081,31.96,0,10.31,30.93,51.55,31,0,10,30,50,97
42054070082,48.47,0,7.67,31.01,50.35,411,0,65,263,427,848
42054070084,65.12,0.23,6.44,30.74,49.88,1415,5,140,668,1084,2173
42059020002,44.79,0,8.33,34.38,55.9,129,0,24,99,161,288
42059020003,36.78,0,10.34,32.88,53.39,217,0,61,194,315,590
42059020006,40.15,0,9.38,36.4,57.22,214,0,50,194,305,533
42067020001,39.63,0,6.63,26.51,46.54,275,0,46,184,323,694
42071060001,45.54,1.59,7.96,38.22,55.73,143,5,25,120,175,314
42082030001,43.39,0,8.37,40.86,61.87,223,0,43,210,318,514
42082030002,49.52,0,11.19,40.11,58.53,363,0,82,294,429,733
42082030003,49.58,0,9.07,33.99,56.66,175,0,32,120,200,353
42082030005,38.04,0,8.24,33.73,54.9,97,0,21,86,140,255
42082030006,43.62,0,8.51,37.23,59.04,82,0,16,70,111,188
42082030008,52.19,0.25,9.07,34.5,53.14,823,4,143,544,838,1577
42091020001,54.42,0,10.63,39.82,59.29,548,0,107,401,597,1007
42091020003,41.12,1.88,10,39.75,58.5,329,15,80,318,468,800
42091020007,67.8,0,10.17,42.37,56.5,120,0,18,75,100,177
42091020010,29.88,0,3.98,23.9,37.85,75,0,10,60,95,251
42091020012,43.24,0,12.2,42.97,60.48,163,0,46,162,228,377
42091020016,52,0,11.2,38,57.2,130,0,28,95,143,250
42091020017,37.76,0,8.71,38.59,58.92,91,0,21,93,142,241
42093000009,58.75,0,7.99,34.56,50.76,272,0,37,160,235,463
42093000010,50.28,0,10.31,39.78,57.27,273,0,56,216,311,543
42093000011,48.17,0,10.21,31.15,50.26,184,0,39,119,192,382
42093000013,52.72,0,9.78,36.59,51.81,291,0,54,202,286,552
42093000015,65.92,0,10.34,39.11,60.06,236,0,37,140,215,358
42093000016,45.57,0,5.57,27.09,42.53,180,0,22,107,168,395
42093000018,52.56,0,12.18,45.51,62.18,82,0,19,71,97,156
42093000019,54.16,0,10.19,39.14,55.5,202,0,38,146,207,373
42094090001,29.94,0,0,0,0,53,0,0,0,0,177
42094090002,32.98,0,5.11,27.34,42.5,187,0,29,155,241,567
42094090003,17.24,0,5.93,27.67,44.22,349,0,120,560,895,2024
42094090004,32.96,0,9.7,37.12,52.08,119,0,35,134,188,361
42094090005,4.58,0,4.75,20.34,34.58,27,0,28,120,204,590
42113060001,48.88,1.12,9.67,39.78,59.67,263,6,52,214,321,538
42113060002,58.58,0,10.6,42.26,59.69,420,0,76,303,428,717
42113060004,60.77,0,12.18,39.91,62.68,539,0,108,354,556,887
42113060005,46.65,0,9.65,36.73,54.16,174,0,36,137,202,373
42119000001,59.91,0.1,10.45,39.82,59.26,4357,7,760,2896,4310,7273
42119000003,24.17,0,6.09,25.57,39.65,139,0,35,147,228,575
42119000004,32.75,0,9.06,32.4,51.57,94,0,26,93,148,287
42128090001,40.21,0,10.82,36.6,34.02,78,0,21,71,66,194
42166020002,51.72,0,9.59,35.49,54.52,647,0,120,444,682,1251
42166020003,39.68,0,5.91,33.77,55.31,396,0,59,337,552,998
42166020004,48.48,0,9.93,36.09,52.8,493,0,101,367,537,1017
42166020006,68.99,0,10.67,40.78,58.13,692,0,107,409,583,1003
42166020007,45.69,0.69,8.45,34.83,54.83,265,4,49,202,318,580
42166020008,34.74,0,8.61,35.2,56.19,460,0,114,466,744,1324
42166020009,13.92,0,7.59,27.85,51.9,11,0,6,22,41,79
42166020010,55.75,0,10.54,36.21,59.96,291,0,55,189,313,522
42166020011,50.94,0,9.38,37.81,55,163,0,30,121,176,320
42166020014,63.91,0,10.53,44.36,58.65,85,0,14,59,78,133
42172040002,56.02,0,8.8,36.57,55.56,121,0,19,79,120,216
42187070001,18.31,0,5.11,23.29,37.86,147,0,41,187,304,803
42187070002,14.81,0,7.87,26.62,39.35,64,0,34,115,170,432
42187070003,24.41,0,9.06,24.8,38.98,62,0,23,63,99,254
42187070004,28.17,0,10.56,34.51,50.7,40,0,15,49,72,142
42187070005,37.52,0,6.45,30.74,50.08,227,0,39,186,303,605
42187070006,16.02,0,6.14,24.25,40.12,107,0,41,162,268,668
42187070007,28.81,0,3.95,19.21,30.89,153,0,21,102,164,531
42188060001,19.42,0,9.71,37.86,50.49,20,0,10,39,52,103
43004060002,46.46,0,4.38,26.94,42.42,138,0,13,80,126,297
43004060003,53.86,0,6.87,26.39,44.64,251,0,32,123,208,466
43004060005,46.67,0,7.5,28.33,45.83,56,0,9,34,55,120
43006040010,49.57,1.29,12.23,41.2,59.87,231,6,57,192,279,466
43006040012,41.48,0,7.41,29.26,44.81,112,0,20,79,121,270
43006040014,26.13,0,9.33,32.27,48,98,0,35,121,180,375
43006040016,37.08,0.42,6.77,30.37,47.16,1325,15,242,1085,1685,3573
43006040018,42.85,0.21,5.79,27.28,43.06,1007,5,136,641,1012,2350
43006040019,35.17,0,6.21,34.14,51.03,102,0,18,99,148,290
43006040022,36.39,0.17,8.47,35.65,52.41,838,4,195,821,1207,2303
43006040024,45.99,0,9.7,38.82,34.6,109,0,23,92,82,237
43006040030,39.03,0,8.73,34.32,50.57,514,0,115,452,666,1317
43006040031,33.91,0,9.77,36.21,52.3,59,0,17,63,91,174
43010570001,45.59,0,8.82,0,0,31,0,6,0,0,68
43010570002,30.45,0,8.65,39.85,55.26,81,0,23,106,147,266
43016020001,29.53,0,8.72,38.93,51.68,44,0,13,58,77,149
43016020002,45.26,0,8.95,33.68,52.63,86,0,17,64,100,190
43016020003,66.11,0,8.64,35.55,56.48,199,0,26,107,170,301
43016020004,39.19,0,12.16,0,0,29,0,9,0,0,74
43016020005,59.86,0,6.92,31.49,48.44,173,0,20,91,140,289
43016020007,65.89,0,14.73,41.09,56.59,85,0,19,53,73,129
43021050002,35.77,0,9.23,33.46,51.54,93,0,24,87,134,260
43021050004,46.75,0,7.72,27.64,42.68,115,0,19,68,105,246
43021050005,36.73,0,8.45,34.45,54.09,548,0,126,514,807,1492
43021050007,35.05,0,4.67,23.36,38.79,75,0,10,50,83,214
43021050008,44.54,0,7.91,32.93,51.73,1289,0,229,953,1497,2894
43021050009,45.56,0,14.67,44,61.78,205,0,66,198,278,450
43021050010,35.16,0,5.16,28.39,42.58,109,0,16,88,132,310
43021050021,31.65,0,7.23,29.11,45.75,175,0,40,161,253,553
43030040004,49.47,0,4.59,31.8,45.94,140,0,13,90,130,283
43031030005,23.67,0,7.19,28.13,42.01,191,0,58,227,339,807
43031030006,32.77,0,6.53,30.46,47.56,1897,0,378,1763,2753,5788
43031030008,37.04,0.12,8.18,36.8,54.55,933,3,206,927,1374,2519
43031030011,35.24,0,11.46,44.99,63.04,123,0,40,157,220,349
43035090001,36.75,0,8.58,32.03,49.64,818,0,191,713,1105,2226
43039050001,27.4,0,16.44,39.73,63.01,20,0,12,29,46,73
43039050002,36.08,0,11.39,40.51,57.59,57,0,18,64,91,158
43039050004,17.2,0,7.64,24.84,45.86,27,0,12,39,72,157
43039050006,40.96,0,11.17,41.49,60.64,77,0,21,78,114,188
43039050007,30.77,0,5.13,33.33,45.3,36,0,6,39,53,117
43043580004,38.98,0,11.02,36.44,63.56,46,0,13,43,75,118
43044080001,30.8,0,8.7,32.61,55.43,85,0,24,90,153,276
43044080002,43.51,0,12.53,42.82,62.41,191,0,55,188,274,439
43044080004,34.12,0,11,36.35,56.82,245,0,79,261,408,718
43045070001,11.73,0,6.48,26.85,46.6,38,0,21,87,151,324
43045070002,29.39,0,8.98,29.8,45.31,72,0,22,73,111,245
43046060016,42.04,0,9.84,38.52,56.79,359,0,84,329,485,854
43046060019,40.98,0,7.79,38.93,57.38,100,0,19,95,140,244
43046060020,47.28,0,10.44,39.06,56.67,765,0,169,632,917,1618
43046060021,35.18,0,10.25,31.3,54.02,127,0,37,113,195,361
43046060022,41.64,0,7.4,32.88,48.22,152,0,27,120,176,365
43046060026,43.6,0,8.32,37.11,53.84,886,0,169,754,1094,2032
43046060032,31.57,0,10.79,39.1,55.19,155,0,53,192,271,491
43046060036,30.1,0,9.69,36.39,56.46,177,0,57,214,332,588
43046060037,57.76,1.08,12.27,38.99,57.76,160,3,34,108,160,277
43046060039,37.39,0,10.07,39.38,56.93,375,0,101,395,571,1003
43046300001,35.94,0,11.32,41.24,58.04,400,0,126,459,646,1113
43046300002,24.72,0.34,10.07,37.31,53.97,717,10,292,1082,1565,2900
43046300003,19.08,0,8.85,36.7,51.46,261,0,121,502,704,1368
43046300004,29.79,0,12.77,43.92,62.94,595,0,255,877,1257,1997
43046300005,27.77,0,9.81,34.27,51.85,218,0,77,269,407,785
43046630001,34.82,0,8.93,41.07,57.59,78,0,20,92,129,224
43046630002,23.86,0,9.12,38.49,57.16,225,0,86,363,539,943
43046630003,33.92,0,12.25,37.55,58.41,252,0,91,279,434,743
43047050001,41.06,1.14,7.98,33.71,48.16,324,9,63,266,380,789
43047050002,14.89,0,5.85,25.53,37.23,28,0,11,48,70,188
43047050004,37.27,0.28,8.76,32.56,49.54,404,3,95,353,537,1084
43047050005,38.46,4.66,8.86,35.66,53.38,165,20,38,153,229,429
43047050006,42.26,0,8.63,36.01,51.19,142,0,29,121,172,336
43051080031,52.4,0,9.2,43.2,66.4,131,0,23,108,166,250
43051080032,41.98,0,3.21,25.93,41.73,170,0,13,105,169,405
43051080034,32.07,0,7.21,29.37,49.55,178,0,40,163,275,555
43051080035,44.74,0,5.26,34.74,50,85,0,10,66,95,190
43051080036,32.49,0,9.75,35.02,54.87,90,0,27,97,152,277
43051080037,42.86,0,6.47,32.14,50.33,384,0,58,288,451,896
43051080039,52.96,0,6.54,32.87,45.79,340,0,42,211,294,642
43051080040,40.82,0,5.85,27.19,44.49,656,0,94,437,715,1607
43051080042,38.6,0.2,6.44,32.31,49.87,767,4,128,642,991,1987
43051080043,40.88,0,5.66,29.56,39.62,65,0,9,47,63,159
43051080044,44.21,0,6.79,28.36,42.74,332,0,51,213,321,751
43051080045,41.04,0,8.38,35.68,54.38,735,0,150,639,974,1791
43051080047,43.8,0,8.94,33.58,54.56,240,0,49,184,299,548
43051080048,51.79,0,7.18,30.26,48.21,101,0,14,59,94,195
43051080049,12.5,0,4.94,22.92,37.65,162,0,64,297,488,1296
43051080050,44.19,0,8.11,32.93,50.69,1346,0,247,1003,1544,3046
43051080051,39.42,0,7.69,30.29,48.08,82,0,16,63,100,208
43051080052,38.76,0,6.32,30.2,47.05,276,0,45,215,335,712
43051080053,38.22,0,7.43,34.29,50.21,1342,0,261,1204,1763,3511
43051080054,46.19,0,5.16,34.64,48.4,188,0,21,141,197,407
43051080055,41.87,0,7.96,38.06,56.4,121,0,23,110,163,289
43051080057,46.34,1.39,9.23,38.5,53.83,266,8,53,221,309,574
43051080058,34.08,0,3.35,23.46,39.66,61,0,6,42,71,179
43051080059,34.21,0,6.58,27.63,39.47,26,0,5,21,30,76
43051080060,36.39,0,6.27,28.15,43.61,424,0,73,328,508,1165
43051080064,48.33,0,5.56,38.33,55,87,0,10,69,99,180
43051080073,30.99,0,5.31,26.79,35.93,251,0,43,217,291,810
43051080074,50.43,0,7.33,37.5,54.74,117,0,17,87,127,232
43060560001,38.33,0,8.64,33.33,53.98,284,0,64,247,400,741
43067670001,40.1,0.52,6.77,29.51,46.18,231,3,39,170,266,576
43067670002,36,0,6.91,32.18,49.64,198,0,38,177,273,550
43067670004,37.4,0,10.77,45.68,64.56,420,0,121,513,725,1123
43067670005,28.11,0,7.37,34.1,50.69,61,0,16,74,110,217
43067670008,29.25,0,9.43,40.84,57.14,217,0,70,303,424,742
43067670011,25.82,0,6.54,33.99,50,79,0,20,104,153,306
43067670012,44.24,0,9.39,40.91,56.06,146,0,31,135,185,330
43067670013,34.96,0,7.96,27.88,50.88,79,0,18,63,115,226
43070050003,46.72,0,11.48,36.07,52.46,114,0,28,88,128,244
43070050006,31.82,0,8.08,44.44,55.56,63,0,16,88,110,198
43070050007,44.03,1.01,7.63,35.25,52.95,306,7,53,245,368,695
43076090002,30.28,0,7.34,32.57,47.25,66,0,16,71,103,218
43076090005,28.87,0,9.86,39.44,55.63,41,0,14,56,79,142
43077080004,31.18,0,10.39,39.07,60.22,261,0,87,327,504,837
43077080005,32.34,0.39,7.14,28.57,45.58,249,3,55,220,351,770
43077080006,48.15,0,8.74,33.33,52.61,507,0,92,351,554,1053
43079060001,46.56,0,11.7,37.16,58.03,406,0,102,324,506,872
43079060002,51.82,0,12.55,43.32,57.89,128,0,31,107,143,247
43079060003,36.92,0,11.54,40,52.69,96,0,30,104,137,260
43079060006,38.33,0,8.33,36.67,48.89,69,0,15,66,88,180
43092090005,23.15,0,10.09,39.47,58.16,78,0,34,133,196,337
43092090018,34.09,0,8.54,37.29,54.72,1373,0,344,1502,2204,4028
43092090022,10.74,0,5.79,42.98,53.31,26,0,14,104,129,242
43092090024,32.64,0.43,8.96,36.83,55,1450,19,398,1636,2443,4442
43092090025,46.35,0,9.57,39.55,58.69,184,0,38,157,233,397
43092090026,30.62,0,5.62,23.75,46.25,49,0,9,38,74,160
43092090029,38.4,0.32,9.18,40.08,57.49,364,3,87,380,545,948
43092090030,24.65,0,8.16,29.04,48.04,157,0,52,185,306,637
43093080001,26.15,0,4.24,26.15,42.93,148,0,24,148,243,566
43093080004,19.51,0,6.27,32.4,49.48,56,0,18,93,142,287
43093080005,23.7,0,5.89,27.94,44.11,318,0,79,375,592,1342
43093080006,36.89,0.14,7.98,35.11,53.12,809,3,175,770,1165,2193
43093080008,25.79,0.09,6.03,29.02,44.3,903,3,211,1016,1551,3501
43093080012,14.55,0,7.27,25.45,38.91,40,0,20,70,107,275
43093080014,48.25,0,8.48,42.98,57.89,165,0,29,147,198,342
43093080016,31.48,2.78,3.7,20.37,39.81,34,3,4,22,43,108
43093080017,27.79,0,6.5,28.7,46.68,184,0,43,190,309,662
43093080019,51.03,0,8.26,36.87,55.46,173,0,28,125,188,339
43093080020,21.13,0,6.38,27.86,44.51,179,0,54,236,377,847
43093080021,20.91,0,5.54,31.74,49.37,83,0,22,126,196,397
43093080022,28.45,0,9.67,36,51.29,309,0,105,391,557,1086
43093080023,18.79,0,7.19,32.95,47.56,81,0,31,142,205,431
43093080028,28.35,0,7.22,31.31,47.55,220,0,56,243,369,776
43093080029,34.62,0,9.67,40.62,59.19,179,0,50,210,306,517
43093080030,13.62,0,6.57,30.05,46.95,29,0,14,64,100,213
43101080001,39.07,0,10.7,39.53,53.95,84,0,23,85,116,215
43103300001,27.3,0,10.96,40.02,56.36,279,0,112,409,576,1022
43124010001,21.37,0,5.85,27.22,45.16,106,0,29,135,224,496
43124010007,37.18,0,8.41,29.04,44.78,274,0,62,214,330,737
43124010009,18.59,0,5.77,28.21,37.82,29,0,9,44,59,156
43130600001,28.97,0,7.01,35.05,53.74,62,0,15,75,115,214
43130600004,38.21,0,9.93,38.21,55.83,154,0,40,154,225,403
43134090006,23.87,0,6.55,27.56,45.04,142,0,39,164,268,595
43134090019,27.59,0,9.02,34.39,51.46,312,0,102,389,582,1131
43134090026,30.02,0,8.04,31.68,47.6,381,0,102,402,604,1269
43134090033,25.85,1.85,4.31,26.77,41.85,84,6,14,87,136,325
43134090034,24.87,0,4.57,24.37,37.56,49,0,9,48,74,197
43134090035,15.51,0,8.25,30.03,43.56,47,0,25,91,132,303
43134090039,28.42,0,4.47,31.58,44.47,108,0,17,120,169,380
43134090041,25.59,0,7.1,32.26,50.97,119,0,33,150,237,465
43134090042,21.25,0,8.01,29.62,46.69,61,0,23,85,134,287
43134090044,24.73,0,8.5,36.52,52.91,323,0,111,477,691,1306
43134090046,27.99,0,8.83,34.74,55.16,377,0,119,468,743,1347
43134090047,23.06,0,7.24,28.45,47.64,137,0,43,169,283,594
43134090048,24.56,0,8.86,35.99,53.35,832,0,300,1219,1807,3387
43134090049,20.56,0,7.01,21.03,29.67,88,0,30,90,127,428
43134090050,30.61,0,4.85,28.32,38.78,120,0,19,111,152,392
43134090051,30.13,0,11.79,43.61,62.83,304,0,119,440,634,1009
43134090052,17.21,0,6.56,31.97,39.34,21,0,8,39,48,122
43134090053,22.27,0,13.64,43.64,60,49,0,30,96,132,220
43134090054,32.52,0,9.12,38.93,57.25,442,0,124,529,778,1359
43134090055,27.64,0,8.94,33.33,54.47,34,0,11,41,67,123
43134090057,45.9,0,4.92,39.34,58.2,56,0,6,48,71,122
43134090058,16.22,0,9.01,31.53,47.57,90,0,50,175,264,555
43134090059,24.26,0,3.68,22.06,37.5,33,0,5,30,51,136
43134090060,19.3,0,5.26,32.46,44.74,22,0,6,37,51,114
43134090063,27.57,0,12.97,43.78,60.54,51,0,24,81,112,185
43134090068,25,0,13.19,39.01,56.59,91,0,48,142,206,364
43134090070,21.14,0,8.94,35.37,49.59,52,0,22,87,122,246
43134090072,31.62,0,3.42,27.35,43.59,37,0,4,32,51,117
43134090073,33.33,4.55,4.55,34.85,40.91,22,3,3,23,27,66
43134090074,23.81,0,7.54,30.16,46.43,60,0,19,76,117,252
43134090075,35.17,0,7.87,42.26,57.22,134,0,30,161,218,381
43134090076,28.32,1.4,8.74,40.91,58.04,81,4,25,117,166,286
43134090077,11.49,0,4.6,26.44,39.08,20,0,8,46,68,174
43134090078,15.6,0,8.26,37.61,49.54,17,0,9,41,54,109
43134090080,21.95,0,6.1,30.49,48.78,18,0,5,25,40,82
43134090081,10.12,0,5.36,32.74,47.02,17,0,9,55,79,168
43134090082,37.95,0,7.83,32.53,57.83,63,0,13,54,96,166
43134090083,38.61,0,10.13,39.24,62.03,61,0,16,62,98,158
43134090084,8.72,0,5.37,23.49,36.91,13,0,8,35,55,149
43134090085,32.32,0,7.93,34.15,53.05,53,0,13,56,87,164
43134090086,14.16,0,5.02,26.94,45.66,31,0,11,59,100,219
43134090087,19.53,0,5.73,29.69,44.27,75,0,22,114,170,384
43134090088,18.48,0,5.71,27.72,46.74,68,0,21,102,172,368
43134090089,35.29,0,5.88,25.13,41.44,132,0,22,94,155,374
43134090090,38.2,0,9.44,37.12,53.22,178,0,44,173,248,466
43134090091,37.86,0,9.21,40.7,59.63,226,0,55,243,356,597
43134090092,10.27,0,6.65,25.98,38.97,34,0,22,86,129,331
43134090093,21.24,0,5.31,26.55,40.12,72,0,18,90,136,339
43134090094,7.38,0,6.04,23.15,41.28,22,0,18,69,123,298
43134090095,26.55,0,6.78,36.72,54.8,47,0,12,65,97,177
43134090096,0,0,0,0,0,0,0,0,0,0,132
43134090097,20,0,0,0,0,11,0,0,0,0,55
43134090098,27.49,0,7.36,29.44,47.62,127,0,34,136,220,462
43134090099,11.73,0,5.61,26.02,39.8,23,0,11,51,78,196
43135080002,35.82,0,13.15,43.43,59.75,485,0,178,588,809,1354
43136560001,19.01,0,7.04,30.99,45.07,27,0,10,44,64,142
43136560002,17.07,2.44,4.07,25.2,38.21,21,3,5,31,47,123
43140500004,20.85,0,7.32,34.93,47.61,74,0,26,124,169,355
43140500005,27.92,0,12.34,45.45,56.49,43,0,19,70,87,154
43140500006,29.16,0,10.36,37.59,51.57,121,0,43,156,214,415
43140500007,26.58,3.6,10.36,42.79,58.56,59,8,23,95,130,222
43140500009,57.33,0,10,41.33,60,86,0,15,62,90,150
43141000002,38.76,0,3.84,25.96,40.22,212,0,21,142,220,547
43141000003,37.02,0,8.65,31.14,51.56,107,0,25,90,149,289
43141000004,37.5,0,5.88,31.99,48.16,102,0,16,87,131,272
43141000007,34.69,0,10,38.75,60,111,0,32,124,192,320
43141000008,61.73,1.06,14.59,45.03,66.17,292,5,69,213,313,473
43141000009,46.93,0,11.18,40.05,60.13,512,0,122,437,656,1091
43141000011,16.96,0,9.13,37.83,53.48,39,0,21,87,123,230
43141000012,51.9,0,14.01,42.04,63.49,300,0,81,243,367,578
43141000013,40.13,0,9.72,38.87,60.19,128,0,31,124,192,319
43144070003,40.31,0,11.22,35.2,56.63,79,0,22,69,111,196
43144070011,47.89,0,7.32,30.38,44.79,216,0,33,137,202,451
43144070013,38.64,0,4.87,27.6,43.83,119,0,15,85,135,308
43144070015,25,0,5.81,26.3,41.47,211,0,49,222,350,844
43144070016,31.6,0,8.21,30.8,48.15,512,0,133,499,780,1620
43144070018,42.34,0,5.41,27.93,44.14,47,0,6,31,49,111
43144070021,42.4,0,8.13,34.45,51.94,240,0,46,195,294,566
43144070022,21.49,0,4.82,16.23,22.37,49,0,11,37,51,228
43144070023,11.19,0,5.78,24.55,35.38,31,0,16,68,98,277
43144070024,22.06,0,8.31,33.52,47.56,77,0,29,117,166,349
43144070025,28.62,1.86,4.83,30.11,39.41,77,5,13,81,106,269
43144070030,49.76,0,9.57,33.73,49.76,208,0,40,141,208,418
43144070031,7.96,0,7.96,40.71,54.87,9,0,9,46,62,113
43144070032,26.16,0,6.98,34.01,38.95,90,0,24,117,134,344
43144070034,51.41,0,6.34,26.76,47.18,73,0,9,38,67,142
43144070036,34.97,0,6.73,31.36,48.46,1133,0,218,1016,1570,3240
43144070039,52.33,0,5.93,33.26,45.12,450,0,51,286,388,860
43144070042,47.54,0,7.02,33.5,50.62,386,0,57,272,411,812
43144070045,31.79,0,5.65,24.86,39.64,1661,0,295,1299,2071,5225
43144070046,50.84,0,8.71,38.76,54.07,362,0,62,276,385,712
43144070048,40.86,0,5.34,25.34,40.86,237,0,31,147,237,580
43144070049,51.61,0,8.6,35.48,52.69,96,0,16,66,98,186
43144070051,46.75,0,3.25,19.48,29.87,72,0,5,30,46,154
43144070052,44.33,0,6.9,34.51,53.37,289,0,45,225,348,652
43144070053,41.38,1.72,7.47,32.47,49.43,144,6,26,113,172,348
43144070054,47.38,0.08,7.14,29.53,47.37,3397,6,512,2117,3396,7169
43144070056,40.17,0,5.78,25.81,42.15,1217,0,175,782,1277,3030
43144070057,46.8,0,10.14,37.13,54.45,300,0,65,238,349,641
43144070061,44.31,0,5.33,28.33,43.1,183,0,22,117,178,413
43144070067,30.85,0,8.91,32.85,52.45,277,0,80,295,471,898
43144070068,21.57,0,7.58,32.36,46.06,74,0,26,111,158,343
43144070069,39.2,0,7.2,28,38.4,49,0,9,35,48,125
43144070070,38.8,0,6.11,33.33,48.22,305,0,48,262,379,786
43144070071,25.35,0,5.43,27.57,41.65,126,0,27,137,207,497
43144070072,29.29,0,6.79,29.64,47.86,82,0,19,83,134,280
43144070073,16.73,0,7.31,27.74,43.64,584,0,255,968,1523,3490
43148030001,30.62,0,6.93,34.14,48.6,252,0,57,281,400,823
43148030003,27.19,0,11.98,35.55,54.56,143,0,63,187,287,526
43148030007,24.49,0,12.24,44.08,60,60,0,30,108,147,245
43149020004,52.92,0,8.96,38.75,55,254,0,43,186,264,480
43149020009,85,0,11,34,48,85,0,11,34,48,100
43149020015,49.95,0.33,6.2,30.53,48.43,1047,7,130,640,1015,2096
43149020018,40.16,0.61,13.11,43.85,65.57,196,3,64,214,320,488
43149020019,44.54,0.29,6.08,28.97,45.05,3209,21,438,2087,3246,7205
43149020021,46.41,0,9.28,35.52,55.69,375,0,75,287,450,808
43149020026,33.87,0,6.34,29.07,44.59,742,0,139,637,977,2191
43149020029,54.53,0,5.47,27.37,44.42,259,0,26,130,211,475
43149020031,47.28,0,5.44,27.42,44.92,200,0,23,116,190,423
43149020042,47.92,0.13,6.11,30.12,48.29,2289,6,292,1439,2307,4777
43149020043,58.29,0.17,8.06,34.04,53.17,1048,3,145,612,956,1798
43149020052,54.39,0,6.42,27.7,46.28,161,0,19,82,137,296
43149020057,25.93,0,4.84,24.01,40.85,622,0,116,576,980,2399
43149020064,39.9,0,6.25,25,39.9,83,0,13,52,83,208
43149020071,57.04,0.82,8.59,36.65,53.02,624,9,94,401,580,1094
43149020072,40.55,0,7.67,31.78,46.3,148,0,28,116,169,365
43149020084,52.42,0.23,6.9,30.39,48.07,1589,7,209,921,1457,3031
43149020086,49.8,0,10.36,38.25,60.56,125,0,26,96,152,251
43149020100,39.86,0.53,9.43,37.54,54.89,448,6,106,422,617,1124
43149020107,40.07,0.62,5.86,26.41,44.48,581,9,85,383,645,1450
43149020118,61.02,0.33,6.02,30.28,47.05,2027,11,200,1006,1563,3322
43149020125,43.43,0,6.37,29.48,48.21,109,0,16,74,121,251
43149020126,64.13,1.3,6.51,34.29,48.7,690,14,70,369,524,1076
43149020131,57.86,0,8.75,33.23,52.97,390,0,59,224,357,674
43149020135,55.52,0.09,7.77,34.02,52.48,8382,13,1173,5136,7923,15098
43149020141,73.15,0,3.69,23.4,35.71,297,0,15,95,145,406
43149020146,52.54,0,8.41,39.84,57.78,331,0,53,251,364,630
43149020151,56.25,0.28,7.39,30.47,48.79,792,4,104,429,687,1408
43149020158,40.62,0,7.44,32.89,49.44,977,0,179,791,1189,2405
43149020159,30.74,0,2.36,29.05,41.55,91,0,7,86,123,296
43149020162,46.65,0.14,7.19,32.13,50.52,3264,10,503,2248,3535,6997
43149020167,62.39,0,7.29,40.23,55.98,214,0,25,138,192,343
43149020168,47.28,0,6.09,29.67,49.4,357,0,46,224,373,755
43149020169,53.48,0,8.09,39.57,56.26,615,0,93,455,647,1150
43149020170,59.63,0,6.97,31.35,45.7,291,0,34,153,223,488
43149020172,49.05,0.32,7.14,31.24,48.83,5083,33,740,3237,5060,10363
43149020173,49.82,0,8,38.36,56.26,704,0,113,542,795,1413
43149020174,40.33,0.1,7.07,33.48,50.36,1243,3,218,1032,1552,3082
43149020177,38.99,0.51,5.63,30.96,46.44,685,9,99,544,816,1757
43149020179,45.63,0.19,6.54,27.56,45.37,725,3,104,438,721,1589
43149020181,38.05,0,7.9,31.81,50.94,183,0,38,153,245,481
43149020182,45.01,0,5.11,28.47,45.74,185,0,21,117,188,411
43149020184,34.03,0.42,5.42,24.44,40.56,245,3,39,176,292,720
43149020185,35.08,0.22,6.51,28.24,43.35,641,4,119,516,792,1827
43149020186,51.52,0,9.22,36.71,54.79,849,0,152,605,903,1648
43149020187,27.5,0,8.48,35.84,53.21,402,0,124,524,778,1462
43149020190,25.96,0,6.73,27.88,38.46,27,0,7,29,40,104
43149020191,36.52,0,6.22,28.57,45.31,951,0,162,744,1180,2604
43149020193,50.33,0.25,7.16,33.77,50.99,991,5,141,665,1004,1969
43149020195,36.26,0,5.26,32.75,46.2,124,0,18,112,158,342
43149020196,44.31,0,7.29,35.61,52.63,565,0,93,454,671,1275
43149020197,42.47,0,6.67,36.54,51.36,172,0,27,148,208,405
43149020198,16.67,0,3.33,24.67,37.33,25,0,5,37,56,150
43149020199,33.62,0,4.89,23.85,41.67,117,0,17,83,145,348
43149020200,54.84,0,10.39,43.73,58.42,153,0,29,122,163,279
43149020201,76.39,0,9.03,34.72,48.61,110,0,13,50,70,144
43149020202,29.36,0,3.21,26.15,38.53,64,0,7,57,84,218
43149020203,41.09,0,8.53,33.33,51.94,53,0,11,43,67,129
43149020204,46.93,0,9.92,36.54,56.22,298,0,63,232,357,635
43149020205,47.64,0.38,8.51,34.22,51.42,504,4,90,362,544,1058
43149020206,49.48,0,6.5,28.22,45.76,426,0,56,243,394,861
43149020207,52.04,0,9.51,41.19,61.32,662,0,121,524,780,1272
43149020208,41.96,0.85,5.33,28.9,44.05,543,11,69,374,570,1294
43149020209,43.33,0,3.33,21.43,35.24,91,0,7,45,74,210
43149020210,50.63,0.52,7.61,32.99,49.46,1165,12,175,759,1138,2301
43149020212,59.13,1.06,6.61,35.05,53.44,447,8,50,265,404,756
43149020213,54.13,1.1,9.72,36.15,55.96,295,6,53,197,305,545
43149020215,60.48,0,10.08,35.89,52.82,150,0,25,89,131,248
43149020216,46.04,0,5.49,33.54,48.17,151,0,18,110,158,328
43149020217,44.93,0.35,7.08,31.78,48,762,6,120,539,814,1696
43149020218,55.44,0.44,6.68,29.03,41.07,382,3,46,200,283,689
43149020219,41.9,0,6.12,31.33,45.74,349,0,51,261,381,833
43149020220,41.51,0.55,6.9,30.61,46.83,975,13,162,719,1100,2349
43149020221,54.98,0.93,6.33,29.22,46.96,651,11,75,346,556,1184
43149020222,46.64,0,10.38,30.12,51.9,319,0,71,206,355,684
43149020223,43.75,0,8.7,39.13,60.6,161,0,32,144,223,368
43149020224,48.82,0.86,9.36,36.03,56.04,683,12,131,504,784,1399
43149020225,46.15,0,7.02,33.87,53.61,966,0,147,709,1122,2093
43149020226,26.98,0,3.39,20.42,32.93,358,0,45,271,437,1327
43149020227,40.82,0,5.96,34.46,50.16,507,0,74,428,623,1242
43149020228,38.17,0,6.22,27.7,46.06,368,0,60,267,444,964
43149020229,64.41,0,7.01,34.44,52.31,836,0,91,447,679,1298
43149020230,58.54,0,12.09,43.19,66.03,305,0,63,225,344,521
43149020231,46.41,0.6,5.84,28.89,45.73,620,8,78,386,611,1336
43149020232,46.05,0,8.42,34.48,53.21,804,0,147,602,929,1746
43149020233,54.43,0,9.43,45,58.43,381,0,66,315,409,700
43149020234,50.93,0.38,7.12,33.18,51.08,4297,32,601,2799,4310,8437
43149020237,34.35,0.32,7.48,29.93,43.73,326,3,71,284,415,949
43149020238,46.24,0.45,7.4,32.33,50.28,1556,15,249,1088,1692,3365
43149020243,40.35,0,7.78,34.37,50.55,1255,0,242,1069,1572,3110
43149020244,56.88,0.21,10.46,37.82,55.07,1104,4,203,734,1069,1941
43149020246,43.65,0.98,5.64,29.52,46.6,488,11,63,330,521,1118
43149020247,48.11,0.39,7.57,35.51,52.55,737,6,116,544,805,1532
43149020248,38.36,0,5.21,23.29,39.73,140,0,19,85,145,365
43149020249,36.54,0,4.98,24.25,44.85,110,0,15,73,135,301
43149020250,34.8,0,3.2,21.2,33.2,87,0,8,53,83,250
43149020251,30.17,0,10.33,26.45,46.28,73,0,25,64,112,242
43149020252,40.82,1.75,6.12,24.49,41.69,140,6,21,84,143,343
43149020253,53.51,0.41,8.66,35.88,50.21,519,4,84,348,487,970
43149020255,14,0,6.67,26,37.33,21,0,10,39,56,150
43149020257,35.76,0,7.95,32.45,46.69,108,0,24,98,141,302
43149020258,48.45,0,6.61,31.59,49.11,733,0,100,478,743,1513
43149020259,33.39,0,6.36,26.33,39.93,189,0,36,149,226,566
43149020261,55.84,0,8.66,29.87,44.59,129,0,20,69,103,231
43149020262,53.11,0,8.37,34.92,52.14,546,0,86,359,536,1028
43149020263,27.33,0,5.47,24.83,40.32,120,0,24,109,177,439
43149020264,35.02,0,4.85,22.47,38.77,159,0,22,102,176,454
43149020266,30.03,0,2.87,17.75,30.29,115,0,11,68,116,383
43149020267,28.6,0.11,5.2,24.95,38.54,1244,5,226,1085,1676,4349
43149020269,42.76,0,7.57,31.58,48.03,130,0,23,96,146,304
43149020270,52.42,1.39,7.39,38.34,54.27,227,6,32,166,235,433
43149020271,35.5,1.08,5.96,28.46,47.97,131,4,22,105,177,369
43149020272,56.46,0.31,7.04,33.87,51.78,1460,8,182,876,1339,2586
43149020273,62.09,0,7.82,31.99,46.45,262,0,33,135,196,422
43149020274,41.39,0,8.42,38.46,51.65,226,0,46,210,282,546
43149020275,62.9,0,6.45,27.82,43.55,156,0,16,69,108,248
43149020276,40.48,0,5.13,25.37,42.41,608,0,77,381,637,1502
43149020277,49.17,0,9.73,41.64,60.88,1268,0,251,1074,1570,2579
43149020278,43.95,0,6.58,26.65,43.64,287,0,43,174,285,653
43149020279,33.98,0.39,7.52,33.59,49.55,262,3,58,259,382,771
43149020281,50.96,0,9.66,37.09,54.78,533,0,101,388,573,1046
43149020282,35.64,0,3.19,22.34,36.7,67,0,6,42,69,188
43149020283,56.96,0,10.66,41.89,59.04,737,0,138,542,764,1294
43149020284,60.18,1.28,9.72,43.3,61.47,328,7,53,236,335,545
43149020287,55.88,1.32,8.82,35.59,52.5,380,9,60,242,357,680
43156020001,42.82,0,7.65,35.25,52.21,543,0,97,447,662,1268
43156020002,34.48,0,7.36,34.07,51.11,342,0,73,338,507,992
43156020003,33.97,0,8.64,31.86,44.91,177,0,45,166,234,521
43156020004,32.45,0.74,8.7,34.66,51.33,220,5,59,235,348,678
43156020007,45.91,0.42,8.6,34.67,48.4,331,3,62,250,349,721
43156020008,29.33,0,7.72,35.27,54.75,247,0,65,297,461,842
43169070001,47.46,0,11.55,39.72,58.12,374,0,91,313,458,788
43169070003,34.36,0.83,9.56,34.71,51.48,291,7,81,294,436,847
43169070004,43.59,0,8.97,37.18,53.85,102,0,21,87,126,234
43169070005,53.21,1.6,12.18,42.63,58.65,166,5,38,133,183,312
43169070007,39.33,0,9.55,36.52,52.81,70,0,17,65,94,178
43169070011,43.51,0,5.95,31.89,49.73,161,0,22,118,184,370
43169070016,53.95,0,10.53,37.5,58.55,82,0,16,57,89,152
43169070017,45.58,0,7.69,38.75,58.4,160,0,27,136,205,351
43172020002,50.62,0,16.05,48.15,59.26,41,0,13,39,48,81
43176080001,28.11,0,6.45,30.41,47.47,61,0,14,66,103,217
43176080003,15.45,0,5.45,27.27,53.64,17,0,6,30,59,110
43176080004,27.33,0,5.33,35.33,56.67,41,0,8,53,85,150
43176080005,26.79,0,5.36,28.57,48.21,15,0,3,16,27,56
43176080006,32.29,0,10.42,35.42,58.33,31,0,10,34,56,96
43180020001,36.26,0,7.93,31.73,47.88,128,0,28,112,169,353
43187050029,45.71,0,15,42.86,66.43,64,0,21,60,93,140
43187050031,29.75,0,6.71,36.02,55.03,133,0,30,161,246,447
43187050032,41.97,0,10.82,43.61,59.67,128,0,33,133,182,305
43187050035,32.7,0,7.57,33.78,57.57,121,0,28,125,213,370
43187050036,30.91,0,6.67,29.63,47.07,264,0,57,253,402,854
43187050038,32.83,0,8.13,31.02,51.81,109,0,27,103,172,332
43187050039,34.19,0.29,10.21,40.12,58.3,583,5,174,684,994,1705
43187050040,38.33,0.1,9.97,38.64,55.53,1130,3,294,1139,1637,2948
43187050041,31.31,0,11.36,37.37,58.08,124,0,45,148,230,396
43187050042,44.38,0,11.53,38.33,57.06,154,0,40,133,198,347
43187050043,15.46,0,10.14,35.75,51.69,32,0,21,74,107,207
43187050046,35.53,0,11.78,40.12,59.08,178,0,59,201,296,501
43187050047,27.63,0,8.93,39.67,56.25,365,0,118,524,743,1321
43187050048,32.83,0,11.26,41.07,58.93,239,0,82,299,429,728
43187050049,37.2,0,11.37,36.97,56.4,157,0,48,156,238,422
43187050050,37.04,0,8.83,39.17,56.2,520,0,124,550,789,1404
43187050052,40.34,0.59,10.31,40.93,56.64,814,12,208,826,1143,2018
43187050057,31.43,2.14,13.57,43.57,60.71,44,3,19,61,85,140
43187050058,14.02,0,11.21,40.19,61.68,15,0,12,43,66,107
43187050059,35.74,0,12.45,44.58,61.85,89,0,31,111,154,249
43187050060,35.54,0,13.86,51.81,74.1,59,0,23,86,123,166
43187050061,40.06,0,11.86,41.03,58.33,125,0,37,128,182,312
43187050062,32.16,0,9.94,32.16,54.39,55,0,17,55,93,171
43199010005,30.28,0,3.52,28.87,47.18,43,0,5,41,67,142
43199010006,22.93,0,9.76,36.1,51.22,47,0,20,74,105,205
43199010007,35.81,0,11.14,44.56,61.54,135,0,42,168,232,377
43199010010,27.14,0,4.52,24.12,36.18,54,0,9,48,72,199
43199010011,22.3,0,5.49,24.6,43.01,126,0,31,139,243,565
43199010012,21.21,0,9.6,38.38,55.05,42,0,19,76,109,198
43199010014,28.9,0,5.2,28.32,41.62,50,0,9,49,72,173
43199010015,20.47,0,5.85,36.84,49.71,35,0,10,63,85,171
43199010016,22.32,0,9.82,30.8,47.32,50,0,22,69,106,224
43199010019,29.11,0,10.96,39.04,56.16,85,0,32,114,164,292
43200080003,32.47,0,7.47,29.31,47.13,113,0,26,102,164,348
43200080011,22.52,0,5.11,31.83,48.95,75,0,17,106,163,333
43200080015,40.27,0,11.43,37.67,57.13,356,0,101,333,505,884
43211050001,22.81,0,5.26,23.98,36.84,39,0,9,41,63,171
43211050002,38.38,0,5.04,35.01,48.46,137,0,18,125,173,357
43212040005,11.9,0,4.76,26.79,45.83,20,0,8,45,77,168
43212040008,30.26,0,11.53,44.96,60.52,105,0,40,156,210,347
43212040010,29.21,5.62,11.24,39.33,53.93,26,5,10,35,48,89
43212040011,24.78,0,8.85,35.4,46.9,28,0,10,40,53,113
43212040012,42.59,0,8.89,37.41,52.22,115,0,24,101,141,270
43215010004,40.15,0,8.76,30.66,48.91,55,0,12,42,67,137
43216000001,26.79,0.17,9.53,37.63,53.63,1706,11,607,2396,3415,6368
43216000002,29.36,0,5.5,35.78,54.13,32,0,6,39,59,109
43216000004,31.18,0,11.17,40.48,54.87,483,0,173,627,850,1549
43216000006,33.77,0.97,11.36,36.69,54.22,104,3,35,113,167,308
43217090002,32.87,0,9.79,33.57,47.55,47,0,14,48,68,143
43224000001,46.32,0,11.55,39.71,58.61,441,0,110,378,558,952
43224000002,44.48,0,10.34,41.38,60.69,129,0,30,120,176,290
43224000004,49.73,0,6.81,33.65,47.96,365,0,50,247,352,734
43224000005,50.49,0,8.33,34.8,56.37,103,0,17,71,115,204
43224000006,46.79,0,9.85,44.32,59.23,342,0,72,324,433,731
43224000008,37.33,0,16,47.11,66.22,84,0,36,106,149,225
43224000011,37.35,0,8.17,35.02,52.53,96,0,21,90,135,257
43224000013,39.84,0,11.1,42.81,60.06,402,0,112,432,606,1009
43224000015,37.93,0,7.33,37.93,54.31,88,0,17,88,126,232
43224000016,51.14,0,10.67,40.92,58.3,786,0,164,629,896,1537
43224000017,45.92,0,10.71,40.31,63.78,90,0,21,79,125,196
43224000018,46.78,0,12.87,42.98,62.57,160,0,44,147,214,342
43224000020,48.28,0,4.31,20.69,39.66,56,0,5,24,46,116
43224000021,48.04,0,9.5,40.78,59.78,86,0,17,73,107,179
43224000022,43.97,0,12.93,36.21,55.17,51,0,15,42,64,116
43224000023,53.77,0,10.96,46.92,60.96,157,0,32,137,178,292
43224000024,39.63,0,10.37,33.54,53.05,65,0,17,55,87,164
43230020002,34.22,0,7.3,32.73,50.98,666,0,142,637,992,1946
43230020004,35.27,1.45,11.11,31.4,43.48,73,3,23,65,90,207
43230020011,43.82,0,7.3,33.93,50.56,390,0,65,302,450,890
43230020029,37.11,1.89,4.82,27.67,43.4,177,9,23,132,207,477
43230020042,47.19,0,4.12,27.72,42.5,412,0,36,242,371,873
43230020043,35.68,0,4.94,25.24,42.93,694,0,96,491,835,1945
43230020054,34.07,0,6.64,28.79,43.78,200,0,39,169,257,587
43230020055,55.95,0,12.5,41.07,63.69,94,0,21,69,107,168
43238040001,33.89,0,11.77,44.11,62.54,285,0,99,371,526,841
50011020001,71.31,6.29,9.69,38.77,54.36,1111,98,151,604,847,1558
50011020002,69.77,8.68,18.33,42.77,67.2,217,27,57,133,209,311
50027040087,74.13,6.22,13.93,42.79,59.2,298,25,56,172,238,402
50027040089,76.17,0,20,54.47,72.34,179,0,47,128,170,235
50027040091,67.74,11.29,0,0,0,42,7,0,0,0,62
50027040092,75.78,0.4,12.47,45,61.95,948,5,156,563,775,1251
50027040093,69.36,0,17.34,52.02,68.79,120,0,30,90,119,173
50027040094,74.8,0.27,13.36,43.53,60.9,2481,9,443,1444,2020,3317
50027040095,70.57,5.35,16.05,49.5,64.88,211,16,48,148,194,299
50027040096,72.41,3.45,11.21,37.93,56.9,168,8,26,88,132,232
50027040100,70.57,3.55,9.57,42.2,55.32,199,10,27,119,156,282
50027040105,65.35,2.97,9.41,29.21,43.56,132,6,19,59,88,202
50027040107,68.63,1.96,7.84,31.37,47.06,315,9,36,144,216,459
50027040108,77.39,0,4.35,22.61,31.3,89,0,5,26,36,115
50027040109,75.68,0,9.46,0,0,56,0,7,0,0,74
50027040113,65.6,2.95,8.35,38.57,53.81,267,12,34,157,219,407
50027040123,76.13,0,17.57,47.75,71.62,169,0,39,106,159,222
50027040124,71.54,0,11.54,36.15,59.23,93,0,15,47,77,130
50032070009,81.36,0,11.11,44.26,61.58,432,0,59,235,327,531
50032070010,78.43,3.12,6.65,32.43,48.44,578,23,49,239,357,737
50032070013,77.59,0,8.45,39.14,53.28,450,0,49,227,309,580
50037020001,72.51,1.41,13.74,43.72,63.64,670,13,127,404,588,924
50037020002,69.91,3.36,13.46,42.8,63.18,374,18,72,229,338,535
50037020003,68.88,1.24,8.71,40.25,58.92,166,3,21,97,142,241
50037020004,63.1,2.98,15.48,44.64,66.67,106,5,26,75,112,168
50037020005,71.13,0,8.25,28.87,46.39,69,0,8,28,45,97
50062590001,85.19,0,9.52,38.62,51.85,161,0,18,73,98,189
50066060001,62.29,0,11.88,43.34,61.21,986,0,188,686,969,1583
50079010001,66.36,0.93,11.4,38.69,56.26,355,5,61,207,301,535
50083050001,56.08,0,12.31,38.28,56.08,378,0,83,258,378,674
50083050002,NA,NA,NA,NA,NA,0,0,0,0,0,0
51025040001,77.93,0,6.9,35.86,49.66,113,0,10,52,72,145
51034030004,80.32,0,7.83,29.34,45.17,3334,0,325,1218,1875,4151
51034030005,77.79,0.21,7.61,30.09,45.78,1135,3,111,439,668,1459
51034030006,82.2,0.15,8.31,34.46,51.36,6743,12,682,2827,4213,8203
51034030007,83.78,0,7.93,32.79,48.44,1183,0,112,463,684,1412
51034030008,81.09,0.19,8.16,32.59,51.4,5227,12,526,2101,3313,6446
51034030009,83.35,0.04,10.19,37.13,55.14,5947,3,727,2649,3934,7135
51034030010,88.82,0,8.53,29.57,46.73,802,0,77,267,422,903
51034030011,80.39,0,6.65,27.88,41.17,496,0,41,172,254,617
51034030012,70.89,0.11,6.09,27.67,44.46,2513,4,216,981,1576,3545
51034030013,78.2,0.6,7.13,28.77,44.97,3139,24,286,1155,1805,4014
51034030015,84.52,0,10.53,39.34,57.61,666,0,83,310,454,788
51034030016,71.26,2.01,4.89,28.16,45.4,248,7,17,98,158,348
51034030017,84.01,0,7.52,29.78,42.95,268,0,24,95,137,319
51034030018,81.38,0.33,15.09,47.6,66.82,1219,5,226,713,1001,1498
51034030019,75.5,0.32,8.96,31.61,46.58,1180,5,140,494,728,1563
51034030020,79.47,0,8.95,26.32,46.32,302,0,34,100,176,380
51034030021,85.68,0,9.23,35.27,53.85,724,0,78,298,455,845
51034030023,79.95,0,8.24,34.89,53.3,291,0,30,127,194,364
51034030024,78.72,0.32,6.25,29.27,41.33,1221,5,97,454,641,1551
51034030025,79.93,0,7.17,39.07,51.61,223,0,20,109,144,279
51034030026,82.2,0,7.49,33.14,50.23,702,0,64,283,429,854
51034030027,84.77,0.34,10.61,39.53,55.73,1486,6,186,693,977,1753
51034030028,82.94,0.07,8.74,34.28,51.57,4566,4,481,1887,2839,5505
51034030029,82.98,0,12.16,42.14,57.86,512,0,75,260,357,617
51034030030,81.66,0,9.59,37.41,54.81,2248,0,264,1030,1509,2753
51034030031,83.65,0,7.49,35.07,52.78,737,0,66,309,465,881
51034030032,82.73,0,10.74,34.83,47.02,570,0,74,240,324,689
51034030033,81.06,0,9.86,33.72,50.71,625,0,76,260,391,771
51034030034,87.73,0,10.55,33.25,50.13,665,0,80,252,380,758
51034030035,81.49,0,9.18,36.08,54.91,515,0,58,228,347,632
51034030036,78.63,0,11.53,44.04,61.14,607,0,89,340,472,772
51034030037,79.33,0.25,7.53,32.55,47.87,948,3,90,389,572,1195
51034030038,79.89,0,8.76,35.11,50.27,1049,0,115,461,660,1313
51034030039,77.09,1.97,9.26,38.24,52.96,508,13,61,252,349,659
51034030040,84.01,0,6.36,33.91,48.75,436,0,33,176,253,519
51034030041,71.85,0,6.77,31.85,46.92,467,0,44,207,305,650
51034030042,78.21,0,2.5,20.36,30.36,219,0,7,57,85,280
51034030044,80.47,0,10.36,39.35,57.99,272,0,35,133,196,338
51034030045,88.63,0,11.95,31.78,52.19,304,0,41,109,179,343
51034030046,84.27,0,8.76,39.59,55.01,1077,0,112,506,703,1278
51034030047,79.82,0.66,7.23,30.12,45.36,1325,11,120,500,753,1660
51034030048,74.1,0,8.43,37.35,50.9,246,0,28,124,169,332
51034030049,93.17,0,11.8,32.92,49.69,150,0,19,53,80,161
51034030050,87.1,0,11.01,42.88,62.62,459,0,58,226,330,527
51034030051,82.17,0,12.05,39.76,57.59,682,0,100,330,478,830
51034030052,83.94,0,5.7,30.57,47.15,324,0,22,118,182,386
51034030053,80.58,0,5.76,39.57,56.12,112,0,8,55,78,139
51076020002,65.45,0,6.36,32.73,54.55,72,0,7,36,60,110
51076020003,82.98,0,5.67,31.21,48.23,117,0,8,44,68,141
51076020004,83.54,0,10.97,41.77,59.49,198,0,26,99,141,237
51079090001,75.41,0,9.51,37.21,55.57,460,0,58,227,339,610
51084020001,71.79,0,10.51,32.31,48.72,280,0,41,126,190,390
51084020002,79.74,0,7.09,30.25,46.31,551,0,49,209,320,691
51084020003,78.41,0,11.3,32.72,51.6,465,0,67,194,306,593
51084020004,87.68,0,7.64,32.74,47.41,3066,0,267,1145,1658,3497
51084020005,83.85,0.46,7.01,30.54,43.95,1101,6,92,401,577,1313
51084020006,90.19,0,8.61,34.63,53.96,1581,0,151,607,946,1753
52000500001,80.31,0,8.4,24.93,35.96,306,0,32,95,137,381
52002580002,77.86,0,13.01,42.72,60.29,802,0,134,440,621,1030
52002580005,76.23,0,9.86,39.7,55.03,1129,0,146,588,815,1481
52002580008,69.52,0,10.44,37.97,56.43,919,0,138,502,746,1322
52002580009,75.96,0.18,7.28,30.91,46.36,1283,3,123,522,783,1689
52002580010,75,0,6.92,31.92,48.85,195,0,18,83,127,260
52002580011,74.77,0,9.35,42.99,57.01,160,0,20,92,122,214
52002580015,64.48,0,7.59,33.79,48.97,187,0,22,98,142,290
52002580016,72.03,1.14,8.45,35.62,53.2,631,10,74,312,466,876
52002580017,69.44,0.84,9.21,36.36,53.77,1161,14,154,608,899,1672
52002580018,80.2,0,15.57,46.19,64.81,474,0,92,273,383,591
52002580019,78.4,0,10.33,46.01,58.22,167,0,22,98,124,213
52002580020,77.46,0,14.08,43.66,58.69,165,0,30,93,125,213
52002580021,74.34,0,7.74,38.94,55.31,336,0,35,176,250,452
52011080001,70.49,0,7.91,32,48.27,793,0,89,360,543,1125
52011080014,79.01,0,9.17,35.78,52.06,689,0,80,312,454,872
52011080018,62.92,0,7.87,33.71,53.93,168,0,21,90,144,267
52011080019,74.25,0,8.58,34.14,52.24,398,0,46,183,280,536
52011080020,75.91,0.13,8.21,36.21,54.19,3394,6,367,1619,2423,4471
52011080021,75.24,0,7.77,39.32,50,155,0,16,81,103,206
52014050001,81.49,0,13.96,40.91,60.71,251,0,43,126,187,308
52014050002,78.11,0,10.03,37.1,51.04,981,0,126,466,641,1256
52014050003,80.39,0,14.24,46.44,61.45,734,0,130,424,561,913
52014050004,76.46,0,9.32,37.64,52.59,1345,0,164,662,925,1759
52014050005,83.4,0.58,11,40.07,56.09,1713,12,226,823,1152,2054
52014050008,69.7,0,9.27,37.19,52.98,759,0,101,405,577,1089
52014050009,78.35,0,13.03,39.79,62.85,445,0,74,226,357,568
52014050010,92.79,0,15.38,47.6,62.98,193,0,32,99,131,208
52017020002,74.06,0.84,5.02,25.94,41.42,354,4,24,124,198,478
52017020003,73.19,7.66,3.83,25.53,32.34,172,18,9,60,76,235
52045080003,72.71,0,10.09,40.19,56.07,389,0,54,215,300,535
52045080004,91.25,0,10.94,40.83,58.12,876,0,105,392,558,960
52045080005,79.93,0,6.39,33.52,49.6,701,0,56,294,435,877
52045080006,79.88,0,5.92,24.85,45.56,135,0,10,42,77,169
52045080007,66.79,0,7.34,32.48,47.89,364,0,40,177,261,545
52045080008,73.41,0,13.49,39.68,57.14,185,0,34,100,144,252
52055130001,92.22,0,10.56,35,45,166,0,19,63,81,180
52055130004,80.13,0,7.28,36.09,51.66,242,0,22,109,156,302
52055130006,74.19,0,6.05,27.82,44.56,368,0,30,138,221,496
52062060002,78.96,0,12.74,43.35,61.79,998,0,161,548,781,1264
52062060003,74,0,9.27,34.18,57.27,407,0,51,188,315,550
52087070014,69.76,0,7.14,27.14,49.05,293,0,30,114,206,420
52087070085,77.65,0,9.15,39,53.09,1129,0,133,567,772,1454
52087070087,70.36,0,5.82,20.78,35.73,254,0,21,75,129,361
52087070088,76.53,0,5.87,36.15,51.64,326,0,25,154,220,426
52087070089,72.01,0,7.48,29.31,46.92,597,0,62,243,389,829
52087070090,79.72,0.52,10.05,39.34,57.02,920,6,116,454,658,1154
52087070091,74.41,0,15.75,40.94,61.81,189,0,40,104,157,254
52087070092,88.89,0,11.11,36.67,45.56,80,0,10,33,41,90
52087070093,65.61,0,6.79,31.85,51.8,309,0,32,150,244,471
52087070094,77.27,0,11.76,43.05,57.49,289,0,44,161,215,374
52087070095,72.8,0,7.2,26.4,44.8,91,0,9,33,56,125
52087070096,58.73,0,3.97,21.43,38.89,74,0,5,27,49,126
52087070097,66.52,0,9.13,26.96,45.22,153,0,21,62,104,230
52087070100,70.12,0,4.27,18.29,35.37,115,0,7,30,58,164
52087070104,80.1,0,8.16,29.59,47.96,157,0,16,58,94,196
52087070105,65.76,0,8.69,30.99,52.36,628,0,83,296,500,955
52087070109,70.37,0,4.63,26.85,48.61,152,0,10,58,105,216
52087070110,67.35,0,4.75,23.16,39.28,823,0,58,283,480,1222
52087070113,66.34,0,5.21,20.7,31.69,471,0,37,147,225,710
52087070118,58.17,0,9.96,28.09,43.03,292,0,50,141,216,502
52087070120,71.82,0,7.63,32.09,48.43,734,0,78,328,495,1022
52087070123,65.09,0.58,5.82,26.69,43.2,895,8,80,367,594,1375
52087070124,60.16,2.44,3.25,0,0,74,3,4,0,0,123
52087070125,77.33,0,4.86,24.7,39.27,191,0,12,61,97,247
52087070128,66.08,0,7.89,32.46,51.17,226,0,27,111,175,342
52087070129,68.62,0,5.2,22.76,39.35,422,0,32,140,242,615
52087070131,71.27,0,7.89,29.72,46.48,506,0,56,211,330,710
52087070132,68.31,0,4.92,28.42,45.9,125,0,9,52,84,183
52087070133,71.77,0,5.24,30.24,48.79,178,0,13,75,121,248
52087070135,67.44,0,5.23,30.23,45.93,116,0,9,52,79,172
52087070143,89.74,0,9.23,33.33,48.72,175,0,18,65,95,195
52087070144,51.66,0,4.97,29.14,46.36,156,0,15,88,140,302
52087070147,71.1,0,6.94,30.64,44.51,123,0,12,53,77,173
52087070150,69.23,0,9.62,37.5,51.92,144,0,20,78,108,208
52087070151,72.8,0,3.35,22.18,35.56,174,0,8,53,85,239
52087070153,54.78,0,8.7,27.83,34.78,63,0,10,32,40,115
52087070154,77.88,0,5.82,30.09,44.12,616,0,46,238,349,791
52087070155,76.57,0,11.43,41.71,57.14,134,0,20,73,100,175
52087070156,48.92,0,3.61,21.69,33.49,203,0,15,90,139,415
52087070157,74.41,0,8.66,39.76,52.36,189,0,22,101,133,254
52087070158,70.31,0.55,7.25,32.42,50.21,514,4,53,237,367,731
52087070162,64.89,2.29,6.87,27.48,45.8,85,3,9,36,60,131
52087070163,63.22,0,4.98,25.67,39.08,165,0,13,67,102,261
52087070164,75.68,0,9.38,34.78,51.36,557,0,69,256,378,736
52087070165,73.84,0,5.73,28.32,45.16,206,0,16,79,126,279
52087070170,65.9,0,6.41,23.85,39.49,257,0,25,93,154,390
52087070175,68.88,0,4.51,24.47,39.19,290,0,19,103,165,421
52087070177,70.36,0,6.79,33.93,48.21,197,0,19,95,135,280
52087070178,67.88,0,8.64,29.02,45.42,393,0,50,168,263,579
52087070180,75.33,0,3.33,26.67,44,113,0,5,40,66,150
52087070181,70.68,0,6.28,0,0,135,0,12,0,0,191
52087070182,55.17,0,6.9,0,0,80,0,10,0,0,145
52087070184,65.85,0,4.62,23.12,36.92,1541,0,108,541,864,2340
52087070187,87.54,0,10.49,46.56,62.62,267,0,32,142,191,305
52087070189,73.08,0.61,9.31,40.28,55.67,361,3,46,199,275,494
52092000001,84.18,0,7.07,34.34,51.18,250,0,21,102,152,297
52104060001,76.23,0,12.01,45.34,63.97,311,0,49,185,261,408
52104060002,66.84,0,5.7,32.12,43.01,129,0,11,62,83,193
52104060003,73.18,0,7.82,23.46,36.87,131,0,14,42,66,179
52119090001,76.25,0,10.53,36.07,53.27,594,0,82,281,415,779
52119090002,72.08,0,9.4,33.05,49,253,0,33,116,172,351
52125010004,80.53,0.5,5.12,27.23,41.09,488,3,31,165,249,606
52125010005,74.93,0,6.87,39.4,54.93,251,0,23,132,184,335
52125010006,77.41,0,9.24,38.41,53.41,1316,0,157,653,908,1700
52125010007,65.37,0.6,5.55,29.69,46.93,436,4,37,198,313,667
52125010008,76.64,0,8.88,41.12,56.91,233,0,27,125,173,304
52125010009,71.75,0,3.39,31.64,48.02,127,0,6,56,85,177
52125010011,68.17,0,4.77,20.42,35.54,257,0,18,77,134,377
52125010013,59.69,0,7.75,24.03,44.19,77,0,10,31,57,129
52131030001,64.75,0,3.28,22.13,41.8,79,0,4,27,51,122
52131030003,85.39,0,8.99,32.58,48.31,76,0,8,29,43,89
52131030004,76.56,4.77,14.11,38.38,56.64,369,23,68,185,273,482
52152310005,80.56,0,8.62,38.79,56.35,1757,0,188,846,1229,2181
52152310007,73.98,0,9.05,33.48,53.39,327,0,40,148,236,442
52152310008,79.33,0,10.24,39.29,55.12,426,0,55,211,296,537
52152310009,81.73,0,10.38,37.88,56.54,425,0,54,197,294,520
52152310010,74.76,0,8.32,35.42,53.72,764,0,85,362,549,1022
52152310011,74.78,0,7.66,33.84,50.44,928,0,95,420,626,1241
52152310012,74.89,1.03,8.22,34.65,50.22,510,7,56,236,342,681
52152310013,74.55,1.2,10.62,35.87,54.91,372,6,53,179,274,499
52152310014,73.02,0,7.18,31.09,49.85,498,0,49,212,340,682
52152310016,76.23,0.2,8.95,35.9,54.68,1924,5,226,906,1380,2524
52152310017,67.26,0,8.93,36.9,51.19,113,0,15,62,86,168
52152310018,67.44,0,8.68,34.6,48.98,497,0,64,255,361,737
52152310019,75.03,0,8.66,36.26,56.71,598,0,69,289,452,797
52152310020,64.58,0,7.29,26.04,47.4,124,0,14,50,91,192
52156030002,75.32,0,8.32,34.65,51.05,1837,0,203,845,1245,2439
52176090001,79.29,0,12.06,38.87,56.88,559,0,85,274,401,705
52176090002,84.89,0,7.65,38.62,57.55,444,0,40,202,301,523
52176090003,92.55,0,6.38,35.11,47.87,87,0,6,33,45,94
52176090004,84.8,0,14.22,41.67,57.35,173,0,29,85,117,204
52176090006,77.41,0,11.76,37.18,57.18,329,0,50,158,243,425
52176090007,75.09,0,8.3,32.18,50.87,217,0,24,93,147,289
52176090008,85.71,0.82,11.54,35.44,51.65,312,3,42,129,188,364
52188050001,79.54,0,7.23,35.74,54.98,583,0,53,262,403,733
52188050006,89.05,0,8.13,39.58,58.66,252,0,23,112,166,283
52188050007,80.45,0,8.94,37.99,49.72,144,0,16,68,89,179
52197530002,68.48,0,8.15,26.63,44.57,126,0,15,49,82,184
52197530003,68.23,0,4.21,21.72,31.77,421,0,26,134,196,617
52197530005,79.2,0,8.26,43.73,57.8,259,0,27,143,189,327
52197530009,71.18,0,6.63,31.94,50.74,526,0,49,236,375,739
52204540001,74.82,0,6.52,27.06,45.11,1355,0,118,490,817,1811
52204540002,72.98,0,7.83,33.59,51.01,289,0,31,133,202,396
52204540003,74.9,0,5.02,32.43,48.26,194,0,13,84,125,259
52206030001,80.58,0.32,10.23,39.24,54.31,1000,4,127,487,674,1241
52216010001,77.06,0,9.17,34.4,48.62,336,0,40,150,212,436
52218580002,80.09,0,9.67,38.94,56.55,1987,0,240,966,1403,2481
52218580003,73.94,0,7.09,31.31,48,647,0,62,274,420,875
52218580005,80.69,1.49,11.39,44.06,61.39,163,3,23,89,124,202
52218580006,77.01,0,7.66,33.21,49.27,211,0,21,91,135,274
52223020001,76.44,0,8.62,33.33,46.55,133,0,15,58,81,174
53001080003,87.94,0,13.48,36.88,54.61,124,0,19,52,77,141
53001080014,75.79,0.14,7.75,36.25,56.07,6150,11,629,2942,4550,8115
53001080019,77.95,0,9.61,36.64,53.32,2927,0,361,1376,2002,3755
53001080020,75.92,0,8.7,32.44,54.18,227,0,26,97,162,299
53001080021,74.46,0.07,7.84,35.35,52.4,52799,47,5559,25069,37157,70908
53001080022,68.06,0.84,5.64,25.89,45.09,326,4,27,124,216,479
53001080023,75.09,0,8.24,34.38,51.26,1103,0,121,505,753,1469
53001080024,64.62,0,6.05,25.17,41.23,1602,0,150,624,1022,2479
53001080025,75.49,0.39,8.53,35.02,53.88,2522,13,285,1170,1800,3341
53001080028,81.91,0,9.56,31.78,49.1,317,0,37,123,190,387
53001080029,74.33,0.05,7.88,35.87,53.52,5989,4,635,2890,4312,8057
53001080030,78.07,0,9.12,37.19,56.05,890,0,104,424,639,1140
53001080031,76.17,0,5.12,29.18,44.32,342,0,23,131,199,449
53001080032,80.42,0,7.96,37.61,57.43,990,0,98,463,707,1231
53001080033,77.22,0,7.79,32.97,50.84,644,0,65,275,424,834
53001080034,79.58,0,8.54,29.58,49.17,382,0,41,142,236,480
53001080035,77.31,0.22,7.61,34.48,52.01,1036,3,102,462,697,1340
53001080036,84.7,0,8.39,37.11,51.78,404,0,40,177,247,477
53001080037,68.65,0.23,6.7,32.75,50.89,6999,23,683,3339,5188,10195
53001080038,70.09,0.17,6.58,29.93,46.84,3738,9,351,1596,2498,5333
53001080039,66.23,0.46,6.93,30.77,49.54,1567,11,164,728,1172,2366
53001080041,73.44,0.18,6.61,29.63,47.72,1222,3,110,493,794,1664
53001080042,77.11,0.74,7.72,36.76,56.22,1779,17,178,848,1297,2307
53001080043,70.59,0.98,6.86,35.05,51.72,288,4,28,143,211,408
53001080044,73.13,0,6.35,26.87,48.49,656,0,57,241,435,897
53001080045,75.47,0,6.48,29.18,50.36,1037,0,89,401,692,1374
53001080046,78.76,0,4.72,29.83,48.28,367,0,22,139,225,466
53001080047,77.11,0,5.8,31.34,47.6,465,0,35,189,287,603
53001080048,76.08,0.27,8.96,35.67,52.16,13109,46,1544,6147,8988,17231
53001080049,68.24,0,6.12,29.22,44.79,780,0,70,334,512,1143
53001080050,78.52,0.68,7.84,35,54.55,691,6,69,308,480,880
53001080051,75.28,0,6.97,35.18,52,734,0,68,343,507,975
53001080055,72.75,0,7.5,33.96,49.4,2667,0,275,1245,1811,3666
53001080056,79.22,0,9.69,37.68,53.3,4964,0,607,2361,3340,6266
53001080057,76.21,0,12.64,43.31,60.59,410,0,68,233,326,538
53001080058,81.44,0.21,10.49,42.52,59.49,1584,4,204,827,1157,1945
53001080059,84.74,0,7.89,43.68,57.89,161,0,15,83,110,190
53001080060,77.23,0.79,9.42,39.79,53.93,295,3,36,152,206,382
53001080061,73.03,0,9.84,37.91,54.19,601,0,81,312,446,823
53001080062,85.56,0,11.67,40,55.56,154,0,21,72,100,180
53001080063,72.62,0,7.38,31.66,48.98,679,0,69,296,458,935
53001080064,73.11,0,9.24,41.18,56.3,87,0,11,49,67,119
53001080065,81.77,0,8.85,41.93,47.4,314,0,34,161,182,384
53001080066,86.45,0,13.15,47.81,64.94,217,0,33,120,163,251
53001080067,85.14,0,12.85,43.74,60.6,510,0,77,262,363,599
53001080068,74.47,0,7.45,42.55,51.06,70,0,7,40,48,94
53001080069,78.62,0,11.32,44.3,62.19,1125,0,162,634,890,1431
53001080070,69.37,0,9.27,34.88,51.74,1452,0,194,730,1083,2093
53001080071,64.76,0,4.76,29.52,44.76,68,0,5,31,47,105
53001080072,80.37,0,10.28,37.38,51.87,172,0,22,80,111,214
53001080073,66.67,0,6.55,31.55,48.21,112,0,11,53,81,168
53001080075,73.57,0.55,10.53,40.46,57.57,671,5,96,369,525,912
53001080076,84.62,0,10.54,39.6,55.34,1188,0,148,556,777,1404
53001080077,78.37,0,10.88,40.24,58.98,598,0,83,307,450,763
53001080079,80.98,0.15,11.39,42.23,60.78,7724,14,1086,4028,5797,9538
53001080080,74,0,9,33.67,48.67,222,0,27,101,146,300
53001080081,78.62,0,5.94,23.28,37.77,331,0,25,98,159,421
53001080089,69.12,0.08,8.31,33.9,48.54,8147,10,979,3996,5721,11787
53001080090,82.55,0,14.02,40.5,58.26,265,0,45,130,187,321
53001080094,74.93,0,9.16,38.54,57.14,278,0,34,143,212,371
53001080095,74.27,0,8.74,35.38,53.67,739,0,87,352,534,995
53001080096,66.67,0,7.41,31.05,46.72,234,0,26,109,164,351
